unit_id,terminal_status,measured,executed,success
unit-5717b7a8869da62b4729c4b274b2ccba,ABSTAINED,True,False,
unit-bccc46def7fbed17bf3c783d42363716,ABSTAINED,True,False,
unit-358f4670d15da18bc0bca91989c9d1bf,ABSTAINED,True,False,
unit-7c93a4e94502ab25785fa0aa333e44d5,ABSTAINED,True,False,
unit-e821aab7abca1cab80d51dfee79de938,ABSTAINED,True,False,
unit-a183d0d084b95d4c707840c3db8bedf5,ABSTAINED,True,False,
unit-c3ce8aad32b2f05302741a98f9f0e22c,RECORDED,True,True,False
unit-5f2fd5498188f0601cfae08386149e00,ABSTAINED,True,False,
unit-eb6dc49401adc40ae467286b27789717,ABSTAINED,True,False,
unit-f9170b15401f0461c5b6abba53608589,ABSTAINED,True,False,
unit-836a75bd937446f51c144d386d28ba75,ABSTAINED,True,False,
unit-9b17b2fc12e6d9da8d04d2b1fb824f09,RECORDED,True,True,False
unit-1507842003482a42b6a7f699118ecc22,ABSTAINED,True,False,
unit-3f2ac96d55d9fdccb9bfcd3f0979a29e,ABSTAINED,True,False,
unit-bea2ea551eae1a6a94f5f4500949f150,RECORDED,True,True,False
unit-2cee91393aae66c18bf3089263d2803c,RECORDED,True,True,False
unit-78b757a75132beb9acaad29d4ea9d4aa,ABSTAINED,True,False,
unit-9cf39e466bad8f4d2205af9315dae6cc,ABSTAINED,True,False,
unit-bc25bda860d9bd411640c01173cf5a34,ABSTAINED,True,False,
unit-4857750cf7f63aa16fb067a306e133c4,ABSTAINED,True,False,
unit-66466ab7524b4df78413066d05e98ccf,ABSTAINED,True,False,
unit-46c7d571ac4f95a8f69a0936bf4f5a91,ABSTAINED,True,False,
unit-cd6a726cc96f8fa3648bb77d63294e2f,RECORDED,True,True,False
unit-8dff30401506ab30d98f79f5a503f50b,RECORDED,True,True,False
unit-9bca48fa23af7929b05eac3dbf11a985,ABSTAINED,True,False,
unit-0c488e8749dcab428f41976ae922b198,ABSTAINED,True,False,
unit-db545426089c4df5f1eb800403b0e2ec,RECORDED,True,True,False
unit-079f98cf60cdeba2eadc55e1c42117f4,RECORDED,True,True,False
unit-eaf5c34ff13072c8d974b9f669a43bfa,RECORDED,True,True,False
unit-013e94c153048e4953eb873f6a7b760e,RECORDED,True,True,False
unit-4f77a0a31cc89eae24e85d1579516815,RECORDED,True,True,False
unit-1bb09c1045c3fa79cb6093ce35fe26ec,RECORDED,True,True,False
unit-8a534baaaff50bbcaaabc37bbdc943f8,RECORDED,True,True,False
unit-236460ee2d6eb165e8e6d67ae25f97b0,RECORDED,True,True,False
unit-c0361d483e66140e77295760522d28c6,RECORDED,True,True,False
unit-11dc714abd734e65d8cfcdc1a8ba726b,RECORDED,True,True,False
unit-368692ad0663040ceb51b87a03c08763,RECORDED,True,True,False
unit-4eb0d2fda65f6901a940fbf831a75553,RECORDED,True,True,False
unit-48b26324a0370ddac9a569f52d6c12c8,RECORDED,True,True,False
unit-572a7de967ebd11d2fa8fbd8c4158668,RECORDED,True,True,False
unit-531d675dee758d363eb61e56eb53708d,RECORDED,True,True,False
unit-71d37edfafdf3643310035913d1a0e6a,RECORDED,True,True,False
unit-c00a75e7c5da13f3ead73faa038c9663,RECORDED,True,True,False
unit-e17807b638f73b2a3f6bb709d5e7e30e,RECORDED,True,True,False
unit-328f572c30a3c6cef658560ccc600165,RECORDED,True,True,False
unit-1760c6e87542d19603156606ab5b3935,RECORDED,True,True,False
unit-0ffdee8cef7b73eb006cfc040ac079c6,RECORDED,True,True,False
unit-f3634b6fef99590f4ee44b9976623220,RECORDED,True,True,False
unit-d627b222f5eb90642fc6eeea4836e13a,RECORDED,True,True,False
unit-de18de0d52ea1c3110ffbbb398bbb37f,RECORDED,True,True,False
unit-bf14f3660392dc38188144d32a896cbb,RECORDED,True,True,False
unit-0435948b43cdfcc81f0c0ac860507329,RECORDED,True,True,False
unit-445ffed66b409b6ec4409d9d519cffbf,RECORDED,True,True,False
unit-c3886143e7b8d38949f9aecbb01f3bf9,RECORDED,True,True,False
unit-5aed252687052b28331b63a7f38fb465,RECORDED,True,True,False
unit-4bf6314267fc68bbc9640e07c04497fc,RECORDED,True,True,False
unit-1643146b680689d2bfec0c7354a9cf4f,RECORDED,True,True,False
unit-5b892ca7585b88553e0c4561274ddb0a,RECORDED,True,True,False
unit-d70116209722cbb2eccfa7d78c26b1fb,RECORDED,True,True,False
unit-cfe4772dfb43b3b659a73ce6969d49f0,RECORDED,True,True,False
unit-4e2b8249d4e389a8fd2155b71564af1b,RECORDED,True,True,False
unit-11842fa1bc363b52eb55e7088036adf6,RECORDED,True,True,False
unit-afb372ee846f532b9692a302ad7aa83d,RECORDED,True,True,False
unit-17873d1823e2d3c3b7e30b9a638f5636,RECORDED,True,True,False
unit-e48d5dc09b54476260607a2e3fa728af,RECORDED,True,True,False
unit-752177ea9709f3add63e7b55749ebe3a,RECORDED,True,True,False
unit-64bf3ab472ea0a92118e4ce323daa4c4,RECORDED,True,True,False
unit-7bc15c65f589a8a5c946b6a40fecfb61,RECORDED,True,True,False
unit-117e22b185e735def98ee4d7249408d8,RECORDED,True,True,False
unit-177170267eb5fdf4dc9daa71f4c1cbcf,RECORDED,True,True,False
unit-44d1fecf25f1c018948d60f94cb50e99,RECORDED,True,True,False
unit-5661e68ed5e5f5f2f13726416700b5de,RECORDED,True,True,False
unit-1925199297d26d913f28e20f8bd339d8,RECORDED,True,True,False
unit-6730744f1d21553f1de7dedb3d6aa4fb,RECORDED,True,True,False
unit-a2256a87622703f70f4e01eeaa37209d,NOT_SCHEDULED,False,,
unit-13f3b237b00d063031efde146df288f0,BUILD_FAILED,True,False,
unit-b94b45e4fc26cde89f8429615160535f,BUILD_FAILED,True,False,
unit-5037e713008f7afdf7921858f8c35640,BUILD_FAILED,True,False,
unit-8cae455f2302baa1491ec97d4ef3d89d,BUILD_FAILED,True,False,
unit-97185e0dc79e3749525033ae355c8f30,NOT_SCHEDULED,False,,
unit-99bb5953af0156f37db43e8b5a368c6b,BUILD_FAILED,True,False,
unit-16d78a00314ce748a7494f18dadd8672,BUILD_FAILED,True,False,
unit-294aff4f0e04b2b654a681a23eb18f0e,BUILD_FAILED,True,False,
unit-e9beb63515b5275b8488fa7d392eecb1,BUILD_FAILED,True,False,
unit-ea771deb6987949b9a89cca0ffa1bbd7,NOT_SCHEDULED,False,,
unit-7c6a9125e6a43dbabf7bac1a3e409455,BUILD_FAILED,True,False,
unit-ff02fb4ad45e4dd1d0395f03f2b61991,BUILD_FAILED,True,False,
unit-00f44aa3cfbce54d1d4912f4e7d32889,BUILD_FAILED,True,False,
unit-c5176da2e4030399f16aac27a49ab1ae,BUILD_FAILED,True,False,
unit-af2a345872d290b00dd79867e9419a46,NOT_SCHEDULED,False,,
unit-0ee239df6ced8c9e898b26b3e44b9171,BUILD_FAILED,True,False,
unit-4cad35b25d88c3052537790178ae7b15,BUILD_FAILED,True,False,
unit-b0dbeae7d998599a28274b552df6ab79,BUILD_FAILED,True,False,
unit-f7f0f30a8ae1281958f95b24323c2484,BUILD_FAILED,True,False,
unit-74d8687251467a15c621f34279bda2c8,NOT_SCHEDULED,False,,
unit-83addc3ba38b509c7b9adf459629fb62,BUILD_FAILED,True,False,
unit-a313353c6eed4746e26cb8376e5a9361,BUILD_FAILED,True,False,
unit-e0eea03f029d8493eba94603ff025468,BUILD_FAILED,True,False,
unit-f3feae5d8f5f93c19d52da3d8a9f1ca9,BUILD_FAILED,True,False,
unit-317bbd253abbb241ce2f476cd296cfde,NOT_SCHEDULED,False,,
unit-2e989e9986b7273e5973cdcbb1491cb0,BUILD_FAILED,True,False,
unit-72bdf54ac1c08dd9c5c6451c6fd3ed4d,BUILD_FAILED,True,False,
unit-49403e4a4e7e11a37ecea30a546f890f,BUILD_FAILED,True,False,
unit-789b5f833e2126d9fac1cd0de741040b,BUILD_FAILED,True,False,
unit-b06e40cfb83470742475337ad9043cac,NOT_SCHEDULED,False,,
unit-263f20e002c37a6016aa38698d9f4ea2,BUILD_FAILED,True,False,
unit-2601285d4844d38dbeeecf265d839fce,BUILD_FAILED,True,False,
unit-8d70876eec3de6f3880bfab881c7d277,BUILD_FAILED,True,False,
unit-401c0803a9dc80b4640a41113997038b,BUILD_FAILED,True,False,
unit-4a584d4b772065855685f1f8fa8c9917,NOT_SCHEDULED,False,,
unit-4dbbb8b0d10a042219d8665701847fc1,BUILD_FAILED,True,False,
unit-b727dd0802910f9ee65e8ff8f983e961,BUILD_FAILED,True,False,
unit-abc127d7a006589c16542d039c54c709,BUILD_FAILED,True,False,
unit-5ed1646b78da9cd6f584c5f05fae568c,BUILD_FAILED,True,False,
unit-1dc82a3d9d2da717b5da8d1f14cd2cf4,NOT_SCHEDULED,False,,
unit-5fc030e7455abd3cc5b9e182d1dde437,BUILD_FAILED,True,False,
unit-0010e75f87d08cd397041ebb4b29cbe1,BUILD_FAILED,True,False,
unit-93223b65137dbd436284997a9bf6a818,BUILD_FAILED,True,False,
unit-a7e254483c98e2e7a2a689195f810250,BUILD_FAILED,True,False,
unit-ed15e00417c814dc8f40d21d9b3e92ad,NOT_SCHEDULED,False,,
unit-25eee67b1ada8d7c0ea18a72c7367353,BUILD_FAILED,True,False,
unit-d56784885ec784c6546cafa599a879f7,BUILD_FAILED,True,False,
unit-d3b3a2985effe83f4ed7f8fddea544ab,BUILD_FAILED,True,False,
unit-f28271ad87817fe38135117b2204b500,BUILD_FAILED,True,False,
unit-b11d04b89307a404cb1d9d98915b76b0,NOT_SCHEDULED,False,,
unit-e45a22bd17ef76e78f75c4cccd51da11,BUILD_FAILED,True,False,
unit-52537b5597dc273886ffe0b1022f470b,BUILD_FAILED,True,False,
unit-7111f1b7b9c14fa194cf687666759582,BUILD_FAILED,True,False,
unit-38f3c39e365ec946fec78edf484cd90e,BUILD_FAILED,True,False,
unit-95c1b7a08e98e61076e4c26d3e61d4a4,NOT_SCHEDULED,False,,
unit-bab6111344016ef170d04f558bb55470,BUILD_FAILED,True,False,
unit-33db4095fca121c1eaaa3eeb3c3d2fb1,BUILD_FAILED,True,False,
unit-11e51a0e9e0367629a9794526769066f,BUILD_FAILED,True,False,
unit-ea78f0c5322766b59f0545971fb44b06,BUILD_FAILED,True,False,
unit-9e20aeb7d3638000581699b5b2627906,NOT_SCHEDULED,False,,
unit-b791ea18ae2111c9f077cdcfc42dd75a,BUILD_FAILED,True,False,
unit-85a211e953f6b3f8252586617906692e,BUILD_FAILED,True,False,
unit-be3fef38db8b129e7ce80f028f1a9738,BUILD_FAILED,True,False,
unit-06df98c58ef1efd75312c8cd0fcce894,BUILD_FAILED,True,False,
unit-e7548b1d9ec825f5a4fb4dd9fda72e08,NOT_SCHEDULED,False,,
unit-e7d494d8b2bfdfc54ed836fd315ec13d,BUILD_FAILED,True,False,
unit-c15c550719b259d95fb389574d6edea1,BUILD_FAILED,True,False,
unit-4254aec813ae8eb19e24cc2726dbdb9b,BUILD_FAILED,True,False,
unit-a15096e5653b9fb59993f836a743eae4,BUILD_FAILED,True,False,
unit-6149c0110625324096687adb6563f97e,NOT_SCHEDULED,False,,
unit-9d651f717d809de89e98c1ab9a3e2e05,BUILD_FAILED,True,False,
unit-e7f3408818759889d7e3655e16e81ac9,BUILD_FAILED,True,False,
unit-6b57167b28c8a86feb24715c1c4bcb6c,BUILD_FAILED,True,False,
unit-180064dcca677da02c0b17d629b80afa,BUILD_FAILED,True,False,
unit-7a27ac31bc96985cb1ae8d8c882d4a30,NOT_SCHEDULED,False,,
unit-533c1b948696899b91a2278318a748a4,BUILD_FAILED,True,False,
unit-e22332b8f7a250f32c5a8d2713ed2a9d,BUILD_FAILED,True,False,
unit-6f8d3bc9f2d790b70923bcf3fedca786,BUILD_FAILED,True,False,
unit-3150dc926105298a8e5aaf86c0b3f45d,BUILD_FAILED,True,False,
unit-858ceeb7d151534ab92c4a3ab472ee1d,NOT_SCHEDULED,False,,
unit-4a7b2ead9d4b5064c6dab82fa33b01c7,BUILD_FAILED,True,False,
unit-7989809b2704902787edb44dfd9463ac,BUILD_FAILED,True,False,
unit-885ab26dd819140198e48ddd9006414f,BUILD_FAILED,True,False,
unit-a8ca503e8d173e934fbf459908494afe,BUILD_FAILED,True,False,
unit-f4fa8fc77ca66f7558d7ed49fcd0715a,NOT_SCHEDULED,False,,
unit-7db31b2624e8d1b94a6d8e4250e59864,BUILD_FAILED,True,False,
unit-dea4b47530cc3572df1c4d9040fd9f18,BUILD_FAILED,True,False,
unit-a4b6612d73720f0b36f619459d0263be,BUILD_FAILED,True,False,
unit-7bdf39e5209b139a86be83add3709116,BUILD_FAILED,True,False,
unit-a8695386e6907df52a075bd3e19302ce,NOT_SCHEDULED,False,,
unit-c213418bcf263b8346b956471d4d7c09,BUILD_FAILED,True,False,
unit-d0ab47d6f4c1d4f5b93c35df9ae57391,BUILD_FAILED,True,False,
unit-78d1d22ffc5189322f557d4799bae06f,BUILD_FAILED,True,False,
unit-00f1451294714938c3be52c2d7c6d616,BUILD_FAILED,True,False,
unit-015527aaf5875c2b0ae7fe2afbc35da7,NOT_SCHEDULED,False,,
unit-ae2cfe340610c839910eb330b26e1e47,BUILD_FAILED,True,False,
unit-6d99960316884758c0a6613d042860fc,BUILD_FAILED,True,False,
unit-4733bd50b80c9b3651537906c5ae3a57,BUILD_FAILED,True,False,
unit-da39af0ee2d99597f2133da106916b13,BUILD_FAILED,True,False,
unit-6282d13c8b4ce4b564fe972238de5ce4,NOT_SCHEDULED,False,,
unit-8a5510daff1d82705eca8233131494a2,BUILD_FAILED,True,False,
unit-5ce5a2c47262dc06f2dc3a7298772b4f,BUILD_FAILED,True,False,
unit-aa9ae242209018618b84faffbf98ec14,BUILD_FAILED,True,False,
unit-0bcca7ce9ee09872360b9153a67cc176,BUILD_FAILED,True,False,
unit-faa6b08c8c05d4d723e01b1601cbfd2e,NOT_SCHEDULED,False,,
unit-2625f15b99a12f65c26f7a9e7583ccac,BUILD_FAILED,True,False,
unit-e8e9c09708e2bc7eeeb89880cfaa125c,BUILD_FAILED,True,False,
unit-6616c9779fe046fa5b1f5ffc0027388d,BUILD_FAILED,True,False,
unit-c316a8e63f09805ad92afff088e9aa66,BUILD_FAILED,True,False,
unit-c494a5a5dfbbd87a20dc8dba2235878b,NOT_SCHEDULED,False,,
unit-61cd75d853c880f83108c8c5dc6102ca,BUILD_FAILED,True,False,
unit-c0e792d164881c7d8f2d59b34f34da68,BUILD_FAILED,True,False,
unit-f7f39dfac40b62087144ecb298d1bd85,BUILD_FAILED,True,False,
unit-3bf85d13882bca00953088e128bdd8ea,BUILD_FAILED,True,False,
unit-c26c938ff640ecb11b6c1c94bf718321,NOT_SCHEDULED,False,,
unit-8e698996e000e30c4850bd70eb06b871,BUILD_FAILED,True,False,
unit-26cedfbbcbfcc2dac0db12479eea82d2,BUILD_FAILED,True,False,
unit-4c7ee7fc6563b80475d794e5ed4cd1d9,BUILD_FAILED,True,False,
unit-684b14642544f97f3c783f0a459d8deb,BUILD_FAILED,True,False,
unit-1070aa8ec59909cdb3b40e3c90874b49,NOT_SCHEDULED,False,,
unit-fad4b8992e5109d08cc87088ef12c561,BUILD_FAILED,True,False,
unit-d6da58edeb1d5f48e4b13c7d2e19beeb,BUILD_FAILED,True,False,
unit-f8237352710e4a6c9bd110f5cabd60f1,BUILD_FAILED,True,False,
unit-f9874771b41c20f927bb22efc246a282,BUILD_FAILED,True,False,
unit-945ffcba289b5eae54c72cb29a737bcb,NOT_SCHEDULED,False,,
unit-92a4b2e3422e31c99ca14d3361da3295,BUILD_FAILED,True,False,
unit-9360fb454553335345e49cd3bc16847d,BUILD_FAILED,True,False,
unit-78aaeb7d55fc6051a4bc7af3014b02de,BUILD_FAILED,True,False,
unit-bb8fb45ba2575864eb88085774140bf8,BUILD_FAILED,True,False,
unit-3f53d3b7cdf774370e7992127d685b30,NOT_SCHEDULED,False,,
unit-4de058cda6ccd7fcee2bd752fd14cdd2,BUILD_FAILED,True,False,
unit-994cb274525815a7585344625d76f969,BUILD_FAILED,True,False,
unit-d29e5c052a77102e3149a3ed8e71e83f,BUILD_FAILED,True,False,
unit-39a2f2409d80948fcf1a22f69d530aef,BUILD_FAILED,True,False,
unit-d13f16739f54baa559e418e9f162b547,NOT_SCHEDULED,False,,
unit-c008ec7223b584bc5d0b962a2b55b2f3,BUILD_FAILED,True,False,
unit-b8249a521d30260a72960c68af50aea5,BUILD_FAILED,True,False,
unit-2121766a5f73a44fc273ddb4be8ccf6f,BUILD_FAILED,True,False,
unit-46a5c463e1a1b5a06dc6ca782e1540b5,BUILD_FAILED,True,False,
unit-8da54163b5df32dc96afd5a15c2b36a8,NOT_SCHEDULED,False,,
unit-c146b86a6e5db90c57718b4fc292a8a0,BUILD_FAILED,True,False,
unit-0046ed59707cec5aa300741fa7931f7d,BUILD_FAILED,True,False,
unit-193565a1c622ec985a8b84e3b094d251,BUILD_FAILED,True,False,
unit-ba2b4f4aee841ea7745cc6a9b1f357ff,BUILD_FAILED,True,False,
unit-350ff0c7fb4192e1f184df32f7fbbdb4,NOT_SCHEDULED,False,,
unit-aad16c3a99385301b211b0cf380536fb,BUILD_FAILED,True,False,
unit-65ba4e1a246ea3afb2eda36cf0564a44,BUILD_FAILED,True,False,
unit-d47f472e5f538bbf94a0a4b198d86736,BUILD_FAILED,True,False,
unit-061396c393b7df6467b50c63f56c4c76,BUILD_FAILED,True,False,
unit-85d60cd247d0b9b6db1bb29a25d9b4d5,NOT_SCHEDULED,False,,
unit-76f69dcfb76f972e93db30dfff292a27,BUILD_FAILED,True,False,
unit-1e9cbd56263d4a157c81a63e080daf38,BUILD_FAILED,True,False,
unit-8faaa2679ca1fd0eeb525403d2a3199b,BUILD_FAILED,True,False,
unit-6cc8a27da72781be8d66e0ea371e803e,BUILD_FAILED,True,False,
unit-e98abd0ea70054215298aa79a600941c,NOT_SCHEDULED,False,,
unit-0ebd404466dd103c28d9dae0fd8c84a2,BUILD_FAILED,True,False,
unit-a0895616ce98eb87b0be5113ac90ac87,BUILD_FAILED,True,False,
unit-86cd3264993f5ed0d54b92f63a9a3a48,BUILD_FAILED,True,False,
unit-0ff9fe7be53668d771f4c7b86a7469e0,BUILD_FAILED,True,False,
unit-06edfdff3e78343a9a0dd465f04fd137,NOT_SCHEDULED,False,,
unit-e43325f16e11627a3b5fdf0d35953af2,BUILD_FAILED,True,False,
unit-cf889e121e80cc5a0f3cc48e6dcb0263,BUILD_FAILED,True,False,
unit-6ed403a6ef9d22ecf38371fc574c305f,BUILD_FAILED,True,False,
unit-d46c4fce2514b8b03b9a1e25f7ef1c38,BUILD_FAILED,True,False,
unit-8d55537880b336e9c983e80f791735f4,NOT_SCHEDULED,False,,
unit-c795b58c04e053c3712c13cc7d385388,BUILD_FAILED,True,False,
unit-1df0a30a3cf5614160f506c3cc0c088d,BUILD_FAILED,True,False,
unit-83a8443c675a52a3db678d2918820dd4,BUILD_FAILED,True,False,
unit-f277b8f2a2b0d02a994b0d42684582f6,BUILD_FAILED,True,False,
unit-664752787b2bf8904f70e91e52174872,NOT_SCHEDULED,False,,
unit-b38952828d5936cae4bab4748692d298,BUILD_FAILED,True,False,
unit-4626123cf80b999157515eb3469d6f7f,BUILD_FAILED,True,False,
unit-c84d82c7c15d8def938548df41fec250,BUILD_FAILED,True,False,
unit-c8a59a860bde6cd6e701389bc6c111f3,BUILD_FAILED,True,False,
unit-e287c44091d8271525a8077dede43ad9,NOT_SCHEDULED,False,,
unit-cd5a1f0c1d1c477f02f777d55a4e9c10,BUILD_FAILED,True,False,
unit-4360ad9103842084f71e16e7164cfd1f,BUILD_FAILED,True,False,
unit-0b0cc55d4be3a83c094157c9e33076a8,BUILD_FAILED,True,False,
unit-bca3e4c4968787d13d47de1582c738d2,BUILD_FAILED,True,False,
unit-3701c578c091af6e314f2d622d703087,NOT_SCHEDULED,False,,
unit-4fa1c90f53b40ad0b6e8bf4c0877eea5,BUILD_FAILED,True,False,
unit-3983787704e1a4f9988374481a867a9e,BUILD_FAILED,True,False,
unit-a4f71f61905430fda5a4016c32efba6b,BUILD_FAILED,True,False,
unit-c48320d4fe99bc1577511131ef087a71,BUILD_FAILED,True,False,
unit-83880e56e9e9d7adc1e99a38b345b010,NOT_SCHEDULED,False,,
unit-c0984616a0791bae34cb7df567ed5d5f,BUILD_FAILED,True,False,
unit-ac00acab0745b194e4961ed30445f877,BUILD_FAILED,True,False,
unit-9a2316d7fd1704496266c63f0d26b698,BUILD_FAILED,True,False,
unit-722b31deb47407727ef299f1300eaaa7,BUILD_FAILED,True,False,
unit-fdb882eca60855d53e4b90c1b7cad6a1,NOT_SCHEDULED,False,,
unit-abd409ecb39ffc40784f77697599268b,BUILD_FAILED,True,False,
unit-95bd78d6a44728e491c9030218765d89,BUILD_FAILED,True,False,
unit-a924604daed428151adec24c06d76cd4,BUILD_FAILED,True,False,
unit-e433a0c967f83ae75cc591bf30d1de72,BUILD_FAILED,True,False,
unit-b869a78d959784f75669244d4deb2145,NOT_SCHEDULED,False,,
unit-de27d1911e6c1aba7c0b138ab352f44a,BUILD_FAILED,True,False,
unit-e9be31518f337094b4207d3e2ddfc54c,BUILD_FAILED,True,False,
unit-84136615bc1c0c1af02793b97eddab27,BUILD_FAILED,True,False,
unit-8389b643628f0990f841dfbc66936474,BUILD_FAILED,True,False,
unit-5c63d05348e370ad630624473d0a98e9,RECORDED,True,True,False
unit-247dc353b11b66aa4f97faf2afcd0143,RECORDED,True,True,False
unit-4b571d665e406f7a6eeb861c7b4856d3,ABSTAINED,True,False,
unit-0fc81f33238b60962f0e0ea6316f1758,ABSTAINED,True,False,
unit-a4221645220249e705cbd8adc028dc5d,RECORDED,True,True,False
unit-3ed1efd0f061ecd1447f70e6fc699c89,RECORDED,True,True,False
unit-2cfaf5af3cab8f8bd1130323846ebd68,ABSTAINED,True,False,
unit-2fe5f8cf886143d3a369e4d4d6d46f9e,ABSTAINED,True,False,
unit-5f67950d8fa3b46e70308854fee7cdea,RECORDED,True,True,False
unit-347c8299dd6ea792d6c112cf172eab96,RECORDED,True,True,False
unit-bc44e4874b416cd14bb77036f5b703a6,RECORDED,True,True,False
unit-8ec593dbcd8437a712df7ea55aad1cbd,ABSTAINED,True,False,
unit-d03f5ffd2742e20f8e1ecbdb91cbcacb,ABSTAINED,True,False,
unit-44b0e0ec5965f4bc07c09f0b3f7dfbaa,RECORDED,True,True,False
unit-dde6591dee4fc821ba7a6b9683b1dd9d,RECORDED,True,True,False
unit-2912391f5709d22376aa2d84ea06dae0,RECORDED,True,True,False
unit-a85d31720943c7b05cfd491b86ee27ea,ABSTAINED,True,False,
unit-99ccd7db2c8358977f8bafb08dda4617,ABSTAINED,True,False,
unit-a74d3285a067ed4cf998f3c36fb9dbae,RECORDED,True,True,False
unit-3f7b29da319e13f94bd842b1f6ce31e0,RECORDED,True,True,False
unit-50f99cf46e2ef82f8080185baad58527,ABSTAINED,True,False,
unit-ae12f9f715ab2b62f229be9724504f00,ABSTAINED,True,False,
unit-3063f0558f100a871c741a54b019c291,RECORDED,True,True,False
unit-d75b44421caf8b39d4f901b2d8acc0cd,RECORDED,True,True,False
unit-f25fe2a0bfac26bc60183a0fa588bf10,ABSTAINED,True,False,
unit-74c8987134cbbc111954cd1724a9f9a1,ABSTAINED,True,False,
unit-814753370038db84a8c22cda1960ed2c,RECORDED,True,True,False
unit-06ead2f75e0f762d31534ccf57f9d44a,RECORDED,True,True,False
unit-e2461625cb84b6e7769250cc2f698704,ABSTAINED,True,False,
unit-4de68a43b23c156b13651f4ddf9dff12,ABSTAINED,True,False,
unit-3ccba6fbeff62731806a92821f2dcbb5,RECORDED,True,True,False
unit-85fdf69db358231a1b7640676f2bd56c,RECORDED,True,True,False
unit-d13318bcf1b3bf85195309fb14d68447,ABSTAINED,True,False,
unit-bbfa1395c75563ad6ac3dfb1e840a519,ABSTAINED,True,False,
unit-adaf87d576820f2c3ef61a9530156fae,RECORDED,True,True,False
unit-ad6fbf4939d21e34026af2e4b18bd1de,RECORDED,True,True,False
unit-44d589408cab68ee64c6ae4bf43519e7,ABSTAINED,True,False,
unit-18aef0a078869d7dda1e7d91eb1cf0c9,ABSTAINED,True,False,
unit-71f690a7388aa86291239b0d689ee666,RECORDED,True,True,False
unit-8d203e37a2b7c467ca9a67889b65e829,RECORDED,True,True,False
unit-95d1de34e8eda544d8109f671dbade05,ABSTAINED,True,False,
unit-4fd3babbddffd919297c0a56d900ce5c,ABSTAINED,True,False,
unit-452d952becb9710fd68393112081dcdd,NOT_SCHEDULED,False,,
unit-a931a85c4fc0810af6ab4d21c7d76f9a,NOT_SCHEDULED,False,,
unit-ff3ff08a1938f241bc4c87eb2a7cecef,NOT_SCHEDULED,False,,
unit-5ac7b99b6e0af6a5b0e5f0fd031ed074,ABSTAINED,True,False,
unit-72c25f54acc0803d0e3cb5f2315e35b1,ABSTAINED,True,False,
unit-b830a669434aed36e878fe0b9e655c92,NOT_SCHEDULED,False,,
unit-2bb79b4d5da354d4a8618193c0847043,NOT_SCHEDULED,False,,
unit-89ff4c40803fd40dd34e6387389d6bb1,NOT_SCHEDULED,False,,
unit-e24ca5e6d604cde1b952641c6a831224,ABSTAINED,True,False,
unit-98979bc1f9a8cc94efdc3add63b42e0a,ABSTAINED,True,False,
unit-2094da63292910c704b5edd256eaa5ed,NOT_SCHEDULED,False,,
unit-ec5c87fe3c9947c6935ad4f5a370e7c2,NOT_SCHEDULED,False,,
unit-e2a80a8f973b4826fe668ff59509c175,NOT_SCHEDULED,False,,
unit-9dd4d2e3254763a8fce269ed303cd97c,ABSTAINED,True,False,
unit-5b2b3893476fdb7dec77545aaf11ae8e,ABSTAINED,True,False,
unit-557674c7541f8ba305f392ae28673cd0,NOT_SCHEDULED,False,,
unit-2b70d6caf105ebe94498f9d37f1a8d54,NOT_SCHEDULED,False,,
unit-9902d01edfe73747a9c84d56e88e97c0,NOT_SCHEDULED,False,,
unit-69bc37246a41aabc81d201c96724d18e,ABSTAINED,True,False,
unit-2421b219b45e6b5e3dbb352d761b2534,ABSTAINED,True,False,
unit-91384caf5d40460ae51fbd7da32d5f74,NOT_SCHEDULED,False,,
unit-94805ca71afb54ea7d6bfd8c289343ee,NOT_SCHEDULED,False,,
unit-4a3b14d75f3de707c4fe957bf9d8c133,NOT_SCHEDULED,False,,
unit-70789ebdbc7cac8bbe46ed65699aa77b,ABSTAINED,True,False,
unit-ad13eded1fdca7cadf2b47b4b3a7c661,ABSTAINED,True,False,
unit-7c8b04af48663c90a018756aafe29c27,NOT_SCHEDULED,False,,
unit-80ae53d3c32c72effc79b4f12d43fd18,NOT_SCHEDULED,False,,
unit-04104d04e85416725a6815ed05f8eba9,NOT_SCHEDULED,False,,
unit-eb3796a4f23d36bbb66ba0dc7eebb225,ABSTAINED,True,False,
unit-83f031404e495b921dc015dfe585a129,ABSTAINED,True,False,
unit-ce61e01a753bf476a42a3d79307ffc5d,NOT_SCHEDULED,False,,
unit-67cc7ebca5a293b798e94144d242a234,NOT_SCHEDULED,False,,
unit-082116d12a72a3ba2e77a967d7b0b1c2,NOT_SCHEDULED,False,,
unit-db3aed1c24bcdc2cc81df8f9a8e6ceee,ABSTAINED,True,False,
unit-b71b2e66b1658bd76f4e3771c468133b,ABSTAINED,True,False,
unit-fa99e3be42b4bf6eaeda123676719ced,NOT_SCHEDULED,False,,
unit-d10b4880727f8cdf0395521be0113c07,NOT_SCHEDULED,False,,
unit-6631abea93f0486062c537ef0b80f26d,NOT_SCHEDULED,False,,
unit-0656dbeb5eab6aaf4dd38b910ec2383c,ABSTAINED,True,False,
unit-994ca9165446e836d02c5daa2d699d3f,ABSTAINED,True,False,
unit-54c34df203b88c3c22b1102c1131ab85,NOT_SCHEDULED,False,,
unit-073e56b37d2b196b9bdb8ff5486cecae,NOT_SCHEDULED,False,,
unit-6f95249f705db6f884991986a31d4273,NOT_SCHEDULED,False,,
unit-42fb984cfaeba9f8a72a5254417bb480,ABSTAINED,True,False,
unit-fd82a616b3b8009c479135f47f32e7e9,ABSTAINED,True,False,
unit-e49709986e68ed52b20eb383864ebc87,NOT_SCHEDULED,False,,
unit-94dbe21cc784e9f208b4f3f166348dab,NOT_SCHEDULED,False,,
unit-836b1816d2697bb84e4d4f54452732a8,NOT_SCHEDULED,False,,
unit-b0dfbe45ce13fd89c53bedaa8d7fdd51,ABSTAINED,True,False,
unit-52945e2219987759269b080c4e8a0cd3,ABSTAINED,True,False,
unit-624364a18428c8dadb57c770e36f90ab,RECORDED,True,True,False
unit-f573bb82e06adf446316feda5ed6f7e3,RECORDED,True,True,False
unit-5322bcbb231ce574dc93944e686229a3,RECORDED,True,True,False
unit-41c67f4cbb6db350c8ee87e79070fa53,RECORDED,True,True,False
unit-2b01f112e6a8bc1a365cb16d020dfc5c,RECORDED,True,True,False
unit-17c2b519d5423b6c6be94778dc71bfce,RECORDED,True,True,False
unit-3c577ad061e333c1df770583b871e3d4,RECORDED,True,True,False
unit-e62874fcdd79d449f3e14974cdd2b84f,RECORDED,True,True,False
unit-9721a134ec2b35062a5b895e71b027cb,RECORDED,True,True,False
unit-21699d05fd871e9fc4f4587aaa201666,RECORDED,True,True,False
unit-96ff4094427c5c509230a47e5032d921,RECORDED,True,True,False
unit-6fc6829568b86b3c91cd1cb93ed6b4a6,RECORDED,True,True,False
unit-b594f664be77149898ca29c7d59060d8,RECORDED,True,True,False
unit-5ebe0d1f5e20a7b5fc3217f9fd67e7e3,RECORDED,True,True,False
unit-9defac49a584def8dd9174ce4980c8bd,RECORDED,True,True,False
unit-fef638e03e781d8d42d5db8709edce6e,RECORDED,True,True,False
unit-fc1e8ca912ab3de3cf2272d9783719ac,RECORDED,True,True,False
unit-d4320deea95f09221f2841c85d3f0282,RECORDED,True,True,False
unit-020c56772c2ee6d670511b60414dfb33,RECORDED,True,True,False
unit-8568f3e996566885d7adb8ff30a2dfaf,RECORDED,True,True,False
unit-efbf65a7909f62bed7744876742943bc,RECORDED,True,True,False
unit-9d2c42ca45eed1b62d9a260f9bc314f5,RECORDED,True,True,False
unit-42a9beba8950560a3d39a06d31dfe7bd,RECORDED,True,True,False
unit-7433ab1caaefd76e514d9e04499c3f72,NOT_SCHEDULED,False,,
unit-525326ba6d83081cd87bea27af5aa88d,BUILD_FAILED,True,False,
unit-3156c4f998c6db1c805a9ccc0c1dd29c,BUILD_FAILED,True,False,
unit-b4755b0abf56b5496bf6978e9cdae317,BUILD_FAILED,True,False,
unit-5f88fd345b7174112beb9df26bff7b2e,BUILD_FAILED,True,False,
unit-85f5ef316b77d4b85a82d82e244d93f2,NOT_SCHEDULED,False,,
unit-1e6939f62be5a00da368551fdc7daf70,BUILD_FAILED,True,False,
unit-c599c76e04502e477403f7c4dab03d70,BUILD_FAILED,True,False,
unit-bd15eb0a3b08ed0d29391399dc317ba0,BUILD_FAILED,True,False,
unit-82858a2f318b475ff253ffdd30c8c66f,BUILD_FAILED,True,False,
unit-9282bbf0dc94b37b396aad1f352206dd,NOT_SCHEDULED,False,,
unit-b7ae742f8056ce57f0e9646a0eb51279,BUILD_FAILED,True,False,
unit-abc3cc028ddac186530bd9afdf69fd12,BUILD_FAILED,True,False,
unit-4e7f182e0ab5cd859dc25b1b93470475,BUILD_FAILED,True,False,
unit-62f8efccc7e7153d833b111b9e866428,BUILD_FAILED,True,False,
unit-be3f976030c6bbc570f9321653018879,NOT_SCHEDULED,False,,
unit-1aaab8c8d869a4215dd267ea3f061b9c,BUILD_FAILED,True,False,
unit-eebaaca2f03b7b90a10ada26da44df1b,BUILD_FAILED,True,False,
unit-70e046504a21ad3d1fa77326f44ff479,BUILD_FAILED,True,False,
unit-c1c514ac58f69e42ea080762b1cc4b1f,BUILD_FAILED,True,False,
unit-978ae42f13cdb581034388cec00fcf4e,NOT_SCHEDULED,False,,
unit-d20a136c357da73290955656ea01d4f5,BUILD_FAILED,True,False,
unit-a6ddadd011e7f7acbf15563292f68c55,BUILD_FAILED,True,False,
unit-888d5f6c9b41167951a14010ccd54339,BUILD_FAILED,True,False,
unit-99f72bfa10c019f0a905b86623c4aaeb,BUILD_FAILED,True,False,
unit-f2af60e8862a18d97ef9d237175b63c5,NOT_SCHEDULED,False,,
unit-5419a5d7348f83f9496b3bc8aafcd3d1,BUILD_FAILED,True,False,
unit-018e3a117abebc6d3b91b54bc321cac4,BUILD_FAILED,True,False,
unit-480fb6ebcf65cebe51eb47e8c09eddb4,BUILD_FAILED,True,False,
unit-83690878389e2795d7bb86617ade8494,BUILD_FAILED,True,False,
unit-e1814b62b5766f948f7724146c860a0c,NOT_SCHEDULED,False,,
unit-95faa5b15319ae0fba72300f2af15afc,BUILD_FAILED,True,False,
unit-62e90e386a23fae6d505fef3e1345882,BUILD_FAILED,True,False,
unit-628468f54f25fbb3e5c10950c649f99d,BUILD_FAILED,True,False,
unit-b71741f0297c0132da006f79a9682ad3,BUILD_FAILED,True,False,
unit-a63d672aaa8f76b3ae1eff28e05a17ad,NOT_SCHEDULED,False,,
unit-b114a955314ac7750792b2bc5e7274a8,BUILD_FAILED,True,False,
unit-be2ce174d354470a53d3c85aac4b6ce8,BUILD_FAILED,True,False,
unit-1308ddba276d1b50d6884e28cf463e7a,BUILD_FAILED,True,False,
unit-206075d6a10e3dc08360f7f25f850640,BUILD_FAILED,True,False,
unit-653fbced3d3ff2e08ea8c2cac60fe9da,NOT_SCHEDULED,False,,
unit-e5d6dcc3775d413441605134c4cd103b,BUILD_FAILED,True,False,
unit-1f89017dfe060d83a766087d7b69c347,BUILD_FAILED,True,False,
unit-01ab3c536abb9345f4a5e65e114f544d,BUILD_FAILED,True,False,
unit-b61c7b26377e1e54410953c885fc6437,BUILD_FAILED,True,False,
unit-45971fd5aa2ba403422551b544ee5c14,NOT_SCHEDULED,False,,
unit-c62f6881beddd97f4ce702134f978455,BUILD_FAILED,True,False,
unit-986087a621deaa0bc5a0c5b04d8cd62b,BUILD_FAILED,True,False,
unit-40199f718029a95148f1e1c2e5c327e9,BUILD_FAILED,True,False,
unit-2d7518547907ee7d366763601b25bdfe,BUILD_FAILED,True,False,
unit-d51461c3626b017b475857c3b9e4104a,NOT_SCHEDULED,False,,
unit-ef5e8f93b874005300f288a123dc9e48,NOT_SCHEDULED,False,,
unit-e945d619a7672e352987ade94b7c4ee8,NOT_SCHEDULED,False,,
unit-7001f6bbe5301aed7c33a696dd4096c5,NOT_SCHEDULED,False,,
unit-6240f1af06daea3aa2ffc998cde9fca7,NOT_SCHEDULED,False,,
unit-f957b2a11b6d2cbc695159f33af33f5c,NOT_SCHEDULED,False,,
unit-1f34363e329a1a91648beb95c0b0e919,NOT_SCHEDULED,False,,
unit-5a5795585699af83105a0e595a34a783,NOT_SCHEDULED,False,,
unit-2f0245b93fdbbfda6fe44c85e6e78a32,NOT_SCHEDULED,False,,
unit-b4823a584cb0402cd9be47c312d87d2e,NOT_SCHEDULED,False,,
unit-6599d66d56a7e74abf699a61feb0f588,NOT_SCHEDULED,False,,
unit-4b05822b1196c96eb000a1965ccc46bd,NOT_SCHEDULED,False,,
unit-691e42da87357761ee67d8fcfc96a700,NOT_SCHEDULED,False,,
unit-ba4944ccd4b69fc6cf61be78b925b49b,NOT_SCHEDULED,False,,
unit-da7467397b50a95517ee387112fce3af,NOT_SCHEDULED,False,,
unit-31d0d496b2c0a13554e948c0bf1d38a7,NOT_SCHEDULED,False,,
unit-a03a5b6f14978766a109d5e173bb16fd,NOT_SCHEDULED,False,,
unit-f9f2354781bdf6e327d8522cbfe9ee75,NOT_SCHEDULED,False,,
unit-afa8e7f859754ff246e9b9694030b8dc,NOT_SCHEDULED,False,,
unit-bec26373c39193bf26e1987a023d55e5,NOT_SCHEDULED,False,,
unit-68a41efd007ec57430422b26ac333ab3,NOT_SCHEDULED,False,,
unit-4cf6f6cd4ccfe6805de8673726018150,NOT_SCHEDULED,False,,
unit-6f6cdaf06120d871aa54de513a8b2d09,NOT_SCHEDULED,False,,
unit-e5ca239cd47acde5619072660124130f,NOT_SCHEDULED,False,,
unit-6142e57a3e904c72bed98d1194e37226,NOT_SCHEDULED,False,,
unit-889f6e6c079cef1d6eba74bc16e6306f,NOT_SCHEDULED,False,,
unit-49023f72b9533a4fff37a8b980455899,NOT_SCHEDULED,False,,
unit-38a909d6192f4f5014a0f29563eddf90,NOT_SCHEDULED,False,,
unit-95b20f4563430ff44590e5d39ceafabd,NOT_SCHEDULED,False,,
unit-58cfad88f11dbdefa9c314447c031363,NOT_SCHEDULED,False,,
unit-8d59332ac51fbda8391606f441ad859a,NOT_SCHEDULED,False,,
unit-489fa7416127f7b5f054decd8c0032a2,NOT_SCHEDULED,False,,
unit-35284d50075dc208cb054050cad19054,NOT_SCHEDULED,False,,
unit-98e31e220847db137c1d428d660cd5dc,NOT_SCHEDULED,False,,
unit-f3e52b43f61809e1fdcec8b801d9aa80,NOT_SCHEDULED,False,,
unit-60cee9103d2074e1abe9f5d5c9a824fc,NOT_SCHEDULED,False,,
unit-0ccfa97c38a5f1a0c2b56a4709c761eb,NOT_SCHEDULED,False,,
unit-9ee1cba64c103eb642ccca9b41de421c,NOT_SCHEDULED,False,,
unit-a9eef84c071a7a9afcb1f09b047851a4,NOT_SCHEDULED,False,,
unit-74745da016e10b882e59f7994617c915,NOT_SCHEDULED,False,,
unit-3558d86ca5b5fc94541ad24dc7d34949,NOT_SCHEDULED,False,,
unit-a922b7145d747ea5e0389a654bb06f4e,NOT_SCHEDULED,False,,
unit-52d31993efa0649b334a53177b86214f,NOT_SCHEDULED,False,,
unit-b26084dfa5fb76ab99a6c94c0e3488e8,NOT_SCHEDULED,False,,
unit-223f5a1518ca91df58a476582951cc69,NOT_SCHEDULED,False,,
unit-5ac8b2849f767f478be2ca078a1b370f,NOT_SCHEDULED,False,,
unit-618cd60f20a008aecc63163d98600125,NOT_SCHEDULED,False,,
unit-c0f97a1028dc976a689eaf33a74e94b8,NOT_SCHEDULED,False,,
unit-43eb2d31131b866d645531e749a89f32,NOT_SCHEDULED,False,,
unit-f0fc34c7f5535de32958fa95262e0931,NOT_SCHEDULED,False,,
unit-9676ef0bc220dd811edee873a1f29cc8,RECORDED,True,True,False
unit-672d04fa890abcaa763411414284ef88,RECORDED,True,True,False
unit-18704acef7f8ff81777b0a083218e34d,ABSTAINED,True,False,
unit-cbacb53ac3967106a49dff32c874799d,ABSTAINED,True,False,
unit-97ea1623b6edd96f8c49179ff851e3c6,RECORDED,True,True,False
unit-0326f3b2f77ff232d970693da0cd2bfc,RECORDED,True,True,False
unit-09901a1671f778e28b266eff249a5013,ABSTAINED,True,False,
unit-4e74dd26c58a18d63f0c7946e15ab8ef,ABSTAINED,True,False,
unit-aca60e177d76d98e7c2509dc74fcc182,RECORDED,True,True,False
unit-51ddfaaca89aedf3f56068a9ba31249b,RECORDED,True,True,False
unit-c5f1a5bf52e47f64555bc8f0852f18fa,ABSTAINED,True,False,
unit-f020f1c51ac0ea54260778ddd345a1aa,ABSTAINED,True,False,
unit-8d95791490e6ea65e0dc0a092df4147a,RECORDED,True,True,False
unit-e12c31bafbdfaaa17e09ed4f5d8c5d82,RECORDED,True,True,False
unit-5c27b55b5cbb3a833988c6f52ea58d09,ABSTAINED,True,False,
unit-f4a58a3d7e3d48330df28f76e7404eb9,ABSTAINED,True,False,
unit-2a9879790a75dcdaa9c7202f09730760,RECORDED,True,True,False
unit-55d3355b6abba6ac3849c02244a1aef0,RECORDED,True,True,False
unit-090baea1affb27d32b710258bdb0fed2,ABSTAINED,True,False,
unit-e8a508d156cf819ab3444d1527b298fe,ABSTAINED,True,False,
unit-3b81a95600ec79a7bc1d09cd874d1eb1,RECORDED,True,True,False
unit-e358a5a27273da003603204d52b8ffc3,RECORDED,True,True,False
unit-1a0ad315b1c1ea31cc44ec2e0185a7d0,RECORDED,True,True,False
unit-64c8f38d686688d3149e767cf018a64e,ABSTAINED,True,False,
unit-9f17bc5bad96ca34980dc939bc3433e8,ABSTAINED,True,False,
unit-6d707935c0d8657f759d2b494965ce1e,RECORDED,True,True,False
unit-f3f533199868d517a0a474553cf87728,RECORDED,True,True,False
unit-8b93e4a1033867622cec8ce43c813418,ABSTAINED,True,False,
unit-cfe47be8f2c277cd31e0b00aeda132d8,ABSTAINED,True,False,
unit-ef81c58e417753712f30fecfa681384c,RECORDED,True,True,False
unit-837dd70a18a1698a69097b379d7ff895,RECORDED,True,True,False
unit-f6c4396256898815341bfe55e991128b,RECORDED,True,True,False
unit-e4cb5655705978c6808e6cb5800f9047,ABSTAINED,True,False,
unit-6ba2c60288b36f5e140e71bd69b19918,ABSTAINED,True,False,
unit-f9bd9ec6a6819738b96a0d4640f6123d,RECORDED,True,True,False
unit-742063016205065bd7b9c96ff880b694,RECORDED,True,True,False
unit-c9ebb35bde7240085abf12bafc6d45e6,ABSTAINED,True,False,
unit-8abc9b9366c3c7e38712d89d2982adf4,ABSTAINED,True,False,
unit-6552f83a0e103d6393e418c0e436f4c2,RECORDED,True,True,False
unit-d6bbd78498f14fa652758e2d63891c89,RECORDED,True,True,False
unit-f158f8901f36ce3f618965ff8f8be5bf,RECORDED,True,True,False
unit-a6e7c73b17390084aa30a366e70cf278,ABSTAINED,True,False,
unit-e3ba62b747dd3619dce5628c2404137f,ABSTAINED,True,False,
unit-7edcfac99f6c58c7743078f2aac7c647,RECORDED,True,True,False
unit-586ea41bebfa40491535a623fad34f6b,RECORDED,True,True,False
unit-4404c95431a0746a6dce5e8140528bcf,ABSTAINED,True,False,
unit-9ff71babc4b1605812fd238cd30cf581,ABSTAINED,True,False,
unit-f729202ac606cd2165939f740793e1b5,RECORDED,True,True,False
unit-08d9fb589472985b0a8903777f602c96,RECORDED,True,True,False
unit-35e04be85132c04a8fa04221b15f26a9,ABSTAINED,True,False,
unit-70e0a008a14908116611edd8bedbc922,ABSTAINED,True,False,
unit-4fabe8fb0d54c8a27821c85e9b66431d,RECORDED,True,True,False
unit-90beb474c718f0c97503a755c19d1ac2,RECORDED,True,True,False
unit-8de49e4c077d147c4167a544c6dae8d1,RECORDED,True,True,False
unit-5aacf228c59242bb9f5e0343ff6a2226,ABSTAINED,True,False,
unit-e97feaea7f0a934e18736b80af3ab3d8,ABSTAINED,True,False,
unit-891623e719b26609d81c855986375758,RECORDED,True,True,False
unit-510f5ea710ef996a39a9302431f48a76,RECORDED,True,True,False
unit-9e0ac36265af5cd0003ce21f3f309de5,ABSTAINED,True,False,
unit-fbac7e8739c153ffc30c3cd6878d878b,ABSTAINED,True,False,
unit-96e728902437b69a34262532508adf00,RECORDED,True,True,False
unit-6cc747ff88653bfcb888649b1477a7fe,RECORDED,True,True,False
unit-e6bd8bfe55184af655902e280234796d,ABSTAINED,True,False,
unit-f36c25ca79ca5450cdad1af427916795,ABSTAINED,True,False,
unit-8739f228597079ab13c10d00ddc64d5d,RECORDED,True,True,False
unit-d330f1221b880b9e7951232c0db988a5,ABSTAINED,True,False,
unit-29c5f9a612969a16e6b1e772f853c523,ABSTAINED,True,False,
unit-12da667d2a9b2899bf46e151940628b6,RECORDED,True,True,False
unit-0565b0baa12fba1945c36318c47708fb,RECORDED,True,True,False
unit-44b154869ba0bca55a07809c63763a9c,ABSTAINED,True,False,
unit-37f331cb2291d74f215ed02e8be82b31,ABSTAINED,True,False,
unit-4e775efaa3f9baede61c38a7daafbf14,RECORDED,True,True,False
unit-bba417884d0fd4617c8aa8d2b6a9400f,RECORDED,True,True,False
unit-ffc0bf15d02b55626606017c79761886,ABSTAINED,True,False,
unit-fc63cec70070b22780c0a238bc3fa53a,ABSTAINED,True,False,
unit-b613c6e2940cce7a33010d2f4a7462f6,RECORDED,True,True,False
unit-94147005f0902713cd7f87858d2024c4,RECORDED,True,True,False
unit-a6161e3497f200004b8486db03fbdb1a,ABSTAINED,True,False,
unit-b9549167578b0b4825892101e194d9e5,ABSTAINED,True,False,
unit-c0c0d6081ab0e38da2d73caaf61a83c3,RECORDED,True,True,False
unit-134811cb0941d7d053524f9e92855fac,ABSTAINED,True,False,
unit-973d76dc8301ae4a90ec571ba8c98248,ABSTAINED,True,False,
unit-60e0ba5932f962acf2d09ad7be247c88,RECORDED,True,True,False
unit-e41032626aa0df9aa369977f2fb97652,RECORDED,True,True,False
unit-e3e78c285867d87cc465418c76a4775e,RECORDED,True,True,False
unit-bc66a68b3b5f9ba7c610a4f4edd2e37c,RECORDED,True,True,False
unit-772a8aa20350c7e86f9abbbdddaed6de,RECORDED,True,True,False
unit-b6d6530bd0c1d3180a13d7c15edca57f,RECORDED,True,True,False
unit-a0ba20c431b2e95f7ce63d69ccede008,RECORDED,True,True,False
unit-641d5137b42af5f4eb1b5c162b87a448,RECORDED,True,True,False
unit-55cf2c17af02021c16f949a4b41bcc59,RECORDED,True,True,False
unit-094939bc37414e7cb655def0e4a2fa17,RECORDED,True,True,False
unit-4572d638dc127cb1ddadb9f991776e10,RECORDED,True,True,False
unit-0119d8f457fda8a792b10fd39d54fde1,RECORDED,True,True,False
unit-d4edab005a69090f9c98418d097dce48,RECORDED,True,True,False
unit-6e713a9f677df169fc9af46b55281d03,RECORDED,True,True,False
unit-96c887f6350edd4fd60f23fc415fe7d5,RECORDED,True,True,False
unit-fda4ef02dd93a13b4020df96c9436733,RECORDED,True,True,False
unit-5874a10583df50774efb5f451d5ae821,RECORDED,True,True,False
unit-6bcf650872b3dcf33926335c15864374,RECORDED,True,True,False
unit-be6b043c191bd96dc5d7e5eb9f5c8490,RECORDED,True,True,False
unit-44c1ec812a166ecb30eeda0e9b31580f,RECORDED,True,True,False
unit-0bcd9fc24278a367faf24fb5c21d131d,RECORDED,True,True,False
unit-cacad41fba1a6d10bbd64c74a94f959e,RECORDED,True,True,False
unit-de986528380aee9bc1a732c8cd1f1608,NOT_SCHEDULED,False,,
unit-f356c2b8db08dbcb41bc036ebf5c84a5,NOT_SCHEDULED,False,,
unit-8592757f9c816e60937dee454216afeb,NOT_SCHEDULED,False,,
unit-7f16d80a654a9a7964a9bfa9291a7e3a,ABSTAINED,True,False,
unit-0e8df2d1887c83e5885f3879ca2a724d,BUILD_FAILED,True,False,
unit-b64723c28915de372bb124f699605071,NOT_SCHEDULED,False,,
unit-1c5ebbc49d559bc626ef12cc5beeb8a7,NOT_SCHEDULED,False,,
unit-d953e8a6336211ce5e4c3c6531395b9f,NOT_SCHEDULED,False,,
unit-df483f85d82eda1f58c5722aa31fe143,ABSTAINED,True,False,
unit-8098b2fa9a5fbeb3adb4ebea0ab60f00,BUILD_FAILED,True,False,
unit-29b528a27d9abc96bc8706c2a3e6e996,NOT_SCHEDULED,False,,
unit-e172791528f90caa6d89eed2c6fc6894,NOT_SCHEDULED,False,,
unit-f7c151e0ba02e386f74e823dc6c30235,NOT_SCHEDULED,False,,
unit-5fe12f00ddc867f02a9e89f7ed376675,ABSTAINED,True,False,
unit-1ee941342fa426db89d30bc5057877ca,BUILD_FAILED,True,False,
unit-f0eb271c824535169e4baa2b03ab9b7e,NOT_SCHEDULED,False,,
unit-22b5ae0c9f38e097a54a75c31f1a8be4,NOT_SCHEDULED,False,,
unit-d7dcb5ea5c1459646c86dc50bbd4efa1,NOT_SCHEDULED,False,,
unit-bb9901c67af8559ad1faf3b938f5123d,ABSTAINED,True,False,
unit-b8a096e9bf82b9a618fab2662a35e4c2,BUILD_FAILED,True,False,
unit-de601771672245cfd5d6d5db4bbef204,NOT_SCHEDULED,False,,
unit-558143cdf381fe70b5f66e15fe1b2615,NOT_SCHEDULED,False,,
unit-203dd685dfd914371626f202d5246928,NOT_SCHEDULED,False,,
unit-537ff1d4a7c1cc677b62625a49f5e107,ABSTAINED,True,False,
unit-36b4c191f32d9760525b73d4d4919d2e,BUILD_FAILED,True,False,
unit-981b4457a6504d964f5d677d509f9dbc,NOT_SCHEDULED,False,,
unit-5172521ee96160688782c608965ddd3e,NOT_SCHEDULED,False,,
unit-c7401e92b18eedeb02339392146e1560,NOT_SCHEDULED,False,,
unit-1a55e3b6107ec8c9ffc621cb4cc6effd,ABSTAINED,True,False,
unit-450bd509f4d61e105b0d825a5a3b24bf,BUILD_FAILED,True,False,
unit-10a4855edce4484741228b54f496495d,NOT_SCHEDULED,False,,
unit-769c76920a2f105b46e6f29a29395eca,NOT_SCHEDULED,False,,
unit-5d7a4ea6af500ca14d0cde2ef26e1276,NOT_SCHEDULED,False,,
unit-208da339e63712d793d78792f5e75505,ABSTAINED,True,False,
unit-949abaaf3b9a3d42eb0396fe6250a997,BUILD_FAILED,True,False,
unit-7a15fe913fbc6bf4c36e801b953358db,NOT_SCHEDULED,False,,
unit-037b901eb83b766cafff137a624deded,NOT_SCHEDULED,False,,
unit-f7531f3751d6a9451b58963477908c49,NOT_SCHEDULED,False,,
unit-93aca4161201ed88590251ce185d0a3e,ABSTAINED,True,False,
unit-b8c2749a942cb1491965b6b8d55b6d61,BUILD_FAILED,True,False,
unit-2049d7e9c7bcfae1250256a5fa01da84,NOT_SCHEDULED,False,,
unit-c153b11116e4e03df7b0a6dea2504ba9,NOT_SCHEDULED,False,,
unit-c625d5aa031d47e09fd1c9a3adbd07e7,NOT_SCHEDULED,False,,
unit-98637b50cf1b842774b3f2b14c615fd8,ABSTAINED,True,False,
unit-110a01a8922ccf9f44916c754c7f8a05,BUILD_FAILED,True,False,
unit-bbd361ced95673a4bc1ee613d33f1378,NOT_SCHEDULED,False,,
unit-d9a8b3882e38991f9713710ccb61915e,NOT_SCHEDULED,False,,
unit-75fc062f0cd1176f6ee3942d52436d95,NOT_SCHEDULED,False,,
unit-f213211d7d091d10851c30fb4bb9a076,ABSTAINED,True,False,
unit-4db8fc8585599b3be337357a2ffa8140,BUILD_FAILED,True,False,
unit-9f4572ccb91de9779571cbfb09386aac,NOT_SCHEDULED,False,,
unit-79b9493844665473990d3fa16228516d,BUILD_FAILED,True,False,
unit-9f731800bbb87291dc5a424cfbe10e5d,BUILD_FAILED,True,False,
unit-c4a8e76f7a572c8bb7bb71d276ade019,BUILD_FAILED,True,False,
unit-5ca095718604a2dde35f1cd59753a694,BUILD_FAILED,True,False,
unit-cd43aeddc4fbe531c7ee110f0fc344ab,NOT_SCHEDULED,False,,
unit-9e3e31a0f743f53886407549394557d7,BUILD_FAILED,True,False,
unit-ccaeac9956d29b5070ea6f10c717c07f,BUILD_FAILED,True,False,
unit-5818f985326356067d674af24c16f266,BUILD_FAILED,True,False,
unit-59140ff880bfaace59dd4ab8e1760c2d,BUILD_FAILED,True,False,
unit-27e0073d97066ad6e8de6531e998ec4f,NOT_SCHEDULED,False,,
unit-9431563122df38af1495bbab7871b097,BUILD_FAILED,True,False,
unit-d62fb48b9bf6ed9dc267513806ef0986,BUILD_FAILED,True,False,
unit-7ad4a2012ecab93cf56def199f5ddd00,BUILD_FAILED,True,False,
unit-bc0046c3b6daaa3441b5d79a8e2be208,BUILD_FAILED,True,False,
unit-4a1b03dab8212789e08d92512a1bcdcb,NOT_SCHEDULED,False,,
unit-fa808222f9be0b443effe5003264f6f8,BUILD_FAILED,True,False,
unit-1e0e289a2aea0776db2bd6ed0e2e1bcf,BUILD_FAILED,True,False,
unit-0ad6ed4f6decb6ff3da3198a39a09285,BUILD_FAILED,True,False,
unit-d7fffe9aa0af85aeed76849883061eba,BUILD_FAILED,True,False,
unit-7db2bd11e197e046a4e3b8c354b226fa,NOT_SCHEDULED,False,,
unit-6584ec268cd020e409037d4d6846aab4,BUILD_FAILED,True,False,
unit-3733f02f8af779f0a4bf41e054e6ef07,BUILD_FAILED,True,False,
unit-124defcfe5a93470c4fd2d62f291bf50,BUILD_FAILED,True,False,
unit-d205941286d76b18610ac1ebbb75a4fd,BUILD_FAILED,True,False,
unit-ee2cddc27a3f5f30f239d5213f0d4a42,NOT_SCHEDULED,False,,
unit-b2a8a63abdf17c149b8ea24ee82ff18e,BUILD_FAILED,True,False,
unit-6f93126865aeca76cc5e29b3badf30b6,BUILD_FAILED,True,False,
unit-d3d4a52e529cdabe1c420c7525b19f5a,BUILD_FAILED,True,False,
unit-1049b540c5a2e5c1e4cdd1fec1fed165,BUILD_FAILED,True,False,
unit-c8e83cf10961f3c9bea8a9f7ec0c32be,NOT_SCHEDULED,False,,
unit-448d978ad130c9f1b3b52961ff2858d5,BUILD_FAILED,True,False,
unit-ebd372bd8bd2856a78f474100ad96b6f,BUILD_FAILED,True,False,
unit-939de6e5907d1ab35651ea65ea7067c3,BUILD_FAILED,True,False,
unit-63f7bb7c24521425ea72133e30a43042,BUILD_FAILED,True,False,
unit-d4cac77bce64736f07c206728c024010,NOT_SCHEDULED,False,,
unit-9a725912b3e041365c1261ee38deb7a3,BUILD_FAILED,True,False,
unit-65958ade97626c07baf900a451ac109b,BUILD_FAILED,True,False,
unit-3264c4d61a61e49c662e06d91e023f98,BUILD_FAILED,True,False,
unit-58c7147cde6f265e45e52734fa48465c,BUILD_FAILED,True,False,
unit-2995b3dfab26b0e3659cc92b88cdd97e,NOT_SCHEDULED,False,,
unit-6a304d65b872a4184ae86db13258da70,BUILD_FAILED,True,False,
unit-771a24950403d829f2581c8a9844c582,BUILD_FAILED,True,False,
unit-368917aa7fd6d42ac99f41055a13e9c8,BUILD_FAILED,True,False,
unit-5c7cf5119d686151f1c86db8f3d87d2d,BUILD_FAILED,True,False,
unit-a19c86b16882f4d177f32b0e331e3819,NOT_SCHEDULED,False,,
unit-a26061ff581f2c0b5069ef8335295193,BUILD_FAILED,True,False,
unit-8c9174b3406a03f362b8ebdf36995785,BUILD_FAILED,True,False,
unit-6e6c25f9a0bd4dfd869d7bb71c673423,BUILD_FAILED,True,False,
unit-ea71580f65976542e41f55fc29e5c6e9,BUILD_FAILED,True,False,
unit-86c2a30cdadb4d51ac06291169c40868,NOT_SCHEDULED,False,,
unit-76480937251d2dc73bd6b4f947093dec,BUILD_FAILED,True,False,
unit-0efb8c6394d2b0dcff81762534432d86,BUILD_FAILED,True,False,
unit-e2862a8b58fc7ec12caf53f82995dbfe,BUILD_FAILED,True,False,
unit-44791bf8a38fa1f7121fed9c83a5a678,BUILD_FAILED,True,False,
unit-b00e797994ea69fadd2650f5a753b48d,NOT_SCHEDULED,False,,
unit-1f44824b00670bdeb0c9a3594fc288e4,BUILD_FAILED,True,False,
unit-c09e12ceddd3faba2b885a0ad632c718,BUILD_FAILED,True,False,
unit-3bd105317d00d7827d24fb54f2c09a06,BUILD_FAILED,True,False,
unit-ce9d052d78c44b283267f09b9fe3ee0e,BUILD_FAILED,True,False,
unit-85c45fc3df0dfbdc1035627d26d2c2fa,NOT_SCHEDULED,False,,
unit-34a4a25681219fe7231b770697c10ace,BUILD_FAILED,True,False,
unit-87e81e9e171e7f06a450cbe40c7d43fb,BUILD_FAILED,True,False,
unit-2effc7c0e08d3d4d5c9156aba955270a,BUILD_FAILED,True,False,
unit-e39640c7321c0bea70151a914e067b70,BUILD_FAILED,True,False,
unit-5262662a14204672426015f8f7df20b1,NOT_SCHEDULED,False,,
unit-69c8542e62dbd56a624861fba09d179d,BUILD_FAILED,True,False,
unit-023b0f2c181248c693acae9a5d9b2b13,BUILD_FAILED,True,False,
unit-d17d1de2938fdc94606f836f30b5ccbe,BUILD_FAILED,True,False,
unit-e9b2268bd0575e21c7475d226f3d87e0,BUILD_FAILED,True,False,
unit-99aebf9776e38f0eebddfc815d3762da,NOT_SCHEDULED,False,,
unit-990b83524debade7d1344f102a2885a3,BUILD_FAILED,True,False,
unit-b36936a454b3188786bb0cf89fddb1b4,BUILD_FAILED,True,False,
unit-773d339c1b595ab988b3b7a0ce97a42c,BUILD_FAILED,True,False,
unit-723f0e0dacfdeef3ec7a3fae753ca4d1,BUILD_FAILED,True,False,
unit-0e2f85a90393d6c4e454f85f5cce32f3,NOT_SCHEDULED,False,,
unit-1bf32758796a6b461c003f2524330ad8,BUILD_FAILED,True,False,
unit-9253d3457b705568b671bc8f7a62e3c7,BUILD_FAILED,True,False,
unit-5bae55d389b42c1ad2e5946a142870bb,BUILD_FAILED,True,False,
unit-6a55619e5163caf7e31ecb2f19b77221,BUILD_FAILED,True,False,
unit-35052fa4755232a6018c22221fb2f34d,NOT_SCHEDULED,False,,
unit-eaf12839698776b318bfd16fd8227067,BUILD_FAILED,True,False,
unit-5e62b585e8bd0763be6b70fe8b6ece26,BUILD_FAILED,True,False,
unit-d1c4d533b87c94096a99442392521686,BUILD_FAILED,True,False,
unit-eb861262e3cb2d46e6cb5454356c116d,BUILD_FAILED,True,False,
unit-dd2e5a06b91bcfd1550cca43e4bf6629,NOT_SCHEDULED,False,,
unit-c3e622ad3f7200c20aceb7d9bbe34a26,BUILD_FAILED,True,False,
unit-1f41205bb3dba14321e93543a396bc5c,BUILD_FAILED,True,False,
unit-0f7c587175daa3a62e45fa9d146c3718,BUILD_FAILED,True,False,
unit-b390ddfe4880aa0e292a1d73a8d28b3e,BUILD_FAILED,True,False,
unit-298841559dd1e71d43fa5cb4c9b6a72c,NOT_SCHEDULED,False,,
unit-210ab17f4df234112a78e064b095131d,BUILD_FAILED,True,False,
unit-98ac654137882dcc846a89dd4ac668d0,BUILD_FAILED,True,False,
unit-ea168eebfe33e75a103ef43443fba2b2,BUILD_FAILED,True,False,
unit-691d8ff94096ae2cbdabfbcb8904eec7,BUILD_FAILED,True,False,
unit-fa25fe8f1961bc77b7d01d2ebf350369,NOT_SCHEDULED,False,,
unit-f28488b1d5fe835dd84208b2eb5dfe97,BUILD_FAILED,True,False,
unit-bd1c09201897eb2e69e3200c21a25e2c,BUILD_FAILED,True,False,
unit-a776bd2c384c21c98a5202d575d54089,BUILD_FAILED,True,False,
unit-2a15f9a2854e157b4490b90cc46ce0e3,BUILD_FAILED,True,False,
unit-9f82af9281206904df52a53f29ed4753,RECORDED,True,True,False
unit-15d2da3cf6c81ddd2d93e4ee1273af05,RECORDED,True,True,False
unit-a4b01f802e4f020ea1a4322fbdea4fb5,RECORDED,True,True,False
unit-71d4e8a22e352231b4b6c0a42e616860,RECORDED,True,True,False
unit-63838b7a77d9aabdcbf5e85b3742b44b,RECORDED,True,True,False
unit-bb7eae550d0b847bab4868ae74069f2c,RECORDED,True,True,False
unit-98f71bbd094b90ff8e7a6a1935b0d89e,RECORDED,True,True,False
unit-5c0320615b48cfbd29e2c3c68928bce3,RECORDED,True,True,False
unit-89d722bf8f771ada661913a834a12c5e,RECORDED,True,True,False
unit-42969ef85429b794f5bde35c741bb307,RECORDED,True,True,False
unit-fab231db99e017c03a98894479a96a5b,RECORDED,True,True,False
unit-bd883224b8a67507401c54db5f2ca9d3,RECORDED,True,True,False
unit-61b3484be83277bbfcf84b4b3303cca2,RECORDED,True,True,False
unit-726cb9dd8ce7aeeffe9704a56a446554,RECORDED,True,True,False
unit-b76a9e38f48977016a5ab5cd0c8457a5,RECORDED,True,True,False
unit-150ec45c4c794fb560705d55835150ad,RECORDED,True,True,False
unit-7ec3868f6b07dbf7c2d7ac6ff28cdb28,RECORDED,True,True,False
unit-9587a4e510b509f9969282acb37061f6,RECORDED,True,True,False
unit-8189f4255dc22216331a1a386a77cce6,RECORDED,True,True,False
unit-cabe5925a50989fbab0f947c2895f1f0,RECORDED,True,True,False
unit-da7df85de6363492de2a462dbac70d9d,RECORDED,True,True,False
unit-4cf8b94b18d32dcb566a5301b7ba8caf,RECORDED,True,True,False
unit-ebbe8d103db105e22d782f48f3280cd1,RECORDED,True,True,False
unit-0978c5c74aa6673a7eae427ef4066ba9,RECORDED,True,True,False
unit-7dd86a42a99a72874e2a9eabf34ecf59,RECORDED,True,True,False
unit-01315201e6a366d1d2c80e80d3a4f2d7,RECORDED,True,True,False
unit-c3d1cf2486e78b392b8abd2ad662e8fa,RECORDED,True,True,False
unit-d830e8583edfeda09f1e3e10abd44307,RECORDED,True,True,False
unit-1e5de4e50f3a479f7356de094f053e5b,RECORDED,True,True,False
unit-c72fcad1f2f1141a218762ac3502620f,RECORDED,True,True,False
unit-67207e48256ee58ddb38afc0ec69cffc,RECORDED,True,True,False
unit-fb2eae4822978d30df7a3c094b2707fb,RECORDED,True,True,False
unit-c670d093401e68553c702dc230aa614e,RECORDED,True,True,False
unit-87af74eb01d54c5d477df8b6edc131d9,RECORDED,True,True,False
unit-f9798f1767622fb19a3858cb79b4f893,RECORDED,True,True,False
unit-0096ac8ac6bfa9397ef7f2473a1918d3,RECORDED,True,True,False
unit-71c3178c7c4bf6d25ddd5e19960ab886,RECORDED,True,True,False
unit-b51f28266d7bcf327b465c194a9c321a,RECORDED,True,True,False
unit-4c469a2cd025af57a71d0b317a343799,RECORDED,True,True,False
unit-c70c8c37c6c5d81003e88ad9229f1e68,RECORDED,True,True,False
unit-451bdcc49ce58804cbd40085ad955062,RECORDED,True,True,False
unit-a8aeadbcae3b4db99b272f58db7ba534,NOT_SCHEDULED,False,,
unit-de144f22ab7ae76796674618538b5261,BUILD_FAILED,True,False,
unit-3557d82c235109d321ddc95a8449337b,BUILD_FAILED,True,False,
unit-ad92db8a689f64efaadfb3756397bc79,BUILD_FAILED,True,False,
unit-e79236b0505eb5ab09d58e58f4d7d344,BUILD_FAILED,True,False,
unit-2a67386cad3fdfa296ad5c77222fe6c8,NOT_SCHEDULED,False,,
unit-f2a0310da056c4e04ae36cf1fc6f1bb4,BUILD_FAILED,True,False,
unit-266a9bce787e634917ee4d0eb36d4eb8,BUILD_FAILED,True,False,
unit-2d3a6754b87e69c6ea630048bfd8be93,BUILD_FAILED,True,False,
unit-44f14a086a903bd14462ce38969d8458,BUILD_FAILED,True,False,
unit-c64b27d3ece934346849a3965d2abdcf,NOT_SCHEDULED,False,,
unit-d8243b1e669e39cc54d99c3c76a71098,BUILD_FAILED,True,False,
unit-60802ef6477e796a668073dd42aa7cf7,BUILD_FAILED,True,False,
unit-734800bc9fad87bf1273ad1b2293c13e,BUILD_FAILED,True,False,
unit-c21de991a749ea34ce7bc6a8f215690e,BUILD_FAILED,True,False,
unit-69368d38d258622eb597ea1593251b89,NOT_SCHEDULED,False,,
unit-96cc4ddcb9799eb7c8acaa04f46bc465,BUILD_FAILED,True,False,
unit-99c6d66175aa50787728caea3d432f36,BUILD_FAILED,True,False,
unit-6e84636dce80243661c14a23e7658a1d,BUILD_FAILED,True,False,
unit-3ef04a2aa791af2c124f49cd84267f43,BUILD_FAILED,True,False,
unit-4776378f09a2dabe3f568640d4d63df0,NOT_SCHEDULED,False,,
unit-5b1d32a6c2deadda4b2af805097c97c7,BUILD_FAILED,True,False,
unit-c3c0d33695c81349495b7b3e04e2193b,BUILD_FAILED,True,False,
unit-b89882dfe73b2fe8f58baa0adef0d752,BUILD_FAILED,True,False,
unit-8f3ca6f8b1489d0aaf605756b58d78bd,BUILD_FAILED,True,False,
unit-4885fe614190f1ed84e27cec860580c6,NOT_SCHEDULED,False,,
unit-0c40de91d591a25df9354527b1705c1f,BUILD_FAILED,True,False,
unit-d9bab3745380374178584d313fde371e,BUILD_FAILED,True,False,
unit-8238ec68104192fd4aee4bae60e1ca51,BUILD_FAILED,True,False,
unit-7de31937a20f220d4b62805d43b6aa21,BUILD_FAILED,True,False,
unit-5deaf8dbc3dcdf4dbaf8a1775f0d804e,NOT_SCHEDULED,False,,
unit-f7e536be9c92e54fa4282573f9f508aa,BUILD_FAILED,True,False,
unit-adfea710e8688e2e49de557f6ec62e91,BUILD_FAILED,True,False,
unit-788021e7d70c8b73e75f71cf7ba6f98d,BUILD_FAILED,True,False,
unit-f5db1dba1dcd8093aaeda6f1da1e7ab9,BUILD_FAILED,True,False,
unit-bb2898aa53b85b9cd9eabd10686cb788,NOT_SCHEDULED,False,,
unit-aabcfe02f68784293d0bf538e78e1a8a,BUILD_FAILED,True,False,
unit-ff21d5393b2d4ec64182ebf660e4a95f,BUILD_FAILED,True,False,
unit-1e523fc6d69739485f3b4a7420edc4bd,BUILD_FAILED,True,False,
unit-89e90c28f02c7c09895f8f2bc2abcf34,BUILD_FAILED,True,False,
unit-b604d8c4bff1e213a78669a0878506ec,NOT_SCHEDULED,False,,
unit-63920619bd1596ec0d3a68a950e4234d,BUILD_FAILED,True,False,
unit-4bb7dc8ddcb4af4bf028dc736c0a9ad3,BUILD_FAILED,True,False,
unit-308fe6093cbc45b57823698f448055dc,BUILD_FAILED,True,False,
unit-db6995f5257ec3c48409dd90bbeed9fd,BUILD_FAILED,True,False,
unit-da2029027f2834f2905daec6fbb1b58f,NOT_SCHEDULED,False,,
unit-f83bc313aacf479e938dc64b4b6b9949,BUILD_FAILED,True,False,
unit-10fb03c4893b5986445471f6949e6665,BUILD_FAILED,True,False,
unit-2c012794d3dec32020b29d0cdbe7e71f,BUILD_FAILED,True,False,
unit-e082003f2ec9441067e098852eb75eda,BUILD_FAILED,True,False,
unit-814f4ce447d8e5d91acc52c406dee691,NOT_SCHEDULED,False,,
unit-301d44ca1c59e228099ed3fec9100f6f,BUILD_FAILED,True,False,
unit-059121c3c319aa3946226c5cfa0b73ca,BUILD_FAILED,True,False,
unit-c5381fd56cdcb281e3151c2eb7f874da,BUILD_FAILED,True,False,
unit-0ae9ec6d4c051100b99c6a743489667a,BUILD_FAILED,True,False,
unit-f382210791253a2885c9a33d8807e4e8,NOT_SCHEDULED,False,,
unit-719ff8e27a43937ba88c5f749879b73d,BUILD_FAILED,True,False,
unit-2aa9d939d07777c71f42575715dfb033,BUILD_FAILED,True,False,
unit-9c2e616117d45e80544b5c6fa0dd9dab,BUILD_FAILED,True,False,
unit-f76ad2d55b0e7433ea3d1250df869d5c,BUILD_FAILED,True,False,
unit-faec7658c644e909205198d46e8a5bfe,NOT_SCHEDULED,False,,
unit-5b8590a4c344762c308f9e8a57e61f36,BUILD_FAILED,True,False,
unit-6bc4cfe981985940b7cc2218753628e8,BUILD_FAILED,True,False,
unit-559d495c7be874b0c6ba58222c7e628e,BUILD_FAILED,True,False,
unit-500ea67b07f980466d0d9fe19e5b5fef,BUILD_FAILED,True,False,
unit-3d58e81ad237446cf2740385fafae1a8,NOT_SCHEDULED,False,,
unit-22bc55d102fa39a375d8ce8f6f0fffaa,BUILD_FAILED,True,False,
unit-84e3946032589863953f660c3fb9921c,BUILD_FAILED,True,False,
unit-062777ccfb6738bd5a4686923c27e42e,BUILD_FAILED,True,False,
unit-8b411f7a4c50ce14f5713a89b2e4e10e,BUILD_FAILED,True,False,
unit-a4e65651a8924cddaeadfca18978f66f,NOT_SCHEDULED,False,,
unit-f3d0505af9246b70192134404286fb96,BUILD_FAILED,True,False,
unit-8c030c6c5d7bb4f38be8cfafc474d2da,BUILD_FAILED,True,False,
unit-d35d55a52b7ffffcdff70c327021bf03,BUILD_FAILED,True,False,
unit-07cecc610567e69c06494609d3afa6d4,BUILD_FAILED,True,False,
unit-d332b173657c58a2df07ea06e31eb05b,NOT_SCHEDULED,False,,
unit-e139cc647e588923d4edeca99419131d,BUILD_FAILED,True,False,
unit-76e1f873a6ade98a9ba9cad24238a4a2,BUILD_FAILED,True,False,
unit-9bde637f9389b5de29be8ffdf1c27838,BUILD_FAILED,True,False,
unit-8b388df0d9406daa0b9a67a817a40394,BUILD_FAILED,True,False,
unit-7669669eac358d65b345d7c9d3f7da13,NOT_SCHEDULED,False,,
unit-64ab353b038d8d90afa3d839fae966bc,BUILD_FAILED,True,False,
unit-be83b67b767570e411dc8d6bf59f9c21,BUILD_FAILED,True,False,
unit-a94c2a3be6d2cbc830d9ad430f54ec70,BUILD_FAILED,True,False,
unit-03d172884a9a17976fc83635b7909854,BUILD_FAILED,True,False,
unit-b2080507bbb111cf5b0bdde3678a32ad,NOT_SCHEDULED,False,,
unit-65f96124ff0c83d20e945825e6eadd2b,BUILD_FAILED,True,False,
unit-855110aeb663f9bd6a80f251d22d1182,BUILD_FAILED,True,False,
unit-61f55d4db574fc6c7a5fd731c50a749b,BUILD_FAILED,True,False,
unit-f83bd94477056b30d5cb9fd9c4125128,BUILD_FAILED,True,False,
unit-02850fb3425c4a635d84bb9c5663eed6,NOT_SCHEDULED,False,,
unit-f269e9052bd52b84a1bd859284ba4989,BUILD_FAILED,True,False,
unit-e63af4532fbe4cb70c8c4493be6edfeb,BUILD_FAILED,True,False,
unit-a3e6c22c8f2c1e026c52a3f1ad788735,BUILD_FAILED,True,False,
unit-dc11c1ea3b04cbe3d24343b6574d14da,BUILD_FAILED,True,False,
unit-19f1a6d894a5b364168962f2f3951b4a,NOT_SCHEDULED,False,,
unit-134a7851611b3eac0ed62c8187b885f2,BUILD_FAILED,True,False,
unit-688ab16e4151a4fa17208ef8d615fe41,BUILD_FAILED,True,False,
unit-c6a7a907f4935b1e24d9576fa3cc9225,BUILD_FAILED,True,False,
unit-fee85eb63d65561b65e95ce33e29f556,BUILD_FAILED,True,False,
unit-7fd5254cdfacfc00f64b0cc48129c2a8,ABSTAINED,True,False,
unit-ce0c3b0ab51d48cbca7b18971b2c5eba,ABSTAINED,True,False,
unit-5f6a0b28c96152b4ba1225dee764a24b,ABSTAINED,True,False,
unit-73a90070f1c315f79b6de3d3bcf1f8a5,ABSTAINED,True,False,
unit-07dff8bd0f23e474bfab4b72d62ac051,ABSTAINED,True,False,
unit-6130f66d558fcd3a164f768d27b4f42f,ABSTAINED,True,False,
unit-0de651695bbdb706b9c6b823b178f247,ABSTAINED,True,False,
unit-22c71a39cf94fcb3d581d4c0ea2d5adf,ABSTAINED,True,False,
unit-cc11cce728f6e85897977394ead6a7ce,ABSTAINED,True,False,
unit-d318c4fb6c267b08bdf52808a2023558,ABSTAINED,True,False,
unit-169f9cdb8114f52fd8a6230c1f8e9f8f,ABSTAINED,True,False,
unit-4fbd64065a7cb62ed3f4b829499407c1,ABSTAINED,True,False,
unit-278a4589436e70dc13efa1b106a91b6e,ABSTAINED,True,False,
unit-0804b38a5748b401ecae202902978cbf,ABSTAINED,True,False,
unit-04506708f80119f67ef6a321fb193157,ABSTAINED,True,False,
unit-8226a8084f69f66b349d46da9f82c508,ABSTAINED,True,False,
unit-43dce97971dca462ae596cb370ea425f,ABSTAINED,True,False,
unit-358a7382b776dd2828f456e360f11575,ABSTAINED,True,False,
unit-6818dbae710c6f71e8ce6df42d7a68ab,ABSTAINED,True,False,
unit-e67ca01e7deafb162a7eb6d2049ae9d4,ABSTAINED,True,False,
unit-5a944acf2f7bb5a967a7dcf849ca162a,NOT_SCHEDULED,False,,
unit-540bad5e52e49398d4a3f921f52bb55e,NOT_SCHEDULED,False,,
unit-333a1773bda783b68019cbbef461edbb,NOT_SCHEDULED,False,,
unit-45f4750664d27f73adad66bdc061ba23,NOT_SCHEDULED,False,,
unit-874c4458446407b8db7c2162f4471b0c,NOT_SCHEDULED,False,,
unit-a9b530be1ee861da252434c5f020e3ec,NOT_SCHEDULED,False,,
unit-0ab1189d0912978f10de8249cd058100,NOT_SCHEDULED,False,,
unit-79b1b4ec88c73897419eb56e426a294e,NOT_SCHEDULED,False,,
unit-a358bf45b691e1d772ca9eaf1b00e747,NOT_SCHEDULED,False,,
unit-488970a2853828b0a98c1565bd67b4d4,NOT_SCHEDULED,False,,
unit-e9cc5ecbefdbf0018faa272cf218225b,NOT_SCHEDULED,False,,
unit-904649c0eaed5289ab8c3d77f293a6ca,NOT_SCHEDULED,False,,
unit-799d233c60785def0b26b461ab6ec0c5,NOT_SCHEDULED,False,,
unit-bcc82c00792870fd7bbf074909aa26dd,NOT_SCHEDULED,False,,
unit-0927bf0cee9131b6cda4cfca18ed7522,NOT_SCHEDULED,False,,
unit-c52d18d2fb73175fac6b0f103a407066,NOT_SCHEDULED,False,,
unit-27ef812bfb577a9b77650b14d751c06e,NOT_SCHEDULED,False,,
unit-1980e9b294391ece73edda2222936bb8,NOT_SCHEDULED,False,,
unit-5c4d8e736dbfc74cc3f531150d83cb57,NOT_SCHEDULED,False,,
unit-4f3b9c1467b2773ba0726c30adce8456,NOT_SCHEDULED,False,,
unit-869f51140a335e1f9a496e8080e431a5,NOT_SCHEDULED,False,,
unit-07e16c7b75c269ba5fcf6dfe9d2031a3,NOT_SCHEDULED,False,,
unit-e7fc27e25219827fc7e813ee0ad05e04,NOT_SCHEDULED,False,,
unit-52f265c800bb6f5f9a2c0bde50d9beb1,NOT_SCHEDULED,False,,
unit-41c370e5ed7229b0e59322d24e13aefb,NOT_SCHEDULED,False,,
unit-1990700833e643234ecbdefc18e23ef4,NOT_SCHEDULED,False,,
unit-1423cf452f448670c3440707600a6a14,NOT_SCHEDULED,False,,
unit-cebc5f919f5a8a25689a78f0c2bb6430,NOT_SCHEDULED,False,,
unit-55237fe6e4f0639cbb673b7e30686ef4,NOT_SCHEDULED,False,,
unit-06d5aa888dd8fedd681a784947c785e2,NOT_SCHEDULED,False,,
unit-5093eb347f21d5d21407cdac2ef09d7b,NOT_SCHEDULED,False,,
unit-ded0d4fd2a295c5e0c59212ee0ee595c,NOT_SCHEDULED,False,,
unit-5ec41a05af43efadfac1fe6e06754505,NOT_SCHEDULED,False,,
unit-b3215e5a8fc9d223c32ede6e188ebf32,NOT_SCHEDULED,False,,
unit-b36fb93b71169eb124a7ec70183b205d,NOT_SCHEDULED,False,,
unit-74a1d562447c9fd2c0716f71a1616e60,NOT_SCHEDULED,False,,
unit-3362033b9524424d275a6507875758fa,NOT_SCHEDULED,False,,
unit-b0c2e42994364ac50a673ab613707eb0,NOT_SCHEDULED,False,,
unit-734e46ac8aea9e453fad180498cb849e,NOT_SCHEDULED,False,,
unit-900c2f949a2aa32c2b675e5182661512,NOT_SCHEDULED,False,,
unit-d9d10e0e7e106edcefb79a280486792f,NOT_SCHEDULED,False,,
unit-6ee14724a2d9931884b9bba93a2144a2,NOT_SCHEDULED,False,,
unit-6cecea8624217d6e99338e1161eb0dd9,NOT_SCHEDULED,False,,
unit-bfb50767b2c3de67ee512d9d3f1e93a9,NOT_SCHEDULED,False,,
unit-96e30031023eb485e8930b45f53f58d3,NOT_SCHEDULED,False,,
unit-1db3da568de46c610ef83a913d51ef99,NOT_SCHEDULED,False,,
unit-7d463ba075ac73e7a917c32359ac78c9,NOT_SCHEDULED,False,,
unit-1fffea2048430d896f2f0420f8af0ef9,NOT_SCHEDULED,False,,
unit-7a1fbe0059909bb68891f449fc56326d,NOT_SCHEDULED,False,,
unit-4326d13cf344692ae5ef133e3973159c,NOT_SCHEDULED,False,,
unit-2f596010000c9d16e96c1699c2339ac2,NOT_SCHEDULED,False,,
unit-ffa6eeee160cc9c859f0eda356c8ef76,NOT_SCHEDULED,False,,
unit-e6e49799c429695a0653e2c4d8711621,NOT_SCHEDULED,False,,
unit-8edf0cd94b30105c89a1f48b3d2a07ad,ABSTAINED,True,False,
unit-28f01904e0a60729e3c7c6a0a7a369cd,ABSTAINED,True,False,
unit-669fb1fb7e30d90ff48e8ebb8d1cbaee,NOT_SCHEDULED,False,,
unit-2dde9e9e3ad1eb2744af89018d1a72a7,NOT_SCHEDULED,False,,
unit-d8c197e6b45542bd5b314b0ff25f9056,NOT_SCHEDULED,False,,
unit-b43dfa90ca04f978ffb50b704a9e650e,ABSTAINED,True,False,
unit-51ac544da642a95bd8eb5334da46f4a1,ABSTAINED,True,False,
unit-453d63c2dcafe197f6e7d8bf61fd1cd9,NOT_SCHEDULED,False,,
unit-6e2821ab1eb0f6a964cfec83e86036b6,NOT_SCHEDULED,False,,
unit-64acd928ba948e5a1cad9f60e4b7e85b,NOT_SCHEDULED,False,,
unit-e53837de3599221ed8e6f01ebcaa34dc,ABSTAINED,True,False,
unit-5d5ad2580786aa16751b7195583d8f4a,ABSTAINED,True,False,
unit-d8c169b3d5e27d8ad8e8316c6c10ae4e,NOT_SCHEDULED,False,,
unit-d0644d92e810fda5d7467e47afe6ed2a,NOT_SCHEDULED,False,,
unit-fd86dd2ac46e3e79854b1f867bc81201,NOT_SCHEDULED,False,,
unit-8f1ad9f52d1b894d19d52839408e81b6,ABSTAINED,True,False,
unit-79f7fc5783b0a43cba36694022dcf5f7,ABSTAINED,True,False,
unit-b505d6b41092a5832c661c9c1a9f9e9a,NOT_SCHEDULED,False,,
unit-6653d4120626ee7141cc71c466b201e5,NOT_SCHEDULED,False,,
unit-27e965ded699bc153cb542391b1422c1,NOT_SCHEDULED,False,,
unit-2a5ea968824ea7853c31e605c0065a8f,ABSTAINED,True,False,
unit-269e4c15b6ea690e7c868c26fc3fc954,ABSTAINED,True,False,
unit-e42f490f8f7f5e3ec0a97bb43fe2c059,NOT_SCHEDULED,False,,
unit-9813c96dbe46c4e9146b3cc9f9bd293f,NOT_SCHEDULED,False,,
unit-d18e0ad10baaffced4a66a9d306d0c47,NOT_SCHEDULED,False,,
unit-9420b96303896c9ac5e6e8fc8fda1521,ABSTAINED,True,False,
unit-15255bb926892323d334a6637bcd215d,ABSTAINED,True,False,
unit-228cab8ebdb13236be65e30e1a55f3fe,NOT_SCHEDULED,False,,
unit-5415b34d1eb287e66ee4dfac5052b2ec,NOT_SCHEDULED,False,,
unit-a9d123e3603cc38d4f5a2f93846ba731,NOT_SCHEDULED,False,,
unit-59490c1106bc2b637685173da0f28f85,ABSTAINED,True,False,
unit-516e1acb0c4f4f5c52516879907b583b,ABSTAINED,True,False,
unit-5b3e67a897b8976b6589f7a3b40efda2,NOT_SCHEDULED,False,,
unit-f6abc8a24441f0d886804be72601d7af,NOT_SCHEDULED,False,,
unit-236fb7236a54d3f868e16a4ee198dae5,NOT_SCHEDULED,False,,
unit-12cf05b99381c9fbfac7058d38b6c314,ABSTAINED,True,False,
unit-beb18c2cd9cc186d86e173420abf073d,ABSTAINED,True,False,
unit-fbd832929c6b42968107f9b1f0ee1d79,NOT_SCHEDULED,False,,
unit-9d4961ec9d4afcbd4e7548fc87f399e3,NOT_SCHEDULED,False,,
unit-82989f53b92f8e8936fd51e168e5054a,NOT_SCHEDULED,False,,
unit-fce42ee1954461d78e1035b2f7ec310b,ABSTAINED,True,False,
unit-ea60e810d44a98f7c6304faba220df6a,ABSTAINED,True,False,
unit-4463648f99c2487d2606267712515be7,NOT_SCHEDULED,False,,
unit-c3b10d1e7a838b272454f626af1dbef1,NOT_SCHEDULED,False,,
unit-46afb4857e2dbae4bb7d65d06dae91c9,NOT_SCHEDULED,False,,
unit-9c48bcf65969b2b71b85e2d07cd8d1f4,ABSTAINED,True,False,
unit-b101c86c26281d7db52dbadf92b78888,ABSTAINED,True,False,
unit-065e6a430a4c4036c3802425d5439f67,NOT_SCHEDULED,False,,
unit-9c8d76d9556f3be3a0f4e925f648ea7a,NOT_SCHEDULED,False,,
unit-45243846e4c2235bdfe5c1b82aa81a71,NOT_SCHEDULED,False,,
unit-dd3fe3ea959bc79fb1e4c2265285b04d,ABSTAINED,True,False,
unit-667326af8408a72b240f7bf0d6de7bd2,ABSTAINED,True,False,
unit-1815bc8e1306a8841bdb6fa2ea671cbd,NOT_SCHEDULED,False,,
unit-bcc8490cd7a495a948d3b78717167cad,NOT_SCHEDULED,False,,
unit-ab9688536f0f1086220ab77479fe8a22,NOT_SCHEDULED,False,,
unit-b7365aeaae8e74792b42ee1c01961fb1,ABSTAINED,True,False,
unit-eb002d5e3de04be7090b8cb7c4dadce2,ABSTAINED,True,False,
unit-890780db9cf88059d63581ca6368206c,NOT_SCHEDULED,False,,
unit-dc6c27c647aa61f7633cfc031bafa0a9,NOT_SCHEDULED,False,,
unit-661011177a7bde1f73813eb02ec6136b,NOT_SCHEDULED,False,,
unit-f1020ad21a0d6ae9fd08bf59bd058831,ABSTAINED,True,False,
unit-6385748603a6708e72b133329d4b2d6f,ABSTAINED,True,False,
unit-0fdfcb71e9dbf7baab91e82d1851efa9,NOT_SCHEDULED,False,,
unit-63a36eb21ca5f8c0a166fd30a70bbd51,NOT_SCHEDULED,False,,
unit-056da595e87656bf5ca249524e6c28be,NOT_SCHEDULED,False,,
unit-62a6319efbb32da6dd7002ec524dd7a1,ABSTAINED,True,False,
unit-578835b673026ef1b34e21f8c13a4d5c,ABSTAINED,True,False,
unit-edfe881a398e7ac5504dc660c6b7281c,NOT_SCHEDULED,False,,
unit-bcad47dbb2360533bd4bfc635a8d8a4d,NOT_SCHEDULED,False,,
unit-d0e3fdde670e560ffecea35344e8606c,NOT_SCHEDULED,False,,
unit-9f4c790a4d839af9a463d5bccbb737ae,ABSTAINED,True,False,
unit-475ac17d50f15d68b3cb51e46242e8cc,ABSTAINED,True,False,
unit-cc38d058c246c6d9bf24dcba0a603a8f,NOT_SCHEDULED,False,,
unit-8501c7727418e74d79629cc4ddac765f,NOT_SCHEDULED,False,,
unit-25ddc142405b9598b4c66419f22c4fd4,NOT_SCHEDULED,False,,
unit-05878269b552c9967e3febe3cfe49373,ABSTAINED,True,False,
unit-0a582039d6b695594b8b12b6dbd90d1a,ABSTAINED,True,False,
unit-c98bc8fbba9321428cbf37cce8a4523b,NOT_SCHEDULED,False,,
unit-1487182fe1b6d5acd79ce14a1d42e226,NOT_SCHEDULED,False,,
unit-e4da0ef96295052dcc4292833af83762,NOT_SCHEDULED,False,,
unit-cca37e053334f924e5da65a92088c0ad,ABSTAINED,True,False,
unit-ae387b88520d250d49f4647fd1ebf88b,ABSTAINED,True,False,
unit-c3f402b8b6aba91d8eda88f123b2c832,NOT_SCHEDULED,False,,
unit-ac38140e58f9e1613e5611ec08f4383a,NOT_SCHEDULED,False,,
unit-dfc5150af383a1016716b972c331ca94,NOT_SCHEDULED,False,,
unit-3cbf7830ad1dcd0a95e80be1976aef6d,ABSTAINED,True,False,
unit-bd09c3d6a4966b57d29ed56328a2453d,ABSTAINED,True,False,
unit-dd39a892db38e182167d8da8efb48849,NOT_SCHEDULED,False,,
unit-76076beee954aca7fea26be284e806af,NOT_SCHEDULED,False,,
unit-44d2b02809242393398ed72920ede2c4,NOT_SCHEDULED,False,,
unit-dfc7c99dfebfbc9b934a9eb7c1089d6d,ABSTAINED,True,False,
unit-d8bfcef363fbbc5fb7aee5e530c5eacf,ABSTAINED,True,False,
unit-6a3170591c1864806931de430580ead2,NOT_SCHEDULED,False,,
unit-0eb6d41de14fc983fe2a47fa972f9282,NOT_SCHEDULED,False,,
unit-a24001625af758a8539183b021cce342,NOT_SCHEDULED,False,,
unit-599944ad6498585f718e6e1f05c1fce3,ABSTAINED,True,False,
unit-a75bb6f057cc100a56db47d1663799e6,ABSTAINED,True,False,
unit-aa7938631551b2b2ab9b9e069cc823b3,RECORDED,True,True,False
unit-30bbe4442a764056d19054b67d6198f6,RECORDED,True,True,False
unit-c8d21aae93f57471e727c589b6ca3526,ABSTAINED,True,False,
unit-2b430c0661287bb92838222084bde148,ABSTAINED,True,False,
unit-050eb0c8b408c3f87e87288a913c3f80,RECORDED,True,True,False
unit-1c8f2c6d9746a19ee7ab9a1f495e10ce,ABSTAINED,True,False,
unit-0ee9f162d0a1255647ae0bfd9eaca855,ABSTAINED,True,False,
unit-d1bf920eaa872b1ab4bfa89389d3eb33,RECORDED,True,True,False
unit-d45dc20df421ed075ea2f2c1bc9e2680,ABSTAINED,True,False,
unit-e0f1a367e6b77d6b24e97ae3ba4f92e7,ABSTAINED,True,False,
unit-917cb39ffc48af73499833391452acb2,RECORDED,True,True,False
unit-994d41cda5f79a325bea40cde0c90c57,RECORDED,True,True,False
unit-bd66d71d3770f7de84fb93e3136b357b,RECORDED,True,True,False
unit-9227132d09ee88af0d40d96586c12ed5,ABSTAINED,True,False,
unit-2b327106180368b0ba4b04033156807a,ABSTAINED,True,False,
unit-4a69ff5d51af9b61aef9341cc277e6f6,RECORDED,True,True,False
unit-899936b6f20146059ed70567e05c780a,ABSTAINED,True,False,
unit-e9e7bbbcf2e9fa59b04a6e067e91bd8b,ABSTAINED,True,False,
unit-e29ed4102e2bab6b17ff881bb4b9fb13,RECORDED,True,True,False
unit-6a3c81bc0b666d9dfa9de83a53dee16a,ABSTAINED,True,False,
unit-1fccd9c2ab3604b343654a662f2ce11a,ABSTAINED,True,False,
unit-e4a4b2c02bbfddb371e87917215a2697,RECORDED,True,True,False
unit-6065260eb38d371d1dcdc62372ce6563,RECORDED,True,True,False
unit-7357f743312bf484a2e97ec767fa8418,ABSTAINED,True,False,
unit-028cd083e0e56e8494c4cd83549d18e5,ABSTAINED,True,False,
unit-ccb90ffb79daea0b1cf9e0997b5f3dde,RECORDED,True,True,False
unit-3227e991be4434a01f401a1b3a58c29a,ABSTAINED,True,False,
unit-d182e8d9d09bc49eef12b90b53921cab,ABSTAINED,True,False,
unit-cc123506ac3583f1293b70f49165e310,RECORDED,True,True,False
unit-2e76e20236dd9cfaded0f8376c5f084a,RECORDED,True,True,False
unit-7f9abffb64894d292eece2b40ad5a9c4,ABSTAINED,True,False,
unit-d22d3f23efab6b7415e74b4f3ebd326c,ABSTAINED,True,False,
unit-f6f469921389c2a929518578482a385b,RECORDED,True,True,False
unit-9f539475d9ef17f9c53c5ada7e1b479c,RECORDED,True,True,False
unit-38e262b0dad4c1271b4c0be05ab94d21,ABSTAINED,True,False,
unit-0b1c968d1bd7c5d94a3afe63583cb0fd,ABSTAINED,True,False,
unit-ec5e4e6dd11d30b40fd830a5d77215c2,RECORDED,True,True,False
unit-cc6ba156f90612eab2b4e3f29883ba10,RECORDED,True,True,False
unit-f3577e82ecefa4e1310ee7a1909f7f25,ABSTAINED,True,False,
unit-f01c02544296a5735212ed4cc68c068c,ABSTAINED,True,False,
unit-8c4516a48b342734f7a727d65bdadae1,RECORDED,True,True,False
unit-3747bf1e792c75aa6e08d2b2e1f10e25,RECORDED,True,True,False
unit-64aa6966be14eb552791a2f087a06f39,RECORDED,True,True,False
unit-42f49d62407787a41966beb571736104,ABSTAINED,True,False,
unit-9df22d6a304cb5beefb7e2e79dfaf2eb,ABSTAINED,True,False,
unit-579716a4f1ba2d99c5fd76012c01fa03,RECORDED,True,True,False
unit-091d4f02999b1e55627246f23b5e5b40,RECORDED,True,True,False
unit-c9ea15514de190d0043a713b748432d2,ABSTAINED,True,False,
unit-a06f86ec9ea9928fe954c39b49b02035,ABSTAINED,True,False,
unit-07413fd8bb53edd8dec9d37bd5f4c331,RECORDED,True,True,False
unit-27ede9e54f551b4764a13e0b65cdb242,RECORDED,True,True,False
unit-210ce694fde9b23b7ba9c7fd1b122010,ABSTAINED,True,False,
unit-8e05e156e06183727c9cd614fd78c5ed,ABSTAINED,True,False,
unit-805472aaedb4806ec4d1c5c087caecbe,RECORDED,True,True,False
unit-f1f5ee1867cb26ff87fd36cb4635323b,RECORDED,True,True,False
unit-abd1937c3a4547d4c07f8d753c9599b2,ABSTAINED,True,False,
unit-353cee84efc9b12cfd5b7c02650e93f2,ABSTAINED,True,False,
unit-e3901b2e3ea60e178878b496d8786c65,RECORDED,True,True,False
unit-078474660cc01a8d730346f4a8ba64b9,RECORDED,True,True,False
unit-5abc2a84dffe1cf3b37ba7e5f2087620,ABSTAINED,True,False,
unit-62d99121f30a82aa1365dfec5c12117d,ABSTAINED,True,False,
unit-89f54084f6644381fce85d4d07ccd38f,RECORDED,True,True,False
unit-2c60b442d9e41433a8c7b4ca8fb84713,RECORDED,True,True,False
unit-579c51355faedd0d3cacac6466cfb887,ABSTAINED,True,False,
unit-2dddb37da998ca2b2c5b5f0e61afa804,ABSTAINED,True,False,
unit-47730e7ec119cffb0dbd3ed556728c74,RECORDED,True,True,False
unit-a393ae863b15daaa037b1a176c62ddcf,RECORDED,True,True,False
unit-ae13cc94330efcde7149bb6cb353a791,ABSTAINED,True,False,
unit-475da151f39bb45a4182ff4a3d79f532,ABSTAINED,True,False,
unit-18ad7d90f544ed3e85f83272aade05d2,RECORDED,True,True,False
unit-f0898f1b58fc936716b31e977bee3b1b,RECORDED,True,True,False
unit-4569b80da6e74ad81dc57c03e0b00429,NOT_SCHEDULED,False,,
unit-a065e5058270530542f937da17453b23,ABSTAINED,True,False,
unit-2a6dd89b0a76afe30ba2469a1dad922a,ABSTAINED,True,False,
unit-bd8412cd4935c9397568b8ce03da708b,RECORDED,True,True,False
unit-2558fdc7a0e880631dd564a36218eeba,NOT_SCHEDULED,False,,
unit-77aa1a3a176f358f01e5b263498ace8d,ABSTAINED,True,False,
unit-c1232ac2e96e40937c28e3c528d46127,ABSTAINED,True,False,
unit-9604e1abb71c87953b2e356175ccfd05,NOT_SCHEDULED,False,,
unit-c74042c97c6a942d56aaf2dc53e6f585,BUILD_FAILED,True,False,
unit-8bdce55d23c16b016dff298c6b5dd0ee,BUILD_FAILED,True,False,
unit-0ea1d567ef839239fff49ddf89fc57e0,BUILD_FAILED,True,False,
unit-0244118ffbdceda057065902a004acfa,BUILD_FAILED,True,False,
unit-a7bcbd7d8c919181fa424a8a0f6be41f,NOT_SCHEDULED,False,,
unit-690c6a684221b8ab0b50788bb5b0cf33,BUILD_FAILED,True,False,
unit-0f71e01339a2f7042849bc52e64132ac,BUILD_FAILED,True,False,
unit-78542abb72c31bb6cff011838ea4ce48,BUILD_FAILED,True,False,
unit-fd8de9e220b570da3b18c8eb6208c749,BUILD_FAILED,True,False,
unit-d81cfcd9b740d6b9d5330c6712ff9178,NOT_SCHEDULED,False,,
unit-d18f2deabdc379dbc0477847b0c486c8,BUILD_FAILED,True,False,
unit-ff2f15b5a2926a8ea94011df2bfe727b,BUILD_FAILED,True,False,
unit-5baddf8a3e3d3fe68f16fe76ad39787c,BUILD_FAILED,True,False,
unit-1008b9467badcc7dcb41c5680951f8d6,BUILD_FAILED,True,False,
unit-ec8a6b50bfc15a6d214f785b0cee649b,NOT_SCHEDULED,False,,
unit-abdf15b5eb8c20f02b6dc953725b705a,BUILD_FAILED,True,False,
unit-dfa477df29a81f60754bb31a4eb1230e,BUILD_FAILED,True,False,
unit-a97f10d6881b4c22d023b6b8af076358,BUILD_FAILED,True,False,
unit-16ea447d6ad5c078b02b77814615f589,BUILD_FAILED,True,False,
unit-bcfe3ec3967e55a24269736d0101c3ab,NOT_SCHEDULED,False,,
unit-9078eb4cc2eb905210d76de28e790ee7,BUILD_FAILED,True,False,
unit-512be5c8c28b0648498c8f608fe767d8,BUILD_FAILED,True,False,
unit-48786e25b213e5d81e2d1d58ae68a839,BUILD_FAILED,True,False,
unit-0f371e261778f6b324a4029ccfa0524d,BUILD_FAILED,True,False,
unit-74b74b629b4b0223f3f4a457bd4e9ac0,NOT_SCHEDULED,False,,
unit-7ec34f07640a0952498baca69d3a6daf,BUILD_FAILED,True,False,
unit-9de8c571cb631cd2beb0cf9f36f94a09,BUILD_FAILED,True,False,
unit-19aa4acd8548da0770747681b851c917,BUILD_FAILED,True,False,
unit-258f5e5b999c6b65791528f9dd62d717,BUILD_FAILED,True,False,
unit-cbee9800b7381239554b3fad5a7ae462,NOT_SCHEDULED,False,,
unit-7285024bdfc94bc43a3eb0613f82e6b1,BUILD_FAILED,True,False,
unit-a41371059a2089f67d2285ef33339b67,BUILD_FAILED,True,False,
unit-df3c2ed6efa70a9c45388b8dc8c33f33,BUILD_FAILED,True,False,
unit-8b89c13ca377a68f7696ab314906ad54,BUILD_FAILED,True,False,
unit-7b68369e497326cc9b5bb2a0e86cc020,NOT_SCHEDULED,False,,
unit-9ca2b560b28ef827a43dd183b1198530,BUILD_FAILED,True,False,
unit-68eec4f6ab5d89feb01a06090dccf6c8,BUILD_FAILED,True,False,
unit-9fad6ea75c306ac43b9778caf5b4afd2,BUILD_FAILED,True,False,
unit-b7042d86637b1d06c6a29527cb56b09e,BUILD_FAILED,True,False,
unit-a082d4832198b8854154625af129cce8,NOT_SCHEDULED,False,,
unit-1bedb816094807485094f8f285679c64,BUILD_FAILED,True,False,
unit-59e05aa6eadb1f460db4092ab9405a29,BUILD_FAILED,True,False,
unit-50c9768e1bc1c3f136ef9092638efa50,BUILD_FAILED,True,False,
unit-9916e9c5f719c29221d649ddfe6caf13,BUILD_FAILED,True,False,
unit-f16d4aa6c65f50a78d4e46582c7cfc71,NOT_SCHEDULED,False,,
unit-8503592ca3bf0207132b367426446e4e,BUILD_FAILED,True,False,
unit-d804c9480e42269779ac9df6ccd003e4,BUILD_FAILED,True,False,
unit-dacb3584ffef0f59cc9cc60ff781470e,BUILD_FAILED,True,False,
unit-69da36cd5287f35f4964b99019bdff7b,BUILD_FAILED,True,False,
unit-94ecd9846204f480b366b72f34bf9597,RECORDED,True,True,False
unit-5b9a1e47afbe537dd897f48475590b6c,NOT_SCHEDULED,False,,
unit-cc5da5f04d7946e060dc64623ee5b772,NOT_SCHEDULED,False,,
unit-8d2142a8dfdee14cc33508fa62fca98b,ABSTAINED,True,False,
unit-0870f226db7a61961f8201e747366326,ABSTAINED,True,False,
unit-f3a471f9c97e0a172e692ea9a5fa1419,NOT_SCHEDULED,False,,
unit-f83f9351ba408bae7c63de93cbd83763,NOT_SCHEDULED,False,,
unit-33e46a1697f8d262b4fa2e50ce445dcb,ABSTAINED,True,False,
unit-7149590f61d28a0af40edb8a8cc9e0af,ABSTAINED,True,False,
unit-994d4ea35bcc18fea4b03dc7d23afa71,RECORDED,True,True,False
unit-ee087d9d8e86f8f67715fe0ef92f977b,NOT_SCHEDULED,False,,
unit-97269083464d56e196c662b099021864,NOT_SCHEDULED,False,,
unit-c7a43c2a291204846c4b6aecfef74508,ABSTAINED,True,False,
unit-06a1f387ed37291caa04747e12470a5a,ABSTAINED,True,False,
unit-7a958b3929dea19082eeddb42824762b,NOT_SCHEDULED,False,,
unit-9f3b5b28b2447f55ee74e9562b3e2f1f,NOT_SCHEDULED,False,,
unit-052fcf573daea4843e449521fc308af9,ABSTAINED,True,False,
unit-cacb69e2211b61d36023f77c5a109b62,ABSTAINED,True,False,
unit-212db12a1c746b4102d1be9e759b9c88,NOT_SCHEDULED,False,,
unit-d90cd2a91f076035e1285b50647bdafa,NOT_SCHEDULED,False,,
unit-4f37b2a389e2bc0f8c023c971edef75a,ABSTAINED,True,False,
unit-aa439e97a51d56eb62197b0160a74190,ABSTAINED,True,False,
unit-2b276e35b2c748aff7b1d1b1e76921b2,NOT_SCHEDULED,False,,
unit-2c78f35de62bb594b70a0691fd157659,NOT_SCHEDULED,False,,
unit-10dfee3ef5e974757f4713d280bf6c95,ABSTAINED,True,False,
unit-4500416122b30cd10d3a7c9563aef4d1,ABSTAINED,True,False,
unit-89878fa3b2575c4c26a37c8ac9618bd4,NOT_SCHEDULED,False,,
unit-b6018cd3d05abca00a2cf8ec11e948c7,NOT_SCHEDULED,False,,
unit-47f2d5ed49aab61c673ed2c512ef5b01,NOT_SCHEDULED,False,,
unit-fe7935b75cf129d1162602fc5dc06a1f,ABSTAINED,True,False,
unit-b319274fc10a93dbd7c436f4a36303d6,ABSTAINED,True,False,
unit-89e343d0f20a60eb8328ad5005ad8c3d,NOT_SCHEDULED,False,,
unit-592cf21172ee74f977df9507e2dd5c1a,NOT_SCHEDULED,False,,
unit-5717a32b3ff211962ff702b931fd4882,NOT_SCHEDULED,False,,
unit-4efc9355a177052d9657fcbe5c3d678b,ABSTAINED,True,False,
unit-406984cd59810f6259a413e07941b075,ABSTAINED,True,False,
unit-2804678b8e52f7ca885f75b97548e2ef,NOT_SCHEDULED,False,,
unit-2c8747c9b908bded0d455934c7a31c70,NOT_SCHEDULED,False,,
unit-50cdc0525dea68538455499c321b4319,NOT_SCHEDULED,False,,
unit-585f684329d3e9a4993b884ecff8af4c,ABSTAINED,True,False,
unit-84cbee101e1a4377082c3715b42406da,ABSTAINED,True,False,
unit-4373c2d217e704688a86a2ef7797412b,NOT_SCHEDULED,False,,
unit-a4d64229b30d1b806b13452145742eb5,NOT_SCHEDULED,False,,
unit-70ca82ffeb26390cd26101d5a5a600ae,NOT_SCHEDULED,False,,
unit-57ec0ff8fd047fc9b0b62a627d44ded4,ABSTAINED,True,False,
unit-c6fa425171159e32be0ae5fe8beb24f7,ABSTAINED,True,False,
unit-0e23a973fc91f78ca674bb7f006df88d,RECORDED,True,True,False
unit-631cffd7c2ea55d394b72a0b51f5eba5,RECORDED,True,True,False
unit-e1f6bb1bfdc55f47cb2e2495fc83de41,RECORDED,True,True,False
unit-dec308ab94d66352f84df7ef5626631f,RECORDED,True,True,False
unit-ce70fd6f0867c676279dc37054be2036,RECORDED,True,True,False
unit-8e2653580a4d7cbdd99f83a2af45c0bd,RECORDED,True,True,False
unit-8fde4b790053c9f8b0205853df297176,NOT_SCHEDULED,False,,
unit-2eeca481cdd46e289418342b95a5f4ac,NOT_SCHEDULED,False,,
unit-b0819a8bf6c58c6a2e358754686cb467,NOT_SCHEDULED,False,,
unit-71b85a9b50739d45d8d64949abb98578,ABSTAINED,True,False,
unit-e716b8da17c4f50fc1a897e5ca529f51,ABSTAINED,True,False,
unit-0db9f22e2beed4c8db572fc261ed1444,NOT_SCHEDULED,False,,
unit-ad5abefe1f36fec13b4683c80c57acb4,NOT_SCHEDULED,False,,
unit-8b0c3c5f0698adea38a961684c5fdaed,NOT_SCHEDULED,False,,
unit-3f8b2e4b47429eb34ee7b05ab6119e77,ABSTAINED,True,False,
unit-0a9ef7fcc74a9bf94e2f32e6be32b9d7,ABSTAINED,True,False,
unit-49843a0b26251513ccdecd21df9906d3,NOT_SCHEDULED,False,,
unit-3b6f3427d1eac285115ba3fc0a6353a4,NOT_SCHEDULED,False,,
unit-87b8fcc7983e92faecb1235e0bdedc55,NOT_SCHEDULED,False,,
unit-b3f4f8f8760e8493ebcb33b423fc0cf0,ABSTAINED,True,False,
unit-bd1a4557883559104cd9f49b1a228990,ABSTAINED,True,False,
unit-682f846d425a6574490e38de3768f4ed,NOT_SCHEDULED,False,,
unit-65e3be5f7f8940e0996955d92460067b,NOT_SCHEDULED,False,,
unit-2e7e38460858ed70af09577e00b7a617,NOT_SCHEDULED,False,,
unit-373458ec93aba70a7948f7410f30f6eb,ABSTAINED,True,False,
unit-f046a3e7f8c0b157f09d1b13be6d1b55,ABSTAINED,True,False,
unit-cc152b331b69164052820d925a0ce7bb,NOT_SCHEDULED,False,,
unit-67d3cdb17b877beaf8c0453bec2ff7ec,NOT_SCHEDULED,False,,
unit-246d37d31377817ec1e4592c52d4273e,NOT_SCHEDULED,False,,
unit-b20d784e2b1cbe598c4bd26515ec292b,ABSTAINED,True,False,
unit-4e49b5f0f2887b94148bbf475afd9dbd,ABSTAINED,True,False,
unit-3a703590af1531d3b4ab10c4fc47c30e,NOT_SCHEDULED,False,,
unit-7185bf24fe11be7e209664d6a78a842e,NOT_SCHEDULED,False,,
unit-118043d9b50a36cd443c4e75ddd662db,NOT_SCHEDULED,False,,
unit-c9decdc0b59e29097020114b744bcbc2,ABSTAINED,True,False,
unit-4fd0902092ba22c65fbe1bd41267383a,ABSTAINED,True,False,
unit-5cb13eb5e44277d0e6a4ab6ea5755d3d,NOT_SCHEDULED,False,,
unit-09f323200d97c870c0249894858ad975,NOT_SCHEDULED,False,,
unit-c2c0681dfbd1c8be45009f4f15e164cf,NOT_SCHEDULED,False,,
unit-a255554ecf69e99ba9c0d07c5e3e41e9,ABSTAINED,True,False,
unit-9f230db0e1705458684f8e8a0ff8a804,ABSTAINED,True,False,
unit-37c66c5cc06528c70b6051d78e5220f6,NOT_SCHEDULED,False,,
unit-04c28a658b862b201dec6034b63f7759,NOT_SCHEDULED,False,,
unit-9dcb03a517c5acda1d2de54727a19287,NOT_SCHEDULED,False,,
unit-927ff25a1be46b89ce81a29d73d993e0,ABSTAINED,True,False,
unit-45b18238b560b7fefc969ede821fd7ef,ABSTAINED,True,False,
unit-cbd61ff7a81736b07f5925be31f0c243,NOT_SCHEDULED,False,,
unit-02e289704f5395f8f82e35f7e55f5c63,NOT_SCHEDULED,False,,
unit-5e368fae58f12dec839c7b7793826091,NOT_SCHEDULED,False,,
unit-a55482f730cb43cdf619baa1295ba36d,ABSTAINED,True,False,
unit-1beed9f971cf18e094b808f1bbebea68,ABSTAINED,True,False,
unit-a08ca5ab91498390f6d7faef12d23a85,NOT_SCHEDULED,False,,
unit-3594d36c5dcbc5dcde621764ac0f3e2f,NOT_SCHEDULED,False,,
unit-1c616a20e28ac4ae800333f0f7903dc3,NOT_SCHEDULED,False,,
unit-c15da564486323a0f91ed44c561d9d65,ABSTAINED,True,False,
unit-2240f47f7ead377dc038a9413c661227,ABSTAINED,True,False,
unit-648d05ed6ecc947f774d91cb0553fddf,NOT_SCHEDULED,False,,
unit-6a049c949112599a3084b3b829eccf04,NOT_SCHEDULED,False,,
unit-bf599b484958c466c23bf57fb773f848,NOT_SCHEDULED,False,,
unit-a1cc5dd05ce8c5424d4e181ad55a4700,NOT_SCHEDULED,False,,
unit-c7daf87912def37338895e20d4cf2e70,NOT_SCHEDULED,False,,
unit-65548591d0f8cc0966d691aedcd02966,NOT_SCHEDULED,False,,
unit-2cedcfd8db442c4fc4a3afae3e3bc400,NOT_SCHEDULED,False,,
unit-e9c4f43c6b479ca9f588e65975d514ef,NOT_SCHEDULED,False,,
unit-066927429703b248c545f36d2a9092ae,NOT_SCHEDULED,False,,
unit-0c492e64db285d4ecfb624531c47975f,NOT_SCHEDULED,False,,
unit-c43048c04d55102971bc51a0f1783e6a,NOT_SCHEDULED,False,,
unit-1ab11ef83262ca34049491e65874c194,NOT_SCHEDULED,False,,
unit-ee56a1ba14db55f4942b598062acacec,NOT_SCHEDULED,False,,
unit-be89d2ea2b1984b9984bdbbedbdb5ddd,NOT_SCHEDULED,False,,
unit-d11be69f7ef870a3a291e3967c01c5f2,NOT_SCHEDULED,False,,
unit-ec1915aa1879b2bc498785ac653a09a8,NOT_SCHEDULED,False,,
unit-407725dd5c5fd0c98afb84838940d3b9,NOT_SCHEDULED,False,,
unit-fdd95ba2cf78f570c64c12bd4b67b5b7,NOT_SCHEDULED,False,,
unit-f806336cd1604683e5c3073b97e7eb58,NOT_SCHEDULED,False,,
unit-cd126a40766bea37b50511325f1b3cbd,NOT_SCHEDULED,False,,
unit-dc02ba8b30aca3d76e1d54e806cb08be,NOT_SCHEDULED,False,,
unit-20f551014beeb6ea6e9bb1fa61f929e3,NOT_SCHEDULED,False,,
unit-d461ef117bbe8272fc2a9eb08fbcb341,NOT_SCHEDULED,False,,
unit-00428f727097b8e563b67c9e3719cffe,NOT_SCHEDULED,False,,
unit-3ad135e9a77336405af4dab1a2d7b6c2,NOT_SCHEDULED,False,,
unit-58607d0789c0dfa3c272118d955a9af8,NOT_SCHEDULED,False,,
unit-c15319781641bbdc465ada62375ccbb9,NOT_SCHEDULED,False,,
unit-953e86dbc5046917f0b6dacce4ada522,NOT_SCHEDULED,False,,
unit-2796d060d8760a14bd891834164ee250,NOT_SCHEDULED,False,,
unit-480ad121665f8aca8d1954da3a9ae13d,NOT_SCHEDULED,False,,
unit-0fc16ac5a573dc17addac4e43b19f774,NOT_SCHEDULED,False,,
unit-c2f30158eb83bdfec440b26465b4f1f9,NOT_SCHEDULED,False,,
unit-fdbc10fa9e312d6187743966add91014,NOT_SCHEDULED,False,,
unit-10a1ba43c7fe7e8d1ca6124c1cfa8f00,NOT_SCHEDULED,False,,
unit-089be23b70b9f711dead7106f6cf2ea0,NOT_SCHEDULED,False,,
unit-1d8a760c9aeb0454c2b08d14bc96f8e5,NOT_SCHEDULED,False,,
unit-54e3fa3cd1f05b2547312977f2cd17c8,NOT_SCHEDULED,False,,
unit-78a0ddecc93631955667969abd221df3,NOT_SCHEDULED,False,,
unit-953a218eb579ad4a4b304a05fec2d4f5,NOT_SCHEDULED,False,,
unit-09f9e4df041865608c1937a597ef0d37,NOT_SCHEDULED,False,,
unit-1884a538ab421c97ff3fb93d9eabd40f,NOT_SCHEDULED,False,,
unit-fbc8bea6fd2db93b69afbc7653a2b633,NOT_SCHEDULED,False,,
unit-5223798e5fbdb3bdf971b5cd275b45f5,NOT_SCHEDULED,False,,
unit-c8565da41abb7a1e541c356268776387,NOT_SCHEDULED,False,,
unit-1b9b33b9700888c298e52f6f32445119,NOT_SCHEDULED,False,,
unit-249cd236f3c505891a9b12298b37801f,NOT_SCHEDULED,False,,
unit-5a06604a01a22ccf87c2721484fe04a2,NOT_SCHEDULED,False,,
unit-572df162887d5b12f7e7e97b2ff3f6bb,NOT_SCHEDULED,False,,
unit-29b15ef443e520cb3a62b0382315f379,NOT_SCHEDULED,False,,
unit-1a094ac99886544f9b2b77cb3ca30484,NOT_SCHEDULED,False,,
unit-c047291d62e461dc5b635c372c5ab686,NOT_SCHEDULED,False,,
unit-f2aa8e1f6aee3570068ebbce2efeb22c,NOT_SCHEDULED,False,,
unit-d1ec2b5568408a241a7aa94805042be4,NOT_SCHEDULED,False,,
unit-10aa098dae3f5a2d2a70bd0dcfe9e3ee,ABSTAINED,True,False,
unit-966c36e4802f675e71ad81a4a2339d71,ABSTAINED,True,False,
unit-bb097994e377b9d985015315e0707473,NOT_SCHEDULED,False,,
unit-82b78661895d752b5e41a3ce0dc1f203,NOT_SCHEDULED,False,,
unit-1f0d41035d5ee9cab9b7f7fe2ce0cbfa,NOT_SCHEDULED,False,,
unit-6d01886cdd61cd3edb955a2d993469e7,ABSTAINED,True,False,
unit-34b448094923a3fb59d7e2a4184436aa,ABSTAINED,True,False,
unit-edeabf45e948f45e5250e83ccd15a94e,NOT_SCHEDULED,False,,
unit-4bd36b0eec8d07e934278dbbeead02b0,NOT_SCHEDULED,False,,
unit-1716d30916e198669d2e11e9b6cd9849,NOT_SCHEDULED,False,,
unit-85a6f4c477068fa903304d016a1c2335,ABSTAINED,True,False,
unit-4374ff80372f5ab897cc7913b2e6db92,ABSTAINED,True,False,
unit-b634179e41096f6ebf6e152ac15f0a08,NOT_SCHEDULED,False,,
unit-59ec8b3116fbeee26f47d09e5c6a16e0,NOT_SCHEDULED,False,,
unit-f296d3851f98e7d3d43c8e275648e4f6,NOT_SCHEDULED,False,,
unit-870a703e90683fa28b90bcc9f3bae224,ABSTAINED,True,False,
unit-91d0b119daf51cafd1b4354e146cccf4,ABSTAINED,True,False,
unit-a27f270edb574647ec8ad45d04a18d9e,NOT_SCHEDULED,False,,
unit-4379e5500cca4ead5ec745ce23d25aa7,NOT_SCHEDULED,False,,
unit-7170af809311945a0ac250679819bfb1,NOT_SCHEDULED,False,,
unit-1c7971c6ec75498eb3352c487d5e0199,ABSTAINED,True,False,
unit-853930769332b49161d9e3b22f81b859,ABSTAINED,True,False,
unit-d52046948135500f07c6af0c14372ae3,NOT_SCHEDULED,False,,
unit-f1bdd9e4f24679cbd7d262ee67cddb63,NOT_SCHEDULED,False,,
unit-f499978c3ce72619d5402d5f558bb79f,NOT_SCHEDULED,False,,
unit-b6d43964b56e882cc91885ed25f20b8f,ABSTAINED,True,False,
unit-dc1c9682dede97953823b0d89543e14a,ABSTAINED,True,False,
unit-2195138718e4c0380966a3b19161b903,NOT_SCHEDULED,False,,
unit-11b7087b1f7b562724a8b0b05e742fad,NOT_SCHEDULED,False,,
unit-4dc65a7e0f2c4f7ad579ee271a5c9763,NOT_SCHEDULED,False,,
unit-89d675df07e710c01dbc1acb11dbafe5,ABSTAINED,True,False,
unit-e7daefe1654ffd93a0b4834a31e92030,ABSTAINED,True,False,
unit-34501b28cfc4e5d19403d329ee2cee23,NOT_SCHEDULED,False,,
unit-0b8db50ee1abf563e01647a46613988e,NOT_SCHEDULED,False,,
unit-96b1b7e953af8d8bbaa3a8c66c5c822b,NOT_SCHEDULED,False,,
unit-6eae751d00794a11eb15ea3061428902,ABSTAINED,True,False,
unit-5c6ed84e086939cd9ad83acf6063a251,ABSTAINED,True,False,
unit-f25421d8e43723765155d79d9831a2f7,NOT_SCHEDULED,False,,
unit-b64af7181e1180a9e1e65918d49ec658,NOT_SCHEDULED,False,,
unit-3993285e2244b8a5775f65a32b027ead,NOT_SCHEDULED,False,,
unit-15e638798376e267da1ba5e3373c1fc7,ABSTAINED,True,False,
unit-4790b6e1391a8ce8efb9c56c6ac6bf35,ABSTAINED,True,False,
unit-83dc27c3c4d163b5ad876a1a14acc63e,NOT_SCHEDULED,False,,
unit-9f666503c811b696dc2e736b031cfb64,NOT_SCHEDULED,False,,
unit-2ffa5cff70346208203659daa0f74edd,NOT_SCHEDULED,False,,
unit-a2205a56030b9fa222fed1ac2c22e631,ABSTAINED,True,False,
unit-29f812f1242ca383d2a06686957ef9cf,ABSTAINED,True,False,
unit-701015a68397d0a3c5e7b8e70d841bbf,NOT_SCHEDULED,False,,
unit-f74bc221686945b1d24b51d6956da2c6,BUILD_FAILED,True,False,
unit-deafacbc86dfcdab3ea7013d6c5879ed,BUILD_FAILED,True,False,
unit-eecb585cc946e014ab497f6640690377,BUILD_FAILED,True,False,
unit-3de4bd43e951be51e80f011b2cb96450,BUILD_FAILED,True,False,
unit-5aa5b8f4d7adb39feaa491b6b979806e,NOT_SCHEDULED,False,,
unit-dcec7a6c53cae4f0589ed812e43ab0f5,BUILD_FAILED,True,False,
unit-23c0f95c86580ed92f75958226b23e3b,BUILD_FAILED,True,False,
unit-fc2fd5cf30b8c47709d5de201225a4cd,BUILD_FAILED,True,False,
unit-47e061fb274cf4164216e2dd40f93c9d,BUILD_FAILED,True,False,
unit-7e3a9194d782e82e45480f3ff7b2dd88,NOT_SCHEDULED,False,,
unit-b30013c28ed8d36f4bacdcbcd4c7e711,BUILD_FAILED,True,False,
unit-3118af70ff07ccfcbd71997d2b0ad534,BUILD_FAILED,True,False,
unit-414ac3a0f021c9fb5271d1e6fdd98f6f,BUILD_FAILED,True,False,
unit-9e109526b7d543eb349c230712d9ac88,BUILD_FAILED,True,False,
unit-5caad9825d9027dd284e67a4fd4f1fef,NOT_SCHEDULED,False,,
unit-f92e1b172be06dee13f564613bc5b58d,BUILD_FAILED,True,False,
unit-9318d8767b53c3036759774359f98538,BUILD_FAILED,True,False,
unit-58f9a5347e3829704369ff11cf02586b,BUILD_FAILED,True,False,
unit-6cd69faf12f9783a2dab35f932dfcaa3,BUILD_FAILED,True,False,
unit-9e22679b10a6a351d5a60a00454cf256,NOT_SCHEDULED,False,,
unit-da658737ef9c26dec355112fcb4459b2,BUILD_FAILED,True,False,
unit-c0a4282a71c5dbd4f906ffa5515a5eea,BUILD_FAILED,True,False,
unit-4760329af5984f80a3bc28ed6cad6ebd,BUILD_FAILED,True,False,
unit-41be27c84da735200fc5d14df4b9cda3,BUILD_FAILED,True,False,
unit-8b81de92212c79fb9821291bb3e13c5b,NOT_SCHEDULED,False,,
unit-8cd1d98e0678bdbe438445047dd3ac88,BUILD_FAILED,True,False,
unit-3111cc38422fac2e4065be84989f4b4a,BUILD_FAILED,True,False,
unit-a306940554dc67aca39113ff36bb8b99,BUILD_FAILED,True,False,
unit-2bb796d35353c8d2d3b90e72696b5fb5,BUILD_FAILED,True,False,
unit-cbf2af65f02eaec24d2f009fc460e3bd,NOT_SCHEDULED,False,,
unit-e4c2cb4b5b20aa07226f0fda6a16e418,BUILD_FAILED,True,False,
unit-2a71b2f545331cd7a83bdb3c9b67f5f9,BUILD_FAILED,True,False,
unit-115f646a31c74f6f8a61109ac1d05fb1,BUILD_FAILED,True,False,
unit-184c0ce12e44a4b87eec294cb52c7bcf,BUILD_FAILED,True,False,
unit-85e3441ce69bdabcc13773a7fafe17a1,NOT_SCHEDULED,False,,
unit-f434df4ea242715aa9df023b92a15f30,BUILD_FAILED,True,False,
unit-4c372d625a7d3eb241447d6cc49c3c27,BUILD_FAILED,True,False,
unit-9c254421b6ab04227ed1bd3884e469bc,BUILD_FAILED,True,False,
unit-5889fc9266b01f5774d4a3a052c80d5c,BUILD_FAILED,True,False,
unit-6327e1474086ae1656f2401e5fddc44b,NOT_SCHEDULED,False,,
unit-66f082331824036bcc617ed5f3f4721e,BUILD_FAILED,True,False,
unit-21b788be63aadba4136268c7fdd3e372,BUILD_FAILED,True,False,
unit-d20a7fff208cb637435fa02667452505,BUILD_FAILED,True,False,
unit-3b3e9326552c340d4675458bf4c7a402,BUILD_FAILED,True,False,
unit-948a01a13ea853fcde8b01fed352fa44,NOT_SCHEDULED,False,,
unit-2674dcb9a464ebd29ac04bfb564e21a1,BUILD_FAILED,True,False,
unit-67ebf1608a887739a4687f0fd89a1595,BUILD_FAILED,True,False,
unit-1fa5d9e91361c9616d5a3a15f06c1962,BUILD_FAILED,True,False,
unit-ef5d6ec7e5348bf93836123c823ce0e3,BUILD_FAILED,True,False,
unit-de421dba1ef1da8932a48f5037a541f5,RECORDED,True,True,False
unit-55faf55c2d0146de799738fc3b5f96ad,RECORDED,True,True,False
unit-87755e99838950f425e4d86f827bec49,NOT_SCHEDULED,False,,
unit-1f9da8ffac754e423c8f4b8e2c69f8e6,BUILD_FAILED,True,False,
unit-b277658dd3c16ec8703e4e067f13ce08,BUILD_FAILED,True,False,
unit-ae10c94fa9b801af51efb255bdcbd201,BUILD_FAILED,True,False,
unit-056277be731e560cb288f0763586a968,BUILD_FAILED,True,False,
unit-904e7f5b3c2d6957250c970eb78b2875,NOT_SCHEDULED,False,,
unit-fb22fbb409e255326d096a2000f5cefb,BUILD_FAILED,True,False,
unit-4d5c4de8e063ff49df3d2be00b1b6586,BUILD_FAILED,True,False,
unit-8d7ac9511a816f3fdcf750bb86d58637,BUILD_FAILED,True,False,
unit-b2d43855df4605ce0397814770f81b55,BUILD_FAILED,True,False,
unit-60a9a3efc255b0d36ec61263cbf53ea6,NOT_SCHEDULED,False,,
unit-9f13514bf965d030de82c3fa14ee03b7,BUILD_FAILED,True,False,
unit-494fba2967db2f435064777198ecce31,BUILD_FAILED,True,False,
unit-7702235bf2ed34eff1182dd3e16f7a0a,BUILD_FAILED,True,False,
unit-83d95a598e6140298117cd26f850df03,BUILD_FAILED,True,False,
unit-bcb2d3532fb62fdf840d89fbd4e455f1,NOT_SCHEDULED,False,,
unit-fa74d442bece5bc1ac2751899a76c7e5,BUILD_FAILED,True,False,
unit-b9ac4aab49f52d0daf804aaad7907125,BUILD_FAILED,True,False,
unit-3b527bd2797792ce4acb5745c9b6f55e,BUILD_FAILED,True,False,
unit-ef1b0ad9937320882b60925cc14d7b6a,BUILD_FAILED,True,False,
unit-cb1d296b0158beb2e9c958ef109b4269,NOT_SCHEDULED,False,,
unit-75e5fb949147747de4f67d4c5316120f,BUILD_FAILED,True,False,
unit-53788dbe44d25f26daa47de6e170c256,BUILD_FAILED,True,False,
unit-e743beae02a7237673ac94b6867e1f78,BUILD_FAILED,True,False,
unit-efb56adaccc970084365cca33541d775,BUILD_FAILED,True,False,
unit-8aa064ca4d20356b5aba2a86da596b54,NOT_SCHEDULED,False,,
unit-35e59cd707849ffd33f24a462d320bf4,BUILD_FAILED,True,False,
unit-7e5c3630932d8c2407bd9b645cc291b9,BUILD_FAILED,True,False,
unit-d1074cc749c1f84d058e227d3b8b2801,BUILD_FAILED,True,False,
unit-43e0aaf08d5373a7d39f188b0b660d58,BUILD_FAILED,True,False,
unit-1da4c1e07ffffe4aac96610d06fd634e,NOT_SCHEDULED,False,,
unit-68d5d5a16ab5db0a612a6df36c791c17,BUILD_FAILED,True,False,
unit-6a5307e6af533f298a06fdff555d0eef,BUILD_FAILED,True,False,
unit-bada094502700a76990abeeffa7a6df3,BUILD_FAILED,True,False,
unit-38484112b438be55399a72a20c03add4,BUILD_FAILED,True,False,
unit-bb5f34dda510d8fd7bdbb70b44f4beb8,NOT_SCHEDULED,False,,
unit-457e99df518b1c6310a7736c2f8f8aa8,BUILD_FAILED,True,False,
unit-cc50b20e45168304f3e326580837f7e4,BUILD_FAILED,True,False,
unit-2ff8635c6f064c7990864766edea5593,BUILD_FAILED,True,False,
unit-294ea760a4a6225ec19a7afff17d508e,BUILD_FAILED,True,False,
unit-c4e6705a7507fbcfb2030b40afe45bb3,NOT_SCHEDULED,False,,
unit-9643e36d42ac3ad57ac902ce17eaaa27,BUILD_FAILED,True,False,
unit-67f451c981ff1fd9fac2c7ff48ae5ef0,BUILD_FAILED,True,False,
unit-71814c07bfc327f7c9757ed21e82c915,BUILD_FAILED,True,False,
unit-03ee3a46424c84233836d5e2f8de6269,BUILD_FAILED,True,False,
unit-32bd6d6094015a6581682b1d2bd4c3f6,NOT_SCHEDULED,False,,
unit-52f3e30f6055898a1d33388f19072ec1,BUILD_FAILED,True,False,
unit-1e80710c457608318f6514f3d1fe6c29,BUILD_FAILED,True,False,
unit-fed8c35066b618729e4f5a52247974a2,BUILD_FAILED,True,False,
unit-9d0e17243cb2671fa9f8ed1770fc73fd,BUILD_FAILED,True,False,
unit-08cfb220276881340f3832ce038776c9,NOT_SCHEDULED,False,,
unit-b21194cb5b601405cf72a8e3ff61be4a,BUILD_FAILED,True,False,
unit-9d5783278a6edbf4092a72182624a6cc,BUILD_FAILED,True,False,
unit-be266bbad1ff2abc31a6b3c366c0be32,BUILD_FAILED,True,False,
unit-c6faae82f54f1625b3d6ecef5dc58046,BUILD_FAILED,True,False,
unit-1a370df348b3c28ecff15aa66588b17b,NOT_SCHEDULED,False,,
unit-34b4242528459abd36ad2d40b4d8db36,BUILD_FAILED,True,False,
unit-d5252ed9ac053ced26851bad359760bf,BUILD_FAILED,True,False,
unit-08d68ca6798d161145fd2b7b00f8bf6e,BUILD_FAILED,True,False,
unit-aab83fd0d53bdb7b188a3d7fecf332db,BUILD_FAILED,True,False,
unit-eeb2df876cb9c687de1c6c26564bfb03,NOT_SCHEDULED,False,,
unit-a0fce07110f2505a3d57521ff872c437,BUILD_FAILED,True,False,
unit-661e46d9dc4793a4db7cc696434a49e0,BUILD_FAILED,True,False,
unit-e1d72f1365b0b590402a110e488dbff5,BUILD_FAILED,True,False,
unit-a959e595ed6582cc4ae543d51bdfe5f0,BUILD_FAILED,True,False,
unit-8d9556aea5ab5810deb4980fc223a849,NOT_SCHEDULED,False,,
unit-f7b4cafad55b55cad241c15bcefb8262,BUILD_FAILED,True,False,
unit-5d1ec66ec90a23f9ec9f3e10578fd258,BUILD_FAILED,True,False,
unit-601ea58abf8f2702d1cde3fc9d79009f,BUILD_FAILED,True,False,
unit-a7a435a9bb9d152b794bab0f07ee2567,BUILD_FAILED,True,False,
unit-9f19d750578aef803d6d2e5bf773f50a,NOT_SCHEDULED,False,,
unit-6b852bc51aecdbed92ca36ec83f2a444,BUILD_FAILED,True,False,
unit-5b4988025bad2af883dbbd445c0a61c3,BUILD_FAILED,True,False,
unit-8c5f2379b3e1ce044a3d0f9e2433cc07,BUILD_FAILED,True,False,
unit-a68b8fbf6e0d436a4b3c7886dcc70396,BUILD_FAILED,True,False,
unit-6cdbbfddfcc3f54509a3f4482e5a9c09,NOT_SCHEDULED,False,,
unit-504d3d9e9c5dab1250d863c752d1218a,BUILD_FAILED,True,False,
unit-a4017419294df4d19962cac99c5bff00,BUILD_FAILED,True,False,
unit-ba2a25b4099ec435e171a32a687e4ede,BUILD_FAILED,True,False,
unit-81839ece32451a28512de73627de9cbb,BUILD_FAILED,True,False,
unit-d3951e4df0274ba794f46ad73b8751a0,NOT_SCHEDULED,False,,
unit-0410e94336183d18c00c409196a6cc4d,BUILD_FAILED,True,False,
unit-65d02127be9e1cd61eb65e000cf34b8c,BUILD_FAILED,True,False,
unit-29dc03efc26b70a3be8939bd2215a796,BUILD_FAILED,True,False,
unit-f7078cfede89e23a7f05627ccd80dbc4,BUILD_FAILED,True,False,
unit-307fdbde32fa64113ae3f4e1d07f79a9,NOT_SCHEDULED,False,,
unit-7a4e634913100b36a4089ffd3d573bbc,BUILD_FAILED,True,False,
unit-247038ac8bdc4fb94c37aae14a4c0c4d,BUILD_FAILED,True,False,
unit-492a0de25d9afca33ca4bf8821ba802c,BUILD_FAILED,True,False,
unit-f4ced7b840f22d34269a18c66fa4fd46,BUILD_FAILED,True,False,
unit-bf7f4d2a6a6bddc49a8fdc43a9e4e82d,NOT_SCHEDULED,False,,
unit-e67ecb449c2095a8f5b65a4dc33ae0f9,BUILD_FAILED,True,False,
unit-23fad8c119d1a9e7749e9185c0ae2e23,BUILD_FAILED,True,False,
unit-fa96c1ce9876cde8fe8466d84d8201d9,BUILD_FAILED,True,False,
unit-3d51139feb8d1b9a8b0e236d81709d73,BUILD_FAILED,True,False,
unit-f6dc8f4041649f987bac04dbe2cbeb1a,NOT_SCHEDULED,False,,
unit-584d6edb79ece1b390ac1e42c6cebd0e,BUILD_FAILED,True,False,
unit-bcb09b4dbaee80eca405ac6ec1e376a5,BUILD_FAILED,True,False,
unit-ad3b1b7486528da9ddd32a5a65430eba,BUILD_FAILED,True,False,
unit-13958d75c340ab7739bd0129a1dad363,BUILD_FAILED,True,False,
unit-cef7bd4ccd246d3490850f2a6b610146,NOT_SCHEDULED,False,,
unit-569c1b0ef9ed45f06c452b6a023a3a81,NOT_SCHEDULED,False,,
unit-093fca93af1f3a4d2f25bd643d75af2d,NOT_SCHEDULED,False,,
unit-e023f89bd11a450dcecc07f5eb537a8b,NOT_SCHEDULED,False,,
unit-f1e27991cb7577923cad6fbeec43ba9c,NOT_SCHEDULED,False,,
unit-1a93288010955e0c874758e404f83a13,NOT_SCHEDULED,False,,
unit-618fb0d3feb55fc4ae140b97db5dcf58,NOT_SCHEDULED,False,,
unit-40a4d9347dc0e83afba56bff3d27270a,NOT_SCHEDULED,False,,
unit-e55c0de61cb20c3afa3204f4a5c345b9,NOT_SCHEDULED,False,,
unit-3ea09ed2aa3d9127d3f353b5b0013c3e,NOT_SCHEDULED,False,,
unit-bd4bc0c132c23a4d6b71bad1cea68cb5,NOT_SCHEDULED,False,,
unit-f75a1ae9eaf98955377c8f161191da57,NOT_SCHEDULED,False,,
unit-879830b7cc6a766145c3adfbeb74b82d,NOT_SCHEDULED,False,,
unit-2a4a2cb8d415e844d431b6ed1dae2752,NOT_SCHEDULED,False,,
unit-64709b74606b3e01f4d0d0114501a01c,NOT_SCHEDULED,False,,
unit-d8607d56d2793483e799931373fe2587,NOT_SCHEDULED,False,,
unit-9e7249506bbbd1e685652f17052d84a7,NOT_SCHEDULED,False,,
unit-b1005e4fd1d805ff8af7342e5eba6dc9,NOT_SCHEDULED,False,,
unit-16268bf890af0eb83119428b790a7eb9,NOT_SCHEDULED,False,,
unit-4b0f2044d215a000b1c509d22e85d598,NOT_SCHEDULED,False,,
unit-6b114ba9e2ebc965e416a88dcf3bb81c,NOT_SCHEDULED,False,,
unit-a108fffe0566ab239455c8444c070c26,NOT_SCHEDULED,False,,
unit-f8b101f8fc24df2fc8b37b9a1e171fa4,NOT_SCHEDULED,False,,
unit-4e0bd1650b3c6ecc92042ceab25f3068,NOT_SCHEDULED,False,,
unit-838a66bfbedbff4cf2a0dbea761daba0,NOT_SCHEDULED,False,,
unit-03cc552ebb775fcb7acaab6662538f0e,NOT_SCHEDULED,False,,
unit-5efc6b0f4cd25e1c908ff65b70c6474b,NOT_SCHEDULED,False,,
unit-fdb67434b3ae0bd016a2a643085907b2,NOT_SCHEDULED,False,,
unit-52ccea0affd84fdb2c6c4f8e787cf0b4,NOT_SCHEDULED,False,,
unit-721675186933dd6fd57bba7efc5766f7,NOT_SCHEDULED,False,,
unit-1f32e4fd587d25c814036176ca3a14ed,NOT_SCHEDULED,False,,
unit-f677107daba4ebb390f336c72cc157ff,NOT_SCHEDULED,False,,
unit-6c00ea83d101232485206dbfca3048dd,NOT_SCHEDULED,False,,
unit-36c752f6e73a475d7e80cd131d641ebe,NOT_SCHEDULED,False,,
unit-657c42de17546d62eba64ef4f2036402,NOT_SCHEDULED,False,,
unit-46f3d2bef08ffa43d705ba49367d42c4,NOT_SCHEDULED,False,,
unit-7aac7ed00fd3d609ede25eb6cd2f7161,NOT_SCHEDULED,False,,
unit-5c5e4c30414c68f78953c641a3a743d8,NOT_SCHEDULED,False,,
unit-e29fe59f6f0e7c078b650e5520d0e242,NOT_SCHEDULED,False,,
unit-d1329b55310e11f89a0d37e4c2478dc2,NOT_SCHEDULED,False,,
unit-a8908df0e944164df6d835a7131e6137,NOT_SCHEDULED,False,,
unit-ddb40a6fc0fba57155c0c93da43a61c4,NOT_SCHEDULED,False,,
unit-1f52b952563cd55b0ef6cfaabd7f2dd9,NOT_SCHEDULED,False,,
unit-a66b30aa6564ba1d74d85153700594b9,NOT_SCHEDULED,False,,
unit-51d4cbfc3d3897fd0c1b7aebb67e2d9e,NOT_SCHEDULED,False,,
unit-691b5acbdf5ce6d8e05b5642d576ef1f,NOT_SCHEDULED,False,,
unit-d0e39d842855ffaa99e8b8e2fa0a9cb3,NOT_SCHEDULED,False,,
unit-fa7d1bf0e69ec9fb582247d3b83104db,NOT_SCHEDULED,False,,
unit-d81c29533cefa64ad0e6df08c8142cbc,NOT_SCHEDULED,False,,
unit-7ddb7611eac6956f5b5dd6fae3816761,NOT_SCHEDULED,False,,
unit-acaf80302f65fd96aec1857e96da4e60,NOT_SCHEDULED,False,,
unit-16c0b69abe457f0fa605df1e77669116,BUILD_FAILED,True,False,
unit-3b5873def577b68f0e5209dea2a1036b,BUILD_FAILED,True,False,
unit-7f82726cbef80f1beec2b803018a7520,BUILD_FAILED,True,False,
unit-3300c5cf582da5c64e5faa6f9182b89b,BUILD_FAILED,True,False,
unit-c8f6e3d477832de51d401fb7564132ea,NOT_SCHEDULED,False,,
unit-abd7e273e6ce5f73e7137fd26e82aec2,BUILD_FAILED,True,False,
unit-1311a100855be7be5740f05d5b3dc679,BUILD_FAILED,True,False,
unit-b9cc08f9d97e7c3410cfce068ad754d7,BUILD_FAILED,True,False,
unit-3a4a37535c4c22a813832935bbc4c236,BUILD_FAILED,True,False,
unit-cfbb859e53df2d09c34c00e9dbe97dab,NOT_SCHEDULED,False,,
unit-04b29fce4b8c05d133bb0c7e1f740672,BUILD_FAILED,True,False,
unit-3a62e43e53a5fd0c0e1a30860f4bfc0a,BUILD_FAILED,True,False,
unit-8d8f1d4e58bf7bf786132902d5a9d2c0,BUILD_FAILED,True,False,
unit-2973ac2e8bdb28c7096ffa2c8c0191b5,BUILD_FAILED,True,False,
unit-2ca9bb2551940659cf8999d35c9ec129,NOT_SCHEDULED,False,,
unit-7348f38765e2d1108783ff1f43f1080a,BUILD_FAILED,True,False,
unit-d0e4f57c9b4684b5328450941d2b7ce9,BUILD_FAILED,True,False,
unit-5e3bad63ac7444bfd5dfd1998e9dfa3f,BUILD_FAILED,True,False,
unit-8eb9dc2d2caa327413b2a0ce39784e26,BUILD_FAILED,True,False,
unit-db75d6585f8cfef7ed88ca2925968014,NOT_SCHEDULED,False,,
unit-63390701e2523a15b9ccd7db88cb95a0,BUILD_FAILED,True,False,
unit-6ccb5f8729898c4af66dde01af654b8d,BUILD_FAILED,True,False,
unit-ff62387ad13a2bc44776f72a7f09671c,BUILD_FAILED,True,False,
unit-ca0ec85cd4c1bad4c083c23ae5652d4f,BUILD_FAILED,True,False,
unit-cc05658a332fe8150b2ecdb2c23c1dfb,NOT_SCHEDULED,False,,
unit-9b465ecbb978a74850bf0a1cda8bf6de,BUILD_FAILED,True,False,
unit-f2f270a0d398e152b01e33bac27b47f3,BUILD_FAILED,True,False,
unit-eca9bff8530f9cf093b572bd65b3d5fa,BUILD_FAILED,True,False,
unit-eda407a8f1bd9eab268ee4ecbd1bf9d5,BUILD_FAILED,True,False,
unit-761c833664b7ac2979c04ee447ad98a3,NOT_SCHEDULED,False,,
unit-eb8637eb93e860ea6efab7fa40ea564d,BUILD_FAILED,True,False,
unit-d688b5b711ca4f6debf11e2b153d8c15,BUILD_FAILED,True,False,
unit-b00bc681f5f20acac4129eb10df8f6dc,BUILD_FAILED,True,False,
unit-35681d30c836dc32b4c2fe9306d46fe8,BUILD_FAILED,True,False,
unit-9dd10d7145df3860ce75472254643682,NOT_SCHEDULED,False,,
unit-cc540c9ef05fe1884d37b0a3267c4a94,BUILD_FAILED,True,False,
unit-279cf89401a42eccafc09abbab75238b,BUILD_FAILED,True,False,
unit-e4e3be84f28014891db7455b47c621ce,BUILD_FAILED,True,False,
unit-adbbc55f8357e54d0b5b45c3947ea47e,BUILD_FAILED,True,False,
unit-768d75c519fb58c8e6af4f6d880a00ef,NOT_SCHEDULED,False,,
unit-97de3075d4530c5e6ab1f4d05c2b0c32,BUILD_FAILED,True,False,
unit-c7dac8a2c6655595e77a8ea4c19c2330,BUILD_FAILED,True,False,
unit-642fe59947d0249abbd4c97f9be3473c,BUILD_FAILED,True,False,
unit-072a64b928259fdf20e337cdbec367d7,BUILD_FAILED,True,False,
unit-4a692ce8f8a9cf27e45fcc853a6a56da,NOT_SCHEDULED,False,,
unit-95a02ca88284012f716bc1aaef60e571,BUILD_FAILED,True,False,
unit-d35e8b99a792bddb3db60dbf7b6c3765,BUILD_FAILED,True,False,
unit-1665f9aca97c81f1bf961d298afe0547,BUILD_FAILED,True,False,
unit-06599ff282a85e4fca7d0062c0f38175,BUILD_FAILED,True,False,
unit-7378b503ae9e7bafe24ef0e27aab8463,NOT_SCHEDULED,False,,
unit-198b53c31bd13d0dfb1532d135f0b968,NOT_SCHEDULED,False,,
unit-3efa140e52831fcc4643a022773c6295,NOT_SCHEDULED,False,,
unit-0602cc695672f1571a0c41ee0ac39351,ABSTAINED,True,False,
unit-26c98c4044b85141e3126cef11640e72,ABSTAINED,True,False,
unit-54f18a9bc7e719468b6292f12de0d0d6,NOT_SCHEDULED,False,,
unit-6a56e55d6fabf923ef705afed8746018,NOT_SCHEDULED,False,,
unit-4bed1df1c01a1eebbe2f6b602da22fdb,NOT_SCHEDULED,False,,
unit-3415b276bb3b3dc26dede35052e8fec0,ABSTAINED,True,False,
unit-a0a58f3552251c50f8b5ea64dff60b5d,ABSTAINED,True,False,
unit-caf985a773c81e953c16a3f71d417353,NOT_SCHEDULED,False,,
unit-11d4ba86df425a0ebb8e2a39f5ef3ec7,NOT_SCHEDULED,False,,
unit-7193dc9abcd18498516b71ca8ee9d2e9,NOT_SCHEDULED,False,,
unit-4fdca78135c58fccad80ceae38d10153,ABSTAINED,True,False,
unit-610cce1155cb88d7ac37780fe6a3fed1,ABSTAINED,True,False,
unit-ca80a613f1a84c0951dda9aec54f5fc7,NOT_SCHEDULED,False,,
unit-37315726a56617e3c240a73e2d7ef4e0,NOT_SCHEDULED,False,,
unit-3fe4f1ed07bc66eefc671e43660b5136,NOT_SCHEDULED,False,,
unit-faea923bd8958dc1fe9e51893bd44870,ABSTAINED,True,False,
unit-72d958097abce02478cca7f1540cccab,ABSTAINED,True,False,
unit-eb4311fa3d53c962ab36e8e1e8187f6e,NOT_SCHEDULED,False,,
unit-5175be63117209d530fd06145e7f38dc,NOT_SCHEDULED,False,,
unit-81ecf330366a547c71d45a120dbc2c1b,NOT_SCHEDULED,False,,
unit-aad6f7fb23e2a51d22e98ee0db2af1df,ABSTAINED,True,False,
unit-d4de9e8b0d90a47a2ef4f79948c181ef,ABSTAINED,True,False,
unit-f11b2682b8cf31cbb7df4202a3d650db,NOT_SCHEDULED,False,,
unit-144903a3fe638383cc923bcca88e026a,NOT_SCHEDULED,False,,
unit-a73fdfb5fc9db5377792c842c890053a,NOT_SCHEDULED,False,,
unit-4604aae1871140cee4301005ac3ec967,ABSTAINED,True,False,
unit-88e7002db8d25f1d8aa4728114c50005,ABSTAINED,True,False,
unit-1bf42416d88fa81bfde013970cc54932,NOT_SCHEDULED,False,,
unit-48d14bc3e61bd0085174eeaa2c0426a3,NOT_SCHEDULED,False,,
unit-130bd8e6597e37189709fe4315c0cf6f,NOT_SCHEDULED,False,,
unit-e8a3dee0cb636e8db8f319ac03c1900f,ABSTAINED,True,False,
unit-2eeafb6b206af1680a34bf9cb81e5ece,ABSTAINED,True,False,
unit-c60feca9366a23f9c106c9810d981448,NOT_SCHEDULED,False,,
unit-675103fd2520858c3fcf46866a33c726,NOT_SCHEDULED,False,,
unit-e02ca3f34382d0fafe2fd9fe970aee12,NOT_SCHEDULED,False,,
unit-400c2c1e03592982cf1325f777f2889a,ABSTAINED,True,False,
unit-87c421526b9e8fc248708dbd4c32582e,ABSTAINED,True,False,
unit-28492159a9919665257e634c89dfb0d1,NOT_SCHEDULED,False,,
unit-af3e26bf58a12044ea25b438f4b252e3,NOT_SCHEDULED,False,,
unit-ac1f86ed610b6c1c1bccdd04d3089e24,NOT_SCHEDULED,False,,
unit-dda9e9ff7082a494401ab64c9989439b,ABSTAINED,True,False,
unit-9f7a08071e2c34bc66efd2d4241e1dcf,ABSTAINED,True,False,
unit-331bafcbc8fd38b9999ed0a7f69d2935,NOT_SCHEDULED,False,,
unit-718de0650ca5640a8b7d1c57602bcc6b,NOT_SCHEDULED,False,,
unit-4ad3cebf1b22b65472a61821f34755dd,NOT_SCHEDULED,False,,
unit-94d08327da37dee10cf81e3c7b880188,ABSTAINED,True,False,
unit-61c6d22a5f42191332329feec69f0b43,ABSTAINED,True,False,
unit-4c297cd8c1d4f55e10091a84460592b1,NOT_SCHEDULED,False,,
unit-a623f761cf3ea038b5802e17d6c27231,NOT_SCHEDULED,False,,
unit-c68499611c8f5c6b247766d1e4b23336,NOT_SCHEDULED,False,,
unit-771b2696bdcebd13a76499cb5847e993,ABSTAINED,True,False,
unit-d170a3825cfc78411d5d48c066e44c2f,ABSTAINED,True,False,
unit-0c364854365c5386277420fc7694e5eb,NOT_SCHEDULED,False,,
unit-e8cc8447ae66481b941773b52108758b,NOT_SCHEDULED,False,,
unit-9eedc9539e2f5beed4047b5c945209cd,NOT_SCHEDULED,False,,
unit-7c794f3ab5656de1188d0b4405c0809d,ABSTAINED,True,False,
unit-78413adb878fa1f35bcd3ce5827b9ce8,ABSTAINED,True,False,
unit-3c2d7a91b264788911a19756cf82a65c,NOT_SCHEDULED,False,,
unit-d82c232ce370964d3908ff4fab8bb291,NOT_SCHEDULED,False,,
unit-53cfa5fa5b3f27dc2deeddfd1e4e9a06,NOT_SCHEDULED,False,,
unit-a23aa9f9c5d7ce3dfd3c8cad8cf42c35,ABSTAINED,True,False,
unit-bb845057fe784b73804ee2c23c5a26b8,ABSTAINED,True,False,
unit-6931d58e2796de00c996910b361387b7,NOT_SCHEDULED,False,,
unit-319597f648779b200b3af09062a38966,NOT_SCHEDULED,False,,
unit-4cf7ad456d131b597ad4b73fa26a3d14,NOT_SCHEDULED,False,,
unit-a3f9efb424b47f41cdd6c8f914a7d6ef,ABSTAINED,True,False,
unit-a91d9f16e7eb1e930da11d9cfc4fd0bc,ABSTAINED,True,False,
unit-331f275a7cf9d56d39d12b7ee428ac54,NOT_SCHEDULED,False,,
unit-efe2853ce40850e8f786181d87e12b6b,NOT_SCHEDULED,False,,
unit-07021a7740965d8b1a34462fc263651b,NOT_SCHEDULED,False,,
unit-05209749617078b96c6276f234bb9fc3,ABSTAINED,True,False,
unit-56f7e11eaf5a66694addc64d4e19876b,ABSTAINED,True,False,
unit-6e6caeb0b99908fcdb83201c593928c2,NOT_SCHEDULED,False,,
unit-9c795ddcc2115b77d4fc1dc1053a0132,NOT_SCHEDULED,False,,
unit-92977a2d39eca9751266abeb87945cc3,NOT_SCHEDULED,False,,
unit-3a0bfbe1cfb3b659465db8bd1afb95e8,ABSTAINED,True,False,
unit-8989d31df67ef3bdb6988cd94653839e,ABSTAINED,True,False,
unit-5c6564fd26354334b759cd98fc10660b,NOT_SCHEDULED,False,,
unit-a9794dc4d5a5eeb3f968ece0ad88758a,NOT_SCHEDULED,False,,
unit-f2d4948a853f782744ca5657c59dac40,NOT_SCHEDULED,False,,
unit-023015f4c65c988e81daaa0c1191ac64,ABSTAINED,True,False,
unit-8a9dd76c08f44ba4951d0cd873e40610,ABSTAINED,True,False,
unit-a331c67cbcd17bc724012f9215d55635,NOT_SCHEDULED,False,,
unit-ee608cdefc1248185b0369b1f4b2dd79,NOT_SCHEDULED,False,,
unit-1140fa4822ff3231a7c641db4886e3c0,NOT_SCHEDULED,False,,
unit-af7b7ff413b9da052684a3482a8f47a4,ABSTAINED,True,False,
unit-df93a8230b3f37a55d1bb36d362c920e,ABSTAINED,True,False,
unit-b5024999c4a8853275a953fd0699b779,NOT_SCHEDULED,False,,
unit-90953b463aad8972e56411824c2b19c2,NOT_SCHEDULED,False,,
unit-fd5fd52aff0be38fa42a566532e382ac,NOT_SCHEDULED,False,,
unit-4a7db397abb7ce8efd9da05709c75ae1,ABSTAINED,True,False,
unit-17f4ec825ebc1380a39d44b957426fbc,ABSTAINED,True,False,
unit-285faa1fd6fbafe9ef236489b906c5c8,NOT_SCHEDULED,False,,
unit-14afdf42b3f4a383ab2caf4db53daec4,NOT_SCHEDULED,False,,
unit-0fe57a37b80153659ddee918638a8197,NOT_SCHEDULED,False,,
unit-a183965c1b1f077f6722ea1953339c9a,ABSTAINED,True,False,
unit-0fb855c5eb6dce98faf11194563a5637,ABSTAINED,True,False,
unit-cf4ab2e6cfdc46f3f423dc6c9b920f0c,NOT_SCHEDULED,False,,
unit-0e3d01813243fc999d15b4df0ed2a0ec,BUILD_FAILED,True,False,
unit-826d1618f62aada35b0fbb8fb15b5f35,BUILD_FAILED,True,False,
unit-fbff4f23f0b7ff5765ee2c7412b98e00,BUILD_FAILED,True,False,
unit-3e06c6e02d02ae3cf9a14f4680d07d71,BUILD_FAILED,True,False,
unit-02c8d7af47f8e1ea14ab471687b6de2c,NOT_SCHEDULED,False,,
unit-c9b981948eaca2128b8ae423ad56fffa,BUILD_FAILED,True,False,
unit-0eaa38c8c104cd4f8d089188d47401d8,BUILD_FAILED,True,False,
unit-15fcca68f73df35439cde418aac78d89,BUILD_FAILED,True,False,
unit-4213d029a6be659a3fc1c8318f8262dc,BUILD_FAILED,True,False,
unit-a8d6fea33471b741db9a06776f58a002,NOT_SCHEDULED,False,,
unit-e1132c8e2742d6cf04ccd4c47090fc93,BUILD_FAILED,True,False,
unit-e60f6634d524dbbbc4dfcc257ab21fd7,BUILD_FAILED,True,False,
unit-ab8baea26d54c18b5793deffbcb5d026,BUILD_FAILED,True,False,
unit-d112a2bb19c4a9ba00ebff311b1812fb,BUILD_FAILED,True,False,
unit-d7f1ccd6ca30122746f683cd61dae64c,NOT_SCHEDULED,False,,
unit-33c9ac938dec61be0b3c50fca75fe0ce,BUILD_FAILED,True,False,
unit-027ac0cdc2b385100bf33e694a5c7956,BUILD_FAILED,True,False,
unit-3f89e43404039d197800da9c93a4854e,BUILD_FAILED,True,False,
unit-587a4e5b505e389125aafeee16a88d48,BUILD_FAILED,True,False,
unit-a9c08990e1b49c68cdbaa9c13b1e13fd,NOT_SCHEDULED,False,,
unit-c4f29c1a904219f760f575cfa5ebf7e5,BUILD_FAILED,True,False,
unit-2e32ebfc5fcab10e75ac15386f085ee4,BUILD_FAILED,True,False,
unit-dcfd8c1e8ac3775d5be620c2a0e8e519,BUILD_FAILED,True,False,
unit-0b0a735c3add8f5f40d76620f55630d1,BUILD_FAILED,True,False,
unit-8c40095bc53104511359c72d1f115777,NOT_SCHEDULED,False,,
unit-cb7f587d578d60cb0cb71c1871d76610,BUILD_FAILED,True,False,
unit-6b1b7f43bd09db7b95d6f673b4a06657,BUILD_FAILED,True,False,
unit-563d82275978899fdb920289a1440c44,BUILD_FAILED,True,False,
unit-1b555c28134211d41a62ad7c83a557f3,BUILD_FAILED,True,False,
unit-90a1460c35f26fc3446c82a2aa555cfd,NOT_SCHEDULED,False,,
unit-07cac3ce106ba438869707df5ccf278d,BUILD_FAILED,True,False,
unit-c53d8c15f8bfe72717c873c5d5eeea14,BUILD_FAILED,True,False,
unit-312f4bda3da9e777865b81d33115eb97,BUILD_FAILED,True,False,
unit-6ba50bce0d6dbddcf72be4b03aabae8d,BUILD_FAILED,True,False,
unit-c64f0eda2ab90ef7b9815bcd1bd611c2,NOT_SCHEDULED,False,,
unit-ef9d50f22c70fb2fe0979745642928ec,BUILD_FAILED,True,False,
unit-9acac19f7bc9476c8c7fe48f285dabc5,BUILD_FAILED,True,False,
unit-60978d148fdabd356935577cb4d03bf3,BUILD_FAILED,True,False,
unit-835ba09af2ae2e71fc940ec4564211c1,BUILD_FAILED,True,False,
unit-0f3ee781536f9ecc065b7954cf423f7c,NOT_SCHEDULED,False,,
unit-95ebd40db0e12a985ac69eaec2c83950,BUILD_FAILED,True,False,
unit-f8864b2ea1005c74e3c7fc2e6b36fa79,BUILD_FAILED,True,False,
unit-cfe81f6d75c0a6259d5fcef51642a515,BUILD_FAILED,True,False,
unit-e53978bee0fd1e644dbfe887f3a619ce,BUILD_FAILED,True,False,
unit-04aa58376fe88337a596652f0f5a6cef,NOT_SCHEDULED,False,,
unit-708bb4d031033e4c7d8ea075aa6584c9,BUILD_FAILED,True,False,
unit-8b6e8e1bd4890f8cf932a84020ac5648,BUILD_FAILED,True,False,
unit-30ba300efa8fdfefd07e0ae120a896e4,BUILD_FAILED,True,False,
unit-4a4222f02418319010ef3b43f8516112,BUILD_FAILED,True,False,
unit-be79ebba9d046b2aaedb579b23a1e0af,NOT_SCHEDULED,False,,
unit-a4b20a47a7b07321080d8304eeda5b35,NOT_SCHEDULED,False,,
unit-bce0bd7fa5c5b62966612c76746b3576,NOT_SCHEDULED,False,,
unit-939155607b4281ade7e3044fc885d6f7,ABSTAINED,True,False,
unit-64f20db71d5ad555253fb0df6c867a64,ABSTAINED,True,False,
unit-cd61d6c12e989872c7331d19d6f580ec,NOT_SCHEDULED,False,,
unit-6a7838278251f94fe5251cdd641869a5,NOT_SCHEDULED,False,,
unit-7e5cf69313e3cf92c2ced5f5811e1358,NOT_SCHEDULED,False,,
unit-c5eaa59817f335db2534943b2b33053d,ABSTAINED,True,False,
unit-87c32b45b997de58a27a01f454bbaf02,ABSTAINED,True,False,
unit-47e7a6723b9e62b9076faa30b5c52372,NOT_SCHEDULED,False,,
unit-de80c6b9a4e6d0c2a0ed75d82a270125,NOT_SCHEDULED,False,,
unit-b8549858689946cc1bb297790bdc73e4,NOT_SCHEDULED,False,,
unit-5c8952f61509c11c56e174e385b83941,ABSTAINED,True,False,
unit-9243f2d5e3f06257b90bed78c400e738,ABSTAINED,True,False,
unit-48653839319d5fbda5f264b2d756a041,NOT_SCHEDULED,False,,
unit-efaa4a3f6e2d7c837e47efff58f37418,NOT_SCHEDULED,False,,
unit-69cc8acc5dc5f017af50668a7c790c46,NOT_SCHEDULED,False,,
unit-90541d0c3bb8569bb7cb733a0a077ff0,ABSTAINED,True,False,
unit-c345dd0280f67ad903e6c95c3ad2b8f2,ABSTAINED,True,False,
unit-6d522fdf42ca35e4d6e6fed9ece9859e,NOT_SCHEDULED,False,,
unit-74b21bfbb7a5ab907088df7699e266bf,NOT_SCHEDULED,False,,
unit-387a7837e24ddc4086a685eb13aebafb,NOT_SCHEDULED,False,,
unit-b9eb38577f8dcffbb4869ee0a68a4f30,ABSTAINED,True,False,
unit-8e3f2dcb4a7ae3e4f8953adeb95e2259,ABSTAINED,True,False,
unit-ce8bac17ab91aea1da13fc2212bae387,NOT_SCHEDULED,False,,
unit-009199919e321c03c8fb432d010cc05d,NOT_SCHEDULED,False,,
unit-2a7524be4e36ae43deacf2b59d3fa3cf,NOT_SCHEDULED,False,,
unit-2458312a49ac66297dd118e071b6e974,ABSTAINED,True,False,
unit-180a6196dd585b0a2d63c926583d55e2,ABSTAINED,True,False,
unit-ac33bef5f55078100194a50c9df52a6e,NOT_SCHEDULED,False,,
unit-8fd214ec282c14d37c3bd2159f6b458a,NOT_SCHEDULED,False,,
unit-6039f7b0feea231f034e52436880d098,NOT_SCHEDULED,False,,
unit-6348ba7c6ef9d549b4589f8a19d70419,ABSTAINED,True,False,
unit-b25a0b3b0d4e67bcd5620c27f13b675a,ABSTAINED,True,False,
unit-f1cd22b10ace80a55658810f91e7f742,NOT_SCHEDULED,False,,
unit-7e7fffbbee47fd5b19ba532a7264e1a8,NOT_SCHEDULED,False,,
unit-63e6be3415c4dc0bc4e14e335651829d,NOT_SCHEDULED,False,,
unit-902fe83bfddba3badb51236b5c201b55,ABSTAINED,True,False,
unit-4df0691e62f2d4931f947b247a539e13,ABSTAINED,True,False,
unit-96eda8cefa344888d6f6d0b3e26a79c9,NOT_SCHEDULED,False,,
unit-518933d2dcc75bea5d8a2a12cb5572cb,NOT_SCHEDULED,False,,
unit-92293a44f1d14e70fa953b519360eeb8,NOT_SCHEDULED,False,,
unit-4d747347642e9e523baea98d5879c15a,ABSTAINED,True,False,
unit-448449ecd92efafa8970a7c8356a5c0a,ABSTAINED,True,False,
unit-868918fef473d3d80dc538ff5dca5476,NOT_SCHEDULED,False,,
unit-4fee310e0ee3c35ec58a6900e70a7d38,NOT_SCHEDULED,False,,
unit-d0241bce48dcdd9b67e31fabc78e690a,NOT_SCHEDULED,False,,
unit-df2e2a40fdf7a9cdb1f825943b374ad8,ABSTAINED,True,False,
unit-cbf8d3ae4d8aa31b9eac8d1d06a4b8ed,ABSTAINED,True,False,
unit-4f22f3686bec7e214dc5b8451406527c,NOT_SCHEDULED,False,,
unit-4386e29a26e963d69b811dc9ecbcf89f,NOT_SCHEDULED,False,,
unit-3cdec79ea22d27ff0df7a997dc89c3b8,NOT_SCHEDULED,False,,
unit-29359ada0b34bb7bd59eb0c8fe11b7bb,ABSTAINED,True,False,
unit-2e4745be07ab8db8d58676aeec00196d,ABSTAINED,True,False,
unit-3c47cbf055c541633c1c643d86a15c20,NOT_SCHEDULED,False,,
unit-c6f214c35cae308203b57b106ebecb6f,NOT_SCHEDULED,False,,
unit-7bdec0c57bf1d753dc38b92f412a7483,NOT_SCHEDULED,False,,
unit-4ce6db25b31bb1ee10f688af9b1451b1,ABSTAINED,True,False,
unit-572a04443180a4774fe51947dfc63d02,ABSTAINED,True,False,
unit-bbafd6139b82b0487ddf4c453959752a,NOT_SCHEDULED,False,,
unit-d843c01dda23c8cb78de1abb9b9316f3,NOT_SCHEDULED,False,,
unit-231dfed67aa2c2c43aab3b9e76aa7e18,NOT_SCHEDULED,False,,
unit-cce9483008ca7a556e0ab5b4e189ae11,ABSTAINED,True,False,
unit-7c1c30c4302443af580352ca45d50014,ABSTAINED,True,False,
unit-4b368390aaa72c4808eeeedba4872f98,NOT_SCHEDULED,False,,
unit-913b7abfd43fbe40316968b644963507,NOT_SCHEDULED,False,,
unit-2fa751bdf8d55af2db4f7521f98c31dd,NOT_SCHEDULED,False,,
unit-b622e236cc9d46f69aa6f1acd81cb2df,ABSTAINED,True,False,
unit-8f4685c108fa5eeb6ba4f45490e3fd9a,ABSTAINED,True,False,
unit-e2e6ec5e2cd4d1aca94ca703cbf3a79d,NOT_SCHEDULED,False,,
unit-0997580d4342f2d81d73d89c02f5c009,NOT_SCHEDULED,False,,
unit-b85dc176b4ad01ebc23515088d5fff9f,NOT_SCHEDULED,False,,
unit-be32edc99c1accf5a63d88e91dd13e54,ABSTAINED,True,False,
unit-9b70c6d20220924e187cfcf9e5446b91,ABSTAINED,True,False,
unit-ecd34b6cf8e211eb3faf809564a29bf0,NOT_SCHEDULED,False,,
unit-9a361eb58674cab6f605b407c5ea97c7,NOT_SCHEDULED,False,,
unit-5ad19a97bc60ffe1924911817dbd5465,NOT_SCHEDULED,False,,
unit-4ab980f0004baa914be9e5fb469f6368,ABSTAINED,True,False,
unit-4b6499a369c787e021669e25e40742a4,ABSTAINED,True,False,
unit-b1bf09c3c5f2375cb00d93c61e13d194,NOT_SCHEDULED,False,,
unit-cdc03f6f94599fa2b80f7cb728be8c7f,NOT_SCHEDULED,False,,
unit-fe38976f91847ead2fb035cf85003fd7,NOT_SCHEDULED,False,,
unit-a9426941787eb95a78b51fc54d745cf2,ABSTAINED,True,False,
unit-49dcd641f7cf4f5e5ce6cd5eb14e8259,ABSTAINED,True,False,
unit-b375454d967592d55a2ff1b5d12780a6,NOT_SCHEDULED,False,,
unit-8117351af7110603e6dbd79ce52950e6,NOT_SCHEDULED,False,,
unit-2be5c88bfd6b0079615d512c62d58819,NOT_SCHEDULED,False,,
unit-68dd15c0cedf1270efcb856e025e7d0f,ABSTAINED,True,False,
unit-8526ae61212e0f4e025c79d41dd0c697,ABSTAINED,True,False,
unit-f74b87fdee7fa3c3f8b500eb9bc1b314,NOT_SCHEDULED,False,,
unit-c6498d16832212491832112b2db26b81,NOT_SCHEDULED,False,,
unit-8aa9f22556a08fa6a64fe5c3695f5ec9,NOT_SCHEDULED,False,,
unit-a9c3316f72bfebda5d89e50120bead27,ABSTAINED,True,False,
unit-cc2d7002867cf27f1b2a45aa4357ecaa,ABSTAINED,True,False,
unit-d5919ffd1f265d66ed1903a4c3f5f3ca,NOT_SCHEDULED,False,,
unit-a5ccb29da3a4f21a809258b8458a9710,NOT_SCHEDULED,False,,
unit-628d4c2ed4bd906454067358f73478f5,NOT_SCHEDULED,False,,
unit-3617249608e562eb53a27ce3b4e92bbd,ABSTAINED,True,False,
unit-6628bccb8dd2a7ba3a82dea47483e27f,ABSTAINED,True,False,
unit-34ca9887bc53a9632a901ebaefe550cd,NOT_SCHEDULED,False,,
unit-cbaad581f5c6396c7c8b7166c95540c6,BUILD_FAILED,True,False,
unit-9585e01653c9599f3714da3e826a1218,BUILD_FAILED,True,False,
unit-5100d8bf642880a34562d26cab4d2710,BUILD_FAILED,True,False,
unit-0e7e8f47557c6c894c0f9dc7ccd939e1,BUILD_FAILED,True,False,
unit-b3098864727ca2c4277c8299b2876765,NOT_SCHEDULED,False,,
unit-0ef1d68d6940830fdf300d3cd118e1ba,BUILD_FAILED,True,False,
unit-8a083ee16a3fe664bdb695ca7a52c295,BUILD_FAILED,True,False,
unit-19c9c99ca42852a767946ab02506c4c5,BUILD_FAILED,True,False,
unit-fae0ebb9c46a3d369feeb2479767fb07,BUILD_FAILED,True,False,
unit-66bc3b2b15ed2a3e4a70cbaecd51b0a6,NOT_SCHEDULED,False,,
unit-413f79812e3f48689566bd6e255b3d3e,BUILD_FAILED,True,False,
unit-1decce9bd59ad77f14e67ac963802748,BUILD_FAILED,True,False,
unit-e4487e61c9cccf3b9739cc7cb0dce076,BUILD_FAILED,True,False,
unit-b299992015c05068610b9a79a02f4f2a,BUILD_FAILED,True,False,
unit-64501c5f8a0ef727cbe207b0e4d29a3a,NOT_SCHEDULED,False,,
unit-653e7cf1a3587537342750e3e0a08373,BUILD_FAILED,True,False,
unit-dfd42555ea9e7f9e6b347fb2782bfc39,BUILD_FAILED,True,False,
unit-5d2dac63fec3eba902aecfa64d480739,BUILD_FAILED,True,False,
unit-046c12549efdafa2b0530d26aaf95d04,BUILD_FAILED,True,False,
unit-4dd7cf9bbf4f46aa95290d3a25b119ea,NOT_SCHEDULED,False,,
unit-4633581426740f22fab8f6903b573976,BUILD_FAILED,True,False,
unit-34c552b515a83c62c58e4493ba1044a9,BUILD_FAILED,True,False,
unit-e34f5f37277c93629e4600abacb4201e,BUILD_FAILED,True,False,
unit-93d02bed7c083b28f12562896323c582,BUILD_FAILED,True,False,
unit-7bee186dc4fcbe9857abb85e3f31e281,NOT_SCHEDULED,False,,
unit-deb2590e1c0aeddf0a7407789f322657,BUILD_FAILED,True,False,
unit-77b0394736a079dfe9428b6a240ec916,BUILD_FAILED,True,False,
unit-237f19e64a556296172a77fc67565776,BUILD_FAILED,True,False,
unit-3c7343ceac9d1923194cac79fd07cb79,BUILD_FAILED,True,False,
unit-26e2148229d1717f54c1cee86914c89f,NOT_SCHEDULED,False,,
unit-7c5867c6825d9d41b9e50776819be49b,BUILD_FAILED,True,False,
unit-f8fa9b05ea861326c01fe9b950fda446,BUILD_FAILED,True,False,
unit-5ca5874a75e40c7e98db929a38063e6f,BUILD_FAILED,True,False,
unit-ca3687579d9e2c75cec2087396607971,BUILD_FAILED,True,False,
unit-6311a78570dbb51c108f3b0011d8b54b,NOT_SCHEDULED,False,,
unit-d39ce4c92eee59ee3105c935b610a91d,BUILD_FAILED,True,False,
unit-c2e18ba7b4a1dae3697959ae102e05de,BUILD_FAILED,True,False,
unit-3ad3c51bf8fbe5a1f4a3218ef1ed2149,BUILD_FAILED,True,False,
unit-ae4a5f4491eaeb2602fc563915fcd1d3,BUILD_FAILED,True,False,
unit-2bae42bd38e9024f0a8afa9c226cd79e,NOT_SCHEDULED,False,,
unit-96f6bc3c74592e666c15d0471bdd24dc,BUILD_FAILED,True,False,
unit-d89f4c2d47844652a92a99367e6523d7,BUILD_FAILED,True,False,
unit-488be77b6816dd4dc2374c5fa6e3925c,BUILD_FAILED,True,False,
unit-73beb675820ce3f44bfdf524b660004b,BUILD_FAILED,True,False,
unit-e0edcbba475e70b58deeaf5021bcb131,NOT_SCHEDULED,False,,
unit-01d83811351bafbb55241b50ccea03f9,BUILD_FAILED,True,False,
unit-32d2772fc68b810f60ca4a6e51dfaf57,BUILD_FAILED,True,False,
unit-4335c2feda62db16a044e8aed0d3cc61,BUILD_FAILED,True,False,
unit-4d10e58a3ab6fbb86afcb46225fe3dd0,BUILD_FAILED,True,False,
unit-6ecb1d40f6253580362ea106a93bae21,NOT_SCHEDULED,False,,
unit-2e4f78aea167af132dd261f0bbf6f5f4,NOT_SCHEDULED,False,,
unit-5a9650a73b33ddb8ff7332d2912a80e8,NOT_SCHEDULED,False,,
unit-6a9e0001146be95777e7184fc070a217,ABSTAINED,True,False,
unit-c832c0108be4a2038926b277e52d05bb,ABSTAINED,True,False,
unit-899a172e6935a2f5a9b43973be6febc1,NOT_SCHEDULED,False,,
unit-852fbbed725a6059649b502fac4adbf4,NOT_SCHEDULED,False,,
unit-96ecb2c74532e2027576f7b966c3119e,NOT_SCHEDULED,False,,
unit-c527a8a7d43cd9f1a5be969b4785ffaf,ABSTAINED,True,False,
unit-732b04fa8f519b223a639b330466422f,ABSTAINED,True,False,
unit-5a0ae8256c9c7c3cc4550e88d666a64a,NOT_SCHEDULED,False,,
unit-3a0ff3b65c148c2c68db0faf9d4cb5eb,NOT_SCHEDULED,False,,
unit-79650bde3c842cefbba4d46c61288a61,NOT_SCHEDULED,False,,
unit-b1c9c8dea96bf3b8eecc5aee4bd5547d,ABSTAINED,True,False,
unit-8f44f2160cd6a8c85cb43f14c0257fc2,ABSTAINED,True,False,
unit-9002a3b1680644d7d1597a61f15c5a21,NOT_SCHEDULED,False,,
unit-c30d183d9eda1e971ee55a6511ac988c,NOT_SCHEDULED,False,,
unit-7f68e8ac78a09cb6d8d8c731a0f9ccd7,NOT_SCHEDULED,False,,
unit-cbc3362bcb774a646cdd19f74f7bffc3,ABSTAINED,True,False,
unit-47f1b4c46bd4c1ebdb915528a1929e8a,ABSTAINED,True,False,
unit-c59d479965e19c57aaeb9cee2c374f0c,NOT_SCHEDULED,False,,
unit-dfb68a9addcc6c8dd70f91716e44402c,NOT_SCHEDULED,False,,
unit-f8933ac1c0bfb037175affbea5fd78df,NOT_SCHEDULED,False,,
unit-248bbad439399f92a651d12a88d2c9fa,ABSTAINED,True,False,
unit-291edc846e9d55fbb49f643c0ec4fa52,ABSTAINED,True,False,
unit-9bbf1a0448df694f68fa32bbe0934ff9,NOT_SCHEDULED,False,,
unit-ba5b4e0d6cc198db2f0e63c09ca4cc91,NOT_SCHEDULED,False,,
unit-0feb6e2fa1889beb1f273683b3736e75,NOT_SCHEDULED,False,,
unit-d51ca08ca8eb0d968d1e7132e473aa25,ABSTAINED,True,False,
unit-e1909fc8b4f54d535349c506107a127c,ABSTAINED,True,False,
unit-836531e5f1ecb262621b416a5f8530cf,NOT_SCHEDULED,False,,
unit-056ea599c712b2503af3023680fce990,NOT_SCHEDULED,False,,
unit-04c69412c37e7145973f6f35c501522c,NOT_SCHEDULED,False,,
unit-8d983880465529c8a24dc2c5c7257410,ABSTAINED,True,False,
unit-d80bac995afa939243549f118b977cf7,ABSTAINED,True,False,
unit-55be2613483b6e59ab4d31bee9ddb61e,NOT_SCHEDULED,False,,
unit-0db54c5ee2d2e40dbfa672bbb32975d6,NOT_SCHEDULED,False,,
unit-5b72a4ef9ed0bce4a6b0b28b2068cb68,NOT_SCHEDULED,False,,
unit-3e35269530799f0da6ba9b473368882e,ABSTAINED,True,False,
unit-51502e88c789eba324ced924c47088a2,ABSTAINED,True,False,
unit-e45f157b7b895f2f5115816751a3b9b1,NOT_SCHEDULED,False,,
unit-014770da4c543d2083a016d98165dbf5,NOT_SCHEDULED,False,,
unit-2f99e2e708dfa8ee6a449830835b65d4,NOT_SCHEDULED,False,,
unit-62107876099969f7f0f7c6e993901462,ABSTAINED,True,False,
unit-d912fce99825b780b3ecdacc8d6e4d52,ABSTAINED,True,False,
unit-6f06785510014f261f3da1108d9b043c,NOT_SCHEDULED,False,,
unit-19977d0bad410664054f0834286bc2cb,NOT_SCHEDULED,False,,
unit-39bf87ec5e1858aa7f8570b09a3d228e,NOT_SCHEDULED,False,,
unit-04466df19dad747af56881e302280a13,ABSTAINED,True,False,
unit-1d8303b6b6b66196feabbcdb171de2c0,ABSTAINED,True,False,
unit-3a4db53ec6a8adfe86a751a290656482,NOT_SCHEDULED,False,,
unit-840a291fc21fea4a9ff18706a7092b33,NOT_SCHEDULED,False,,
unit-66f1abf42c67e00145bc8a4fd0556ded,NOT_SCHEDULED,False,,
unit-d069a37a60626a5153c6dc23713e5950,ABSTAINED,True,False,
unit-d4ca78413d696cac923d5aae83cdf22f,ABSTAINED,True,False,
unit-76c7527279e84e59b0ac1f42ac5d758a,NOT_SCHEDULED,False,,
unit-e31a40680ee4d8d1958c33eb962d0ee3,NOT_SCHEDULED,False,,
unit-45e83f8e556b88281b5126b6025ccf83,NOT_SCHEDULED,False,,
unit-7e333c07cb4552919bf3176ffdba623b,ABSTAINED,True,False,
unit-840d11a584ed5b1340af7da81a337d37,ABSTAINED,True,False,
unit-7e16c531027d5c78a06bda65f7bfdf2b,NOT_SCHEDULED,False,,
unit-577821a27cd5e94d1ff9a2272ab19ec3,NOT_SCHEDULED,False,,
unit-ace393dbfa780554f497323f87b7e5c7,NOT_SCHEDULED,False,,
unit-023290c94971167db46c3f6e92afcc2e,ABSTAINED,True,False,
unit-28ac5d65e27380ce1684335e9b939420,ABSTAINED,True,False,
unit-0e7593d728386aff4405fe319c7d5d51,NOT_SCHEDULED,False,,
unit-d938b87b672a5fd1dc9dafd1594baffe,NOT_SCHEDULED,False,,
unit-2d261d7a3c5dbe1d719e0a09fb7e79de,NOT_SCHEDULED,False,,
unit-fe8671989b0a164fa4a5abb83aa8e006,ABSTAINED,True,False,
unit-78b265102890052c3bfaba31b1a7b1c4,ABSTAINED,True,False,
unit-3520b8bdf70a471700d124745a24633b,NOT_SCHEDULED,False,,
unit-c47bdc61b0fef069050ebe8e90044fd6,NOT_SCHEDULED,False,,
unit-9e3eec1dfb7967c360bbc9998c513012,NOT_SCHEDULED,False,,
unit-cbca0d5f3e31ba3ad8b9bad8cae9305d,ABSTAINED,True,False,
unit-b60464dfeb30c8327cf752025641f20b,ABSTAINED,True,False,
unit-c4f25ab0b98d91cfa55ba33fd7a67cb5,NOT_SCHEDULED,False,,
unit-82f12778882de98f2b0a131fbe484f1f,NOT_SCHEDULED,False,,
unit-d3f09b607ffa355fc45dfc16afda91f4,NOT_SCHEDULED,False,,
unit-f407f54860390739a67ceda7acfb97bc,ABSTAINED,True,False,
unit-0cbfb9f6ed822a6f6502620dffdf6e82,ABSTAINED,True,False,
unit-8da7887cd5de42e17bc45de645b57820,NOT_SCHEDULED,False,,
unit-c78104d3e8b565aaa4d46f960eb99abe,NOT_SCHEDULED,False,,
unit-22ec951c9a8d105ae077c91c804f627e,NOT_SCHEDULED,False,,
unit-adf046423a2d3f344718a58f0cd7adce,ABSTAINED,True,False,
unit-ee0400d97e4bfff62aa6317565a15504,ABSTAINED,True,False,
unit-1ec69a5d79d6ddb20be83d32a9238aab,NOT_SCHEDULED,False,,
unit-fccdb94237011a0428879f1d6f3bd2ea,NOT_SCHEDULED,False,,
unit-8b0e5ab2b1e412a6c2ca3aaeb7339c08,NOT_SCHEDULED,False,,
unit-27a5ff6717ab6476a5720933c7086e29,ABSTAINED,True,False,
unit-00ee26d179825d3fc13b0c424113c018,ABSTAINED,True,False,
unit-4abb14c65444be46eb47be2cd95b8670,NOT_SCHEDULED,False,,
unit-8558b4ec7e81743323e28f8f77de4d09,NOT_SCHEDULED,False,,
unit-72eb6c0766ac9bc642d4e8fbdef5f9ac,NOT_SCHEDULED,False,,
unit-ac8f276c852348cedb902d3f6ac5b317,ABSTAINED,True,False,
unit-7563752528fa817b3bd6c2594332dcc5,ABSTAINED,True,False,
unit-c3d9329e2d0cdcab90eafe825bf817a0,NOT_SCHEDULED,False,,
unit-7c66e1bd0152932a2cc0afc6437babc2,NOT_SCHEDULED,False,,
unit-4421240883e25efaa66b325e214a6c1e,NOT_SCHEDULED,False,,
unit-cabbbc7645a972a9f9f0df0ca9720f86,ABSTAINED,True,False,
unit-d72ae306db9d10db63d60f689c9b9860,ABSTAINED,True,False,
