scope_run_id,unit_id,canonical_instance_id,method,scope,reset_id,terminal_status,measured,executed,success,evidence_path,evidence_sha256,construction_failure_origin
native_test_L1_engine_v2_20260907-6a60a51-v6,unit-22af7245fb3cd8e76f8af4e73d7e8390,native-5644ccc3513a6015e787e9698468b719ec757ef7f59f908364289d80673fa474,REF_NATIVE,L0_target_only,r0,NOT_SCHEDULED,False,,,,,
native_test_L1_engine_v2_20260907-6a60a51-v6,unit-89134e0756c3a253621c0e02a643d069,native-5644ccc3513a6015e787e9698468b719ec757ef7f59f908364289d80673fa474,REF_NATIVE,L0_target_only,r1,NOT_SCHEDULED,False,,,,,
native_test_L1_engine_v2_20260907-6a60a51-v6,unit-be0e93b3210d650c8b7b753b479d0fb8,native-5644ccc3513a6015e787e9698468b719ec757ef7f59f908364289d80673fa474,REF_NATIVE,L0_target_only,r2,NOT_SCHEDULED,False,,,,,
native_test_L1_engine_v2_20260907-6a60a51-v6,unit-8c14b70c23b5625e69cead1867d2c3ce,native-5644ccc3513a6015e787e9698468b719ec757ef7f59f908364289d80673fa474,REF_NATIVE,L0_target_only,r3,NOT_SCHEDULED,False,,,,,
native_test_L1_engine_v2_20260907-6a60a51-v6,unit-453f92005289106a6dd24b50231dac0f,native-5644ccc3513a6015e787e9698468b719ec757ef7f59f908364289d80673fa474,REF_NATIVE,L0_target_only,r4,NOT_SCHEDULED,False,,,,,
native_test_L1_engine_v2_20260907-6a60a51-v6,unit-f28dee993e4b24bf047bcb0e754c22dd,native-5644ccc3513a6015e787e9698468b719ec757ef7f59f908364289d80673fa474,REF_NATIVE,L0_target_only,r5,NOT_SCHEDULED,False,,,,,
native_test_L1_engine_v2_20260907-6a60a51-v6,unit-8726c31017d48460d753c87a706e9a8e,native-5644ccc3513a6015e787e9698468b719ec757ef7f59f908364289d80673fa474,REF_NATIVE,L0_target_only,r6,NOT_SCHEDULED,False,,,,,
native_test_L1_engine_v2_20260907-6a60a51-v6,unit-2ce5bbf98320c235e751a4d96b6fb202,native-5644ccc3513a6015e787e9698468b719ec757ef7f59f908364289d80673fa474,REF_NATIVE,L0_target_only,r7,NOT_SCHEDULED,False,,,,,
native_test_L1_engine_v2_20260907-6a60a51-v6,unit-591d03b330392e170277493941bd0d02,native-5644ccc3513a6015e787e9698468b719ec757ef7f59f908364289d80673fa474,REF_NATIVE,L0_target_only,r8,NOT_SCHEDULED,False,,,,,
native_test_L1_engine_v2_20260907-6a60a51-v6,unit-1b33caa0faead29a0b1490063b2855a6,native-5644ccc3513a6015e787e9698468b719ec757ef7f59f908364289d80673fa474,REF_NATIVE,L0_target_only,r9,NOT_SCHEDULED,False,,,,,
native_test_L1_engine_v2_20260907-6a60a51-v6,unit-acef02a8827df78f2e3d2fae87dde38d,native-6472a1eb5d52a97d7b657b6e4ded936f32701d9b9fdeaebe7ff8478f571eac77,REF_NATIVE,L0_target_only,r0,NOT_SCHEDULED,False,,,,,
native_test_L1_engine_v2_20260907-6a60a51-v6,unit-7680d624ce4f9c89e0f5295c3a9b7b46,native-6472a1eb5d52a97d7b657b6e4ded936f32701d9b9fdeaebe7ff8478f571eac77,REF_NATIVE,L0_target_only,r1,NOT_SCHEDULED,False,,,,,
native_test_L1_engine_v2_20260907-6a60a51-v6,unit-67489d63b4b6c3d04a17c75e4b3ebf59,native-6472a1eb5d52a97d7b657b6e4ded936f32701d9b9fdeaebe7ff8478f571eac77,REF_NATIVE,L0_target_only,r2,NOT_SCHEDULED,False,,,,,
native_test_L1_engine_v2_20260907-6a60a51-v6,unit-1abb7deb4371273d01df6334ba029c23,native-6472a1eb5d52a97d7b657b6e4ded936f32701d9b9fdeaebe7ff8478f571eac77,REF_NATIVE,L0_target_only,r3,NOT_SCHEDULED,False,,,,,
native_test_L1_engine_v2_20260907-6a60a51-v6,unit-c6c94c9654f8ff6a51878b830c357fca,native-6472a1eb5d52a97d7b657b6e4ded936f32701d9b9fdeaebe7ff8478f571eac77,REF_NATIVE,L0_target_only,r4,NOT_SCHEDULED,False,,,,,
native_test_L1_engine_v2_20260907-6a60a51-v6,unit-c8759a568e3d96d978ba9a1a567aac82,native-6472a1eb5d52a97d7b657b6e4ded936f32701d9b9fdeaebe7ff8478f571eac77,REF_NATIVE,L0_target_only,r5,NOT_SCHEDULED,False,,,,,
native_test_L1_engine_v2_20260907-6a60a51-v6,unit-76ded662e9425c3e193b191c118a1b91,native-6472a1eb5d52a97d7b657b6e4ded936f32701d9b9fdeaebe7ff8478f571eac77,REF_NATIVE,L0_target_only,r6,NOT_SCHEDULED,False,,,,,
native_test_L1_engine_v2_20260907-6a60a51-v6,unit-af7d5df3c502bfec5c0920b935744093,native-6472a1eb5d52a97d7b657b6e4ded936f32701d9b9fdeaebe7ff8478f571eac77,REF_NATIVE,L0_target_only,r7,NOT_SCHEDULED,False,,,,,
native_test_L1_engine_v2_20260907-6a60a51-v6,unit-d35e664e4e0c3bab4ebeb96cb49630d0,native-6472a1eb5d52a97d7b657b6e4ded936f32701d9b9fdeaebe7ff8478f571eac77,REF_NATIVE,L0_target_only,r8,NOT_SCHEDULED,False,,,,,
native_test_L1_engine_v2_20260907-6a60a51-v6,unit-230bd40ebec9caf25c231b3b469fc0de,native-6472a1eb5d52a97d7b657b6e4ded936f32701d9b9fdeaebe7ff8478f571eac77,REF_NATIVE,L0_target_only,r9,NOT_SCHEDULED,False,,,,,
native_test_L1_engine_v2_20260907-6a60a51-v6,unit-acd9c3f1e839ad7b8194455fe80ad93f,native-5683112f9a83449e494300495db2a9d00260e6d219171ccfc787a7f0d62c8504,REF_NATIVE,L0_target_only,r0,NOT_SCHEDULED,False,,,,,
native_test_L1_engine_v2_20260907-6a60a51-v6,unit-c72f1ceeb2d4ce553c43467777847a88,native-5683112f9a83449e494300495db2a9d00260e6d219171ccfc787a7f0d62c8504,REF_NATIVE,L0_target_only,r1,NOT_SCHEDULED,False,,,,,
native_test_L1_engine_v2_20260907-6a60a51-v6,unit-4d777f60cbf7d4f0c9819c6da715c9ce,native-5683112f9a83449e494300495db2a9d00260e6d219171ccfc787a7f0d62c8504,REF_NATIVE,L0_target_only,r2,NOT_SCHEDULED,False,,,,,
native_test_L1_engine_v2_20260907-6a60a51-v6,unit-71db4ab6db99e438bc7636ac25b9f365,native-5683112f9a83449e494300495db2a9d00260e6d219171ccfc787a7f0d62c8504,REF_NATIVE,L0_target_only,r3,NOT_SCHEDULED,False,,,,,
native_test_L1_engine_v2_20260907-6a60a51-v6,unit-19ee1b55b5cad35478098aabf9ec4d3f,native-5683112f9a83449e494300495db2a9d00260e6d219171ccfc787a7f0d62c8504,REF_NATIVE,L0_target_only,r4,NOT_SCHEDULED,False,,,,,
native_test_L1_engine_v2_20260907-6a60a51-v6,unit-5c6a8ba9e5e56ce0f90a17ee7c8e3e36,native-5683112f9a83449e494300495db2a9d00260e6d219171ccfc787a7f0d62c8504,REF_NATIVE,L0_target_only,r5,NOT_SCHEDULED,False,,,,,
native_test_L1_engine_v2_20260907-6a60a51-v6,unit-d1554b57ea69d7ac2b07e7d56a501d21,native-5683112f9a83449e494300495db2a9d00260e6d219171ccfc787a7f0d62c8504,REF_NATIVE,L0_target_only,r6,NOT_SCHEDULED,False,,,,,
native_test_L1_engine_v2_20260907-6a60a51-v6,unit-64d7ecb041ed9d412681c4a50c3282ab,native-5683112f9a83449e494300495db2a9d00260e6d219171ccfc787a7f0d62c8504,REF_NATIVE,L0_target_only,r7,NOT_SCHEDULED,False,,,,,
native_test_L1_engine_v2_20260907-6a60a51-v6,unit-881731c2d836c0df4729d4d40adbc9b7,native-5683112f9a83449e494300495db2a9d00260e6d219171ccfc787a7f0d62c8504,REF_NATIVE,L0_target_only,r8,NOT_SCHEDULED,False,,,,,
native_test_L1_engine_v2_20260907-6a60a51-v6,unit-cf2abbabaab0b72d85748fa973b51635,native-5683112f9a83449e494300495db2a9d00260e6d219171ccfc787a7f0d62c8504,REF_NATIVE,L0_target_only,r9,NOT_SCHEDULED,False,,,,,
native_test_L1_engine_v2_20260907-6a60a51-v6,unit-dd93e97f08e829d31b0909d301fbbe64,native-789b4c346afbcd62248c8f0a95e90ee58aec9f9067403bf0ff013a1ebe91bf41,REF_NATIVE,L0_target_only,r0,NOT_SCHEDULED,False,,,,,
native_test_L1_engine_v2_20260907-6a60a51-v6,unit-5b7e774dbd2311379cca385a1813b078,native-789b4c346afbcd62248c8f0a95e90ee58aec9f9067403bf0ff013a1ebe91bf41,REF_NATIVE,L0_target_only,r1,NOT_SCHEDULED,False,,,,,
native_test_L1_engine_v2_20260907-6a60a51-v6,unit-8aab0ee734482a31b908f25b527b9136,native-789b4c346afbcd62248c8f0a95e90ee58aec9f9067403bf0ff013a1ebe91bf41,REF_NATIVE,L0_target_only,r2,NOT_SCHEDULED,False,,,,,
native_test_L1_engine_v2_20260907-6a60a51-v6,unit-48a4d21e596819e0d8a76dd255d26499,native-789b4c346afbcd62248c8f0a95e90ee58aec9f9067403bf0ff013a1ebe91bf41,REF_NATIVE,L0_target_only,r3,NOT_SCHEDULED,False,,,,,
native_test_L1_engine_v2_20260907-6a60a51-v6,unit-c1dd5b5bf4392ffa057b69e2f069271b,native-789b4c346afbcd62248c8f0a95e90ee58aec9f9067403bf0ff013a1ebe91bf41,REF_NATIVE,L0_target_only,r4,NOT_SCHEDULED,False,,,,,
native_test_L1_engine_v2_20260907-6a60a51-v6,unit-7ccfa9bb59265b85d2dd791038bd1820,native-789b4c346afbcd62248c8f0a95e90ee58aec9f9067403bf0ff013a1ebe91bf41,REF_NATIVE,L0_target_only,r5,NOT_SCHEDULED,False,,,,,
native_test_L1_engine_v2_20260907-6a60a51-v6,unit-8cd80cc696050ee3142f22d74d438bb2,native-789b4c346afbcd62248c8f0a95e90ee58aec9f9067403bf0ff013a1ebe91bf41,REF_NATIVE,L0_target_only,r6,NOT_SCHEDULED,False,,,,,
native_test_L1_engine_v2_20260907-6a60a51-v6,unit-738e2a4586935907cd9f7c9c9fc1e71c,native-789b4c346afbcd62248c8f0a95e90ee58aec9f9067403bf0ff013a1ebe91bf41,REF_NATIVE,L0_target_only,r7,NOT_SCHEDULED,False,,,,,
native_test_L1_engine_v2_20260907-6a60a51-v6,unit-8f31d6802deffb0264d32c3f92a9ce0f,native-789b4c346afbcd62248c8f0a95e90ee58aec9f9067403bf0ff013a1ebe91bf41,REF_NATIVE,L0_target_only,r8,NOT_SCHEDULED,False,,,,,
native_test_L1_engine_v2_20260907-6a60a51-v6,unit-3084ffb7208399a9e0a65267a84381db,native-789b4c346afbcd62248c8f0a95e90ee58aec9f9067403bf0ff013a1ebe91bf41,REF_NATIVE,L0_target_only,r9,NOT_SCHEDULED,False,,,,,
native_test_L1_engine_v2_20260907-6a60a51-v6,unit-c35e19947078127bba4de7b109bfa61b,native-aeaf4d11ea6b4fe521db3359538981b4c6d39280bd7edd46e26fbe63ab772954,REF_NATIVE,L0_target_only,r0,NOT_SCHEDULED,False,,,,,
native_test_L1_engine_v2_20260907-6a60a51-v6,unit-4b3a94d8369ebe4e52e9a690d76630fd,native-aeaf4d11ea6b4fe521db3359538981b4c6d39280bd7edd46e26fbe63ab772954,REF_NATIVE,L0_target_only,r1,NOT_SCHEDULED,False,,,,,
native_test_L1_engine_v2_20260907-6a60a51-v6,unit-01636d6f72efa560c518402595816e16,native-aeaf4d11ea6b4fe521db3359538981b4c6d39280bd7edd46e26fbe63ab772954,REF_NATIVE,L0_target_only,r2,NOT_SCHEDULED,False,,,,,
native_test_L1_engine_v2_20260907-6a60a51-v6,unit-46950dd81369ad02033787c3ef384ee8,native-aeaf4d11ea6b4fe521db3359538981b4c6d39280bd7edd46e26fbe63ab772954,REF_NATIVE,L0_target_only,r3,NOT_SCHEDULED,False,,,,,
native_test_L1_engine_v2_20260907-6a60a51-v6,unit-32c691fd516054b8f8d25e9c2e134713,native-aeaf4d11ea6b4fe521db3359538981b4c6d39280bd7edd46e26fbe63ab772954,REF_NATIVE,L0_target_only,r4,NOT_SCHEDULED,False,,,,,
native_test_L1_engine_v2_20260907-6a60a51-v6,unit-1e70c9e4c1378331caf1a253baeced38,native-aeaf4d11ea6b4fe521db3359538981b4c6d39280bd7edd46e26fbe63ab772954,REF_NATIVE,L0_target_only,r5,NOT_SCHEDULED,False,,,,,
native_test_L1_engine_v2_20260907-6a60a51-v6,unit-5a2f4cb2fabfb4eb6616d6d3a7b12d73,native-aeaf4d11ea6b4fe521db3359538981b4c6d39280bd7edd46e26fbe63ab772954,REF_NATIVE,L0_target_only,r6,NOT_SCHEDULED,False,,,,,
native_test_L1_engine_v2_20260907-6a60a51-v6,unit-f5072760e0008cf70f28d52614780952,native-aeaf4d11ea6b4fe521db3359538981b4c6d39280bd7edd46e26fbe63ab772954,REF_NATIVE,L0_target_only,r7,NOT_SCHEDULED,False,,,,,
native_test_L1_engine_v2_20260907-6a60a51-v6,unit-8e963f4d86cfad410f56e1d34b64874e,native-aeaf4d11ea6b4fe521db3359538981b4c6d39280bd7edd46e26fbe63ab772954,REF_NATIVE,L0_target_only,r8,NOT_SCHEDULED,False,,,,,
native_test_L1_engine_v2_20260907-6a60a51-v6,unit-8cd615e0914c986ac8d7d581fba89610,native-aeaf4d11ea6b4fe521db3359538981b4c6d39280bd7edd46e26fbe63ab772954,REF_NATIVE,L0_target_only,r9,NOT_SCHEDULED,False,,,,,
native_test_L1_engine_v2_20260907-6a60a51-v6,unit-0fcfb9022fa3e73cea3f495aa1ec21db,native-5f490be21d6e904fe80762b505fd718d87d81a416c5165e7080dd6811f4e670b,REF_NATIVE,L0_target_only,r0,NOT_SCHEDULED,False,,,,,
native_test_L1_engine_v2_20260907-6a60a51-v6,unit-29832c686612309f155b10ab783870d4,native-5f490be21d6e904fe80762b505fd718d87d81a416c5165e7080dd6811f4e670b,REF_NATIVE,L0_target_only,r1,NOT_SCHEDULED,False,,,,,
native_test_L1_engine_v2_20260907-6a60a51-v6,unit-f7d015a62a046a591334f98d62ca6927,native-5f490be21d6e904fe80762b505fd718d87d81a416c5165e7080dd6811f4e670b,REF_NATIVE,L0_target_only,r2,NOT_SCHEDULED,False,,,,,
native_test_L1_engine_v2_20260907-6a60a51-v6,unit-695ab87018b4856a38730495380ec936,native-5f490be21d6e904fe80762b505fd718d87d81a416c5165e7080dd6811f4e670b,REF_NATIVE,L0_target_only,r3,NOT_SCHEDULED,False,,,,,
native_test_L1_engine_v2_20260907-6a60a51-v6,unit-fb5c37920365c1a6217880115542b251,native-5f490be21d6e904fe80762b505fd718d87d81a416c5165e7080dd6811f4e670b,REF_NATIVE,L0_target_only,r4,NOT_SCHEDULED,False,,,,,
native_test_L1_engine_v2_20260907-6a60a51-v6,unit-1400833758e628bcc6e4610ed0892c4d,native-5f490be21d6e904fe80762b505fd718d87d81a416c5165e7080dd6811f4e670b,REF_NATIVE,L0_target_only,r5,NOT_SCHEDULED,False,,,,,
native_test_L1_engine_v2_20260907-6a60a51-v6,unit-4e8dc0b67dbe744dd423007256b03823,native-5f490be21d6e904fe80762b505fd718d87d81a416c5165e7080dd6811f4e670b,REF_NATIVE,L0_target_only,r6,NOT_SCHEDULED,False,,,,,
native_test_L1_engine_v2_20260907-6a60a51-v6,unit-72436248226a8f28c3b51b9ae89a242b,native-5f490be21d6e904fe80762b505fd718d87d81a416c5165e7080dd6811f4e670b,REF_NATIVE,L0_target_only,r7,NOT_SCHEDULED,False,,,,,
native_test_L1_engine_v2_20260907-6a60a51-v6,unit-000eac70a73697f265baa2fd5c5e2ba6,native-5f490be21d6e904fe80762b505fd718d87d81a416c5165e7080dd6811f4e670b,REF_NATIVE,L0_target_only,r8,NOT_SCHEDULED,False,,,,,
native_test_L1_engine_v2_20260907-6a60a51-v6,unit-5f6f54596793a4d96b6206d5b11bc516,native-5f490be21d6e904fe80762b505fd718d87d81a416c5165e7080dd6811f4e670b,REF_NATIVE,L0_target_only,r9,NOT_SCHEDULED,False,,,,,
native_test_L1_engine_v2_20260907-6a60a51-v6,unit-fa3b8b348982a36cd62b60a8c64c4683,native-05f06fc08dfc46d3c93892adda6663e80ac01b546d942f48fe2ea4b01f25c279,REF_NATIVE,L0_target_only,r0,NOT_SCHEDULED,False,,,,,
native_test_L1_engine_v2_20260907-6a60a51-v6,unit-3342e3a611fd872198510507bcfbeccc,native-05f06fc08dfc46d3c93892adda6663e80ac01b546d942f48fe2ea4b01f25c279,REF_NATIVE,L0_target_only,r1,NOT_SCHEDULED,False,,,,,
native_test_L1_engine_v2_20260907-6a60a51-v6,unit-9568c3e9dfb99d2c116f341b97c7b181,native-05f06fc08dfc46d3c93892adda6663e80ac01b546d942f48fe2ea4b01f25c279,REF_NATIVE,L0_target_only,r2,NOT_SCHEDULED,False,,,,,
native_test_L1_engine_v2_20260907-6a60a51-v6,unit-6a3ae78e6fbcaa36e4abac6836cc5c4e,native-05f06fc08dfc46d3c93892adda6663e80ac01b546d942f48fe2ea4b01f25c279,REF_NATIVE,L0_target_only,r3,NOT_SCHEDULED,False,,,,,
native_test_L1_engine_v2_20260907-6a60a51-v6,unit-11280444251fffd5240be580c1f191ea,native-05f06fc08dfc46d3c93892adda6663e80ac01b546d942f48fe2ea4b01f25c279,REF_NATIVE,L0_target_only,r4,NOT_SCHEDULED,False,,,,,
native_test_L1_engine_v2_20260907-6a60a51-v6,unit-e374f58e1fec89575cdf3af8c7453558,native-05f06fc08dfc46d3c93892adda6663e80ac01b546d942f48fe2ea4b01f25c279,REF_NATIVE,L0_target_only,r5,NOT_SCHEDULED,False,,,,,
native_test_L1_engine_v2_20260907-6a60a51-v6,unit-7fe410f5df937010b55297eee6e5f23c,native-05f06fc08dfc46d3c93892adda6663e80ac01b546d942f48fe2ea4b01f25c279,REF_NATIVE,L0_target_only,r6,NOT_SCHEDULED,False,,,,,
native_test_L1_engine_v2_20260907-6a60a51-v6,unit-5d1852ca255a3e537f91ad604e5ee6f2,native-05f06fc08dfc46d3c93892adda6663e80ac01b546d942f48fe2ea4b01f25c279,REF_NATIVE,L0_target_only,r7,NOT_SCHEDULED,False,,,,,
native_test_L1_engine_v2_20260907-6a60a51-v6,unit-e2d0621a22504c1c4ed68d19e8ae4ebb,native-05f06fc08dfc46d3c93892adda6663e80ac01b546d942f48fe2ea4b01f25c279,REF_NATIVE,L0_target_only,r8,NOT_SCHEDULED,False,,,,,
native_test_L1_engine_v2_20260907-6a60a51-v6,unit-4d187361c9675977ee3c1fe3e2869bad,native-05f06fc08dfc46d3c93892adda6663e80ac01b546d942f48fe2ea4b01f25c279,REF_NATIVE,L0_target_only,r9,NOT_SCHEDULED,False,,,,,
native_test_L1_engine_v2_20260907-6a60a51-v6,unit-a13fb6c25f634e6b53935ee400f03b03,native-5697c97e9d208786578b9b8b92e95a27161fb1b6fdf41b532f6a4b7cf1bcb6dd,REF_NATIVE,L0_target_only,r0,NOT_SCHEDULED,False,,,,,
native_test_L1_engine_v2_20260907-6a60a51-v6,unit-55259030c312b8c80d278fea3e2f62b7,native-5697c97e9d208786578b9b8b92e95a27161fb1b6fdf41b532f6a4b7cf1bcb6dd,REF_NATIVE,L0_target_only,r1,NOT_SCHEDULED,False,,,,,
native_test_L1_engine_v2_20260907-6a60a51-v6,unit-4563b037688616a415cce10b82bc71ac,native-5697c97e9d208786578b9b8b92e95a27161fb1b6fdf41b532f6a4b7cf1bcb6dd,REF_NATIVE,L0_target_only,r2,NOT_SCHEDULED,False,,,,,
native_test_L1_engine_v2_20260907-6a60a51-v6,unit-2e0b30109837dde4ed59fa884e2254ef,native-5697c97e9d208786578b9b8b92e95a27161fb1b6fdf41b532f6a4b7cf1bcb6dd,REF_NATIVE,L0_target_only,r3,NOT_SCHEDULED,False,,,,,
native_test_L1_engine_v2_20260907-6a60a51-v6,unit-df2073da60b86a2fe04e677e6e818130,native-5697c97e9d208786578b9b8b92e95a27161fb1b6fdf41b532f6a4b7cf1bcb6dd,REF_NATIVE,L0_target_only,r4,NOT_SCHEDULED,False,,,,,
native_test_L1_engine_v2_20260907-6a60a51-v6,unit-46b76c288c064949d5d4d540d5c8c32e,native-5697c97e9d208786578b9b8b92e95a27161fb1b6fdf41b532f6a4b7cf1bcb6dd,REF_NATIVE,L0_target_only,r5,NOT_SCHEDULED,False,,,,,
native_test_L1_engine_v2_20260907-6a60a51-v6,unit-20d0415f9e540360df085250b93c8a5f,native-5697c97e9d208786578b9b8b92e95a27161fb1b6fdf41b532f6a4b7cf1bcb6dd,REF_NATIVE,L0_target_only,r6,NOT_SCHEDULED,False,,,,,
native_test_L1_engine_v2_20260907-6a60a51-v6,unit-5b82e8f1b6980631fa32eef43ccbbc7c,native-5697c97e9d208786578b9b8b92e95a27161fb1b6fdf41b532f6a4b7cf1bcb6dd,REF_NATIVE,L0_target_only,r7,NOT_SCHEDULED,False,,,,,
native_test_L1_engine_v2_20260907-6a60a51-v6,unit-9fb1f9cf2d0e41e41411408986432f6b,native-5697c97e9d208786578b9b8b92e95a27161fb1b6fdf41b532f6a4b7cf1bcb6dd,REF_NATIVE,L0_target_only,r8,NOT_SCHEDULED,False,,,,,
native_test_L1_engine_v2_20260907-6a60a51-v6,unit-3a4cb50aff6ec7cb6f2312bc94f0d215,native-5697c97e9d208786578b9b8b92e95a27161fb1b6fdf41b532f6a4b7cf1bcb6dd,REF_NATIVE,L0_target_only,r9,NOT_SCHEDULED,False,,,,,
native_test_L1_engine_v2_20260907-6a60a51-v6,unit-a89a62b2c44dd68483981c5c026f7493,native-55a23f0c97ee7672f66552b77660344880fafb6ce36a25433d19e58b15ed3aa5,REF_NATIVE,L0_target_only,r0,NOT_SCHEDULED,False,,,,,
native_test_L1_engine_v2_20260907-6a60a51-v6,unit-a2cf16d812530a8553b1a8bf3051a75b,native-55a23f0c97ee7672f66552b77660344880fafb6ce36a25433d19e58b15ed3aa5,REF_NATIVE,L0_target_only,r1,NOT_SCHEDULED,False,,,,,
native_test_L1_engine_v2_20260907-6a60a51-v6,unit-1e8a720151d156a4315c77c48428684f,native-55a23f0c97ee7672f66552b77660344880fafb6ce36a25433d19e58b15ed3aa5,REF_NATIVE,L0_target_only,r2,NOT_SCHEDULED,False,,,,,
native_test_L1_engine_v2_20260907-6a60a51-v6,unit-5ee8c197b4117982acb550c899f6b911,native-55a23f0c97ee7672f66552b77660344880fafb6ce36a25433d19e58b15ed3aa5,REF_NATIVE,L0_target_only,r3,NOT_SCHEDULED,False,,,,,
native_test_L1_engine_v2_20260907-6a60a51-v6,unit-21a620839ba467c710414824f79e7df6,native-55a23f0c97ee7672f66552b77660344880fafb6ce36a25433d19e58b15ed3aa5,REF_NATIVE,L0_target_only,r4,NOT_SCHEDULED,False,,,,,
native_test_L1_engine_v2_20260907-6a60a51-v6,unit-963212133e0b212a1cabfd95f9c5ba76,native-55a23f0c97ee7672f66552b77660344880fafb6ce36a25433d19e58b15ed3aa5,REF_NATIVE,L0_target_only,r5,NOT_SCHEDULED,False,,,,,
native_test_L1_engine_v2_20260907-6a60a51-v6,unit-480e7f0d8029686880aeb68f19a63e04,native-55a23f0c97ee7672f66552b77660344880fafb6ce36a25433d19e58b15ed3aa5,REF_NATIVE,L0_target_only,r6,NOT_SCHEDULED,False,,,,,
native_test_L1_engine_v2_20260907-6a60a51-v6,unit-9eec5967c8b7741ee2b1d1724414ed2e,native-55a23f0c97ee7672f66552b77660344880fafb6ce36a25433d19e58b15ed3aa5,REF_NATIVE,L0_target_only,r7,NOT_SCHEDULED,False,,,,,
native_test_L1_engine_v2_20260907-6a60a51-v6,unit-66a4f0ee25da4272f1289d0ef6d23c1d,native-55a23f0c97ee7672f66552b77660344880fafb6ce36a25433d19e58b15ed3aa5,REF_NATIVE,L0_target_only,r8,NOT_SCHEDULED,False,,,,,
native_test_L1_engine_v2_20260907-6a60a51-v6,unit-6addbb0579cab0416da56af5336592bd,native-55a23f0c97ee7672f66552b77660344880fafb6ce36a25433d19e58b15ed3aa5,REF_NATIVE,L0_target_only,r9,NOT_SCHEDULED,False,,,,,
native_test_L1_engine_v2_20260907-6a60a51-v6,unit-948e1427bfc43619b27bff744a1ecb67,native-fd102487ad05f67cadd75d54e90d93b7e54500ee005b6acad9e031f034a4dc0e,REF_NATIVE,L0_target_only,r0,NOT_SCHEDULED,False,,,,,
native_test_L1_engine_v2_20260907-6a60a51-v6,unit-4b6f6f2b413b3596f3dd19b77f39f3e8,native-fd102487ad05f67cadd75d54e90d93b7e54500ee005b6acad9e031f034a4dc0e,REF_NATIVE,L0_target_only,r1,NOT_SCHEDULED,False,,,,,
native_test_L1_engine_v2_20260907-6a60a51-v6,unit-1d57ab70351d272283de0434b4474f06,native-fd102487ad05f67cadd75d54e90d93b7e54500ee005b6acad9e031f034a4dc0e,REF_NATIVE,L0_target_only,r2,NOT_SCHEDULED,False,,,,,
native_test_L1_engine_v2_20260907-6a60a51-v6,unit-35006ef254fe569d611ad294e6a2c459,native-fd102487ad05f67cadd75d54e90d93b7e54500ee005b6acad9e031f034a4dc0e,REF_NATIVE,L0_target_only,r3,NOT_SCHEDULED,False,,,,,
native_test_L1_engine_v2_20260907-6a60a51-v6,unit-f7880e7d4e5ccb3643930fcfdf50875f,native-fd102487ad05f67cadd75d54e90d93b7e54500ee005b6acad9e031f034a4dc0e,REF_NATIVE,L0_target_only,r4,NOT_SCHEDULED,False,,,,,
native_test_L1_engine_v2_20260907-6a60a51-v6,unit-03b4467b50ff4cf5eeac0e0192f0d1c0,native-fd102487ad05f67cadd75d54e90d93b7e54500ee005b6acad9e031f034a4dc0e,REF_NATIVE,L0_target_only,r5,NOT_SCHEDULED,False,,,,,
native_test_L1_engine_v2_20260907-6a60a51-v6,unit-404896f51415d128d995db7ff0af5ef9,native-fd102487ad05f67cadd75d54e90d93b7e54500ee005b6acad9e031f034a4dc0e,REF_NATIVE,L0_target_only,r6,NOT_SCHEDULED,False,,,,,
native_test_L1_engine_v2_20260907-6a60a51-v6,unit-5e02f12a994dc1f4fb5e90705a624b94,native-fd102487ad05f67cadd75d54e90d93b7e54500ee005b6acad9e031f034a4dc0e,REF_NATIVE,L0_target_only,r7,NOT_SCHEDULED,False,,,,,
native_test_L1_engine_v2_20260907-6a60a51-v6,unit-8eba6c3f1a78a8ebd7594c1b7d7ebae6,native-fd102487ad05f67cadd75d54e90d93b7e54500ee005b6acad9e031f034a4dc0e,REF_NATIVE,L0_target_only,r8,NOT_SCHEDULED,False,,,,,
native_test_L1_engine_v2_20260907-6a60a51-v6,unit-5a3e11a8af825112039a633deb647a50,native-fd102487ad05f67cadd75d54e90d93b7e54500ee005b6acad9e031f034a4dc0e,REF_NATIVE,L0_target_only,r9,NOT_SCHEDULED,False,,,,,
native_test_L1_engine_v2_20260907-6a60a51-v6,unit-83645bc4324ce650089a63f79dd7dd78,native-169cab94f10291685d9311677f1accbf5eb51d5cdbe02697ea6a8c880afbf87f,REF_NATIVE,L0_target_only,r0,NOT_SCHEDULED,False,,,,,
native_test_L1_engine_v2_20260907-6a60a51-v6,unit-082cd23d12ea89df26f1b2c0d273c5e7,native-169cab94f10291685d9311677f1accbf5eb51d5cdbe02697ea6a8c880afbf87f,REF_NATIVE,L0_target_only,r1,NOT_SCHEDULED,False,,,,,
native_test_L1_engine_v2_20260907-6a60a51-v6,unit-cf7fb60a75efc4e4567d44ff145bd188,native-169cab94f10291685d9311677f1accbf5eb51d5cdbe02697ea6a8c880afbf87f,REF_NATIVE,L0_target_only,r2,NOT_SCHEDULED,False,,,,,
native_test_L1_engine_v2_20260907-6a60a51-v6,unit-8a2bc4dd6cfa96586f46e5b3e3fd5604,native-169cab94f10291685d9311677f1accbf5eb51d5cdbe02697ea6a8c880afbf87f,REF_NATIVE,L0_target_only,r3,NOT_SCHEDULED,False,,,,,
native_test_L1_engine_v2_20260907-6a60a51-v6,unit-c2abdd837ed8e9cad5a901984fd8d647,native-169cab94f10291685d9311677f1accbf5eb51d5cdbe02697ea6a8c880afbf87f,REF_NATIVE,L0_target_only,r4,NOT_SCHEDULED,False,,,,,
native_test_L1_engine_v2_20260907-6a60a51-v6,unit-5f0891d5bdfee66267d5eeb10dffb696,native-169cab94f10291685d9311677f1accbf5eb51d5cdbe02697ea6a8c880afbf87f,REF_NATIVE,L0_target_only,r5,NOT_SCHEDULED,False,,,,,
native_test_L1_engine_v2_20260907-6a60a51-v6,unit-92baf9e4d55c0d12310f9dd164bd185b,native-169cab94f10291685d9311677f1accbf5eb51d5cdbe02697ea6a8c880afbf87f,REF_NATIVE,L0_target_only,r6,NOT_SCHEDULED,False,,,,,
native_test_L1_engine_v2_20260907-6a60a51-v6,unit-206df02c6fff881b67d846ad492cac82,native-169cab94f10291685d9311677f1accbf5eb51d5cdbe02697ea6a8c880afbf87f,REF_NATIVE,L0_target_only,r7,NOT_SCHEDULED,False,,,,,
native_test_L1_engine_v2_20260907-6a60a51-v6,unit-47b63c89cb44726643bc08641ac83da4,native-169cab94f10291685d9311677f1accbf5eb51d5cdbe02697ea6a8c880afbf87f,REF_NATIVE,L0_target_only,r8,NOT_SCHEDULED,False,,,,,
native_test_L1_engine_v2_20260907-6a60a51-v6,unit-3fa5b7248f9f71535b37b9d994561478,native-169cab94f10291685d9311677f1accbf5eb51d5cdbe02697ea6a8c880afbf87f,REF_NATIVE,L0_target_only,r9,NOT_SCHEDULED,False,,,,,
native_test_L1_engine_v2_20260907-6a60a51-v6,unit-36bb1172f3b17ec7fef29380ec779621,native-80f707c13cf12936c9d12954c2274d211a4cc79de918feac7fbc7d2c9badfb3f,REF_NATIVE,L0_target_only,r0,NOT_SCHEDULED,False,,,,,
native_test_L1_engine_v2_20260907-6a60a51-v6,unit-3fdc314cc0dd8bbdf2bca70a6997176e,native-80f707c13cf12936c9d12954c2274d211a4cc79de918feac7fbc7d2c9badfb3f,REF_NATIVE,L0_target_only,r1,NOT_SCHEDULED,False,,,,,
native_test_L1_engine_v2_20260907-6a60a51-v6,unit-9a78fc050549b660f884305f15aff954,native-80f707c13cf12936c9d12954c2274d211a4cc79de918feac7fbc7d2c9badfb3f,REF_NATIVE,L0_target_only,r2,NOT_SCHEDULED,False,,,,,
native_test_L1_engine_v2_20260907-6a60a51-v6,unit-c29cd7aff758d289fb83e39a229481e7,native-80f707c13cf12936c9d12954c2274d211a4cc79de918feac7fbc7d2c9badfb3f,REF_NATIVE,L0_target_only,r3,NOT_SCHEDULED,False,,,,,
native_test_L1_engine_v2_20260907-6a60a51-v6,unit-0835c249bd5a0ba6c281fafec46391ab,native-80f707c13cf12936c9d12954c2274d211a4cc79de918feac7fbc7d2c9badfb3f,REF_NATIVE,L0_target_only,r4,NOT_SCHEDULED,False,,,,,
native_test_L1_engine_v2_20260907-6a60a51-v6,unit-cd541fb376124ed4ee3fc9745886b736,native-80f707c13cf12936c9d12954c2274d211a4cc79de918feac7fbc7d2c9badfb3f,REF_NATIVE,L0_target_only,r5,NOT_SCHEDULED,False,,,,,
native_test_L1_engine_v2_20260907-6a60a51-v6,unit-c27fd20173866b1b4b9c2f999ce07788,native-80f707c13cf12936c9d12954c2274d211a4cc79de918feac7fbc7d2c9badfb3f,REF_NATIVE,L0_target_only,r6,NOT_SCHEDULED,False,,,,,
native_test_L1_engine_v2_20260907-6a60a51-v6,unit-7058c8a265353984e26d76ba62eb93f2,native-80f707c13cf12936c9d12954c2274d211a4cc79de918feac7fbc7d2c9badfb3f,REF_NATIVE,L0_target_only,r7,NOT_SCHEDULED,False,,,,,
native_test_L1_engine_v2_20260907-6a60a51-v6,unit-76f43bfdbab2c72f91fe7a320ee0003b,native-80f707c13cf12936c9d12954c2274d211a4cc79de918feac7fbc7d2c9badfb3f,REF_NATIVE,L0_target_only,r8,NOT_SCHEDULED,False,,,,,
native_test_L1_engine_v2_20260907-6a60a51-v6,unit-cfd9b5ce70dd82ec7b743722fcfecbbe,native-80f707c13cf12936c9d12954c2274d211a4cc79de918feac7fbc7d2c9badfb3f,REF_NATIVE,L0_target_only,r9,NOT_SCHEDULED,False,,,,,
native_test_L1_engine_v2_20260907-6a60a51-v6,unit-c5ef0579519763bf8624ba85fe424349,native-d7714c3fec848a3bf67f6b0da7de97d52bc4b8ea7dc6a108289477cf133845c6,REF_NATIVE,L0_target_only,r0,NOT_SCHEDULED,False,,,,,
native_test_L1_engine_v2_20260907-6a60a51-v6,unit-89ae985b83004abf54044f63f6ce3ff7,native-d7714c3fec848a3bf67f6b0da7de97d52bc4b8ea7dc6a108289477cf133845c6,REF_NATIVE,L0_target_only,r1,NOT_SCHEDULED,False,,,,,
native_test_L1_engine_v2_20260907-6a60a51-v6,unit-672237ed79acc2a05d4ab392d4828cdc,native-d7714c3fec848a3bf67f6b0da7de97d52bc4b8ea7dc6a108289477cf133845c6,REF_NATIVE,L0_target_only,r2,NOT_SCHEDULED,False,,,,,
native_test_L1_engine_v2_20260907-6a60a51-v6,unit-2a0885492c7e3ba4020aa1f9c39a4713,native-d7714c3fec848a3bf67f6b0da7de97d52bc4b8ea7dc6a108289477cf133845c6,REF_NATIVE,L0_target_only,r3,NOT_SCHEDULED,False,,,,,
native_test_L1_engine_v2_20260907-6a60a51-v6,unit-fba144e6c7855a338030eebbaacdb1cc,native-d7714c3fec848a3bf67f6b0da7de97d52bc4b8ea7dc6a108289477cf133845c6,REF_NATIVE,L0_target_only,r4,NOT_SCHEDULED,False,,,,,
native_test_L1_engine_v2_20260907-6a60a51-v6,unit-74e4dd0feab39f37ef738ae20b8051b7,native-d7714c3fec848a3bf67f6b0da7de97d52bc4b8ea7dc6a108289477cf133845c6,REF_NATIVE,L0_target_only,r5,NOT_SCHEDULED,False,,,,,
native_test_L1_engine_v2_20260907-6a60a51-v6,unit-0064bf62a3892a9ec59f954b7c1f67f6,native-d7714c3fec848a3bf67f6b0da7de97d52bc4b8ea7dc6a108289477cf133845c6,REF_NATIVE,L0_target_only,r6,NOT_SCHEDULED,False,,,,,
native_test_L1_engine_v2_20260907-6a60a51-v6,unit-d6e082c563d92146e52f6cadb1b9b4d5,native-d7714c3fec848a3bf67f6b0da7de97d52bc4b8ea7dc6a108289477cf133845c6,REF_NATIVE,L0_target_only,r7,NOT_SCHEDULED,False,,,,,
native_test_L1_engine_v2_20260907-6a60a51-v6,unit-1240a3312a82b72a3a935418766ac954,native-d7714c3fec848a3bf67f6b0da7de97d52bc4b8ea7dc6a108289477cf133845c6,REF_NATIVE,L0_target_only,r8,NOT_SCHEDULED,False,,,,,
native_test_L1_engine_v2_20260907-6a60a51-v6,unit-f8d9225dafe9d957c33efdf5ae1def69,native-d7714c3fec848a3bf67f6b0da7de97d52bc4b8ea7dc6a108289477cf133845c6,REF_NATIVE,L0_target_only,r9,NOT_SCHEDULED,False,,,,,
native_test_L1_engine_v2_20260907-6a60a51-v6,unit-36d9124bf0f001b93b9b5b960a00dbdb,native-c1d6ffb137352ef5f4f2625c933fa3a98d5801448076dc097c84c3682347eafe,REF_NATIVE,L0_target_only,r0,NOT_SCHEDULED,False,,,,,
native_test_L1_engine_v2_20260907-6a60a51-v6,unit-121b351e919b6f7c145b75020fb7937a,native-c1d6ffb137352ef5f4f2625c933fa3a98d5801448076dc097c84c3682347eafe,REF_NATIVE,L0_target_only,r1,NOT_SCHEDULED,False,,,,,
native_test_L1_engine_v2_20260907-6a60a51-v6,unit-f05eae2fef7260c3d1485fff98729375,native-c1d6ffb137352ef5f4f2625c933fa3a98d5801448076dc097c84c3682347eafe,REF_NATIVE,L0_target_only,r2,NOT_SCHEDULED,False,,,,,
native_test_L1_engine_v2_20260907-6a60a51-v6,unit-700fb80bf628a9acffcf21fb5225de75,native-c1d6ffb137352ef5f4f2625c933fa3a98d5801448076dc097c84c3682347eafe,REF_NATIVE,L0_target_only,r3,NOT_SCHEDULED,False,,,,,
native_test_L1_engine_v2_20260907-6a60a51-v6,unit-326a65f256f6d3b61bb8a73fce24ae0a,native-c1d6ffb137352ef5f4f2625c933fa3a98d5801448076dc097c84c3682347eafe,REF_NATIVE,L0_target_only,r4,NOT_SCHEDULED,False,,,,,
native_test_L1_engine_v2_20260907-6a60a51-v6,unit-9aee814b82d1529e2d952a84b8359b17,native-c1d6ffb137352ef5f4f2625c933fa3a98d5801448076dc097c84c3682347eafe,REF_NATIVE,L0_target_only,r5,NOT_SCHEDULED,False,,,,,
native_test_L1_engine_v2_20260907-6a60a51-v6,unit-4de1d023d4d2e22b654cf581fd1edf79,native-c1d6ffb137352ef5f4f2625c933fa3a98d5801448076dc097c84c3682347eafe,REF_NATIVE,L0_target_only,r6,NOT_SCHEDULED,False,,,,,
native_test_L1_engine_v2_20260907-6a60a51-v6,unit-ed721e22617894cc4812994f2869fe5e,native-c1d6ffb137352ef5f4f2625c933fa3a98d5801448076dc097c84c3682347eafe,REF_NATIVE,L0_target_only,r7,NOT_SCHEDULED,False,,,,,
native_test_L1_engine_v2_20260907-6a60a51-v6,unit-7864f3f8365a4c8e7e8da1dc85d8e6f3,native-c1d6ffb137352ef5f4f2625c933fa3a98d5801448076dc097c84c3682347eafe,REF_NATIVE,L0_target_only,r8,NOT_SCHEDULED,False,,,,,
native_test_L1_engine_v2_20260907-6a60a51-v6,unit-e5d5634bf3e2650c9c451e8605b7e0da,native-c1d6ffb137352ef5f4f2625c933fa3a98d5801448076dc097c84c3682347eafe,REF_NATIVE,L0_target_only,r9,NOT_SCHEDULED,False,,,,,
native_test_L1_engine_v2_20260907-6a60a51-v6,unit-391ae1c5e9d73484af771bf4320144d5,native-a12fe0e2847088d392dce3bcce13e2c38b9b44fdee64c033b391ca4033780c40,REF_NATIVE,L0_target_only,r0,NOT_SCHEDULED,False,,,,,
native_test_L1_engine_v2_20260907-6a60a51-v6,unit-f57782bed510914b88cae1ec99e48667,native-a12fe0e2847088d392dce3bcce13e2c38b9b44fdee64c033b391ca4033780c40,REF_NATIVE,L0_target_only,r1,NOT_SCHEDULED,False,,,,,
native_test_L1_engine_v2_20260907-6a60a51-v6,unit-374206f4c7c7484612f5616113f2de41,native-a12fe0e2847088d392dce3bcce13e2c38b9b44fdee64c033b391ca4033780c40,REF_NATIVE,L0_target_only,r2,NOT_SCHEDULED,False,,,,,
native_test_L1_engine_v2_20260907-6a60a51-v6,unit-76a12f0e9b81591c037ebd415a5f25f7,native-a12fe0e2847088d392dce3bcce13e2c38b9b44fdee64c033b391ca4033780c40,REF_NATIVE,L0_target_only,r3,NOT_SCHEDULED,False,,,,,
native_test_L1_engine_v2_20260907-6a60a51-v6,unit-e5c65c9c4e51c648554151cb437b11db,native-a12fe0e2847088d392dce3bcce13e2c38b9b44fdee64c033b391ca4033780c40,REF_NATIVE,L0_target_only,r4,NOT_SCHEDULED,False,,,,,
native_test_L1_engine_v2_20260907-6a60a51-v6,unit-636025e5d694fcf5d611c9c07ab81f5c,native-a12fe0e2847088d392dce3bcce13e2c38b9b44fdee64c033b391ca4033780c40,REF_NATIVE,L0_target_only,r5,NOT_SCHEDULED,False,,,,,
native_test_L1_engine_v2_20260907-6a60a51-v6,unit-e11ce312e3e2bfb1d8b913d71fda8dd7,native-a12fe0e2847088d392dce3bcce13e2c38b9b44fdee64c033b391ca4033780c40,REF_NATIVE,L0_target_only,r6,NOT_SCHEDULED,False,,,,,
native_test_L1_engine_v2_20260907-6a60a51-v6,unit-1da040d4637398496c04099bda15b7b0,native-a12fe0e2847088d392dce3bcce13e2c38b9b44fdee64c033b391ca4033780c40,REF_NATIVE,L0_target_only,r7,NOT_SCHEDULED,False,,,,,
native_test_L1_engine_v2_20260907-6a60a51-v6,unit-2fca4ad19d0d7abec08a2c69fcaa416d,native-a12fe0e2847088d392dce3bcce13e2c38b9b44fdee64c033b391ca4033780c40,REF_NATIVE,L0_target_only,r8,NOT_SCHEDULED,False,,,,,
native_test_L1_engine_v2_20260907-6a60a51-v6,unit-09858e19a93fc820a7fc00725e43cd5c,native-a12fe0e2847088d392dce3bcce13e2c38b9b44fdee64c033b391ca4033780c40,REF_NATIVE,L0_target_only,r9,NOT_SCHEDULED,False,,,,,
native_test_L1_engine_v2_20260907-6a60a51-v6,unit-9b5930804545f42ed6e31264411aa2f2,native-3438e9650ba6757891d3d71c1156b527a4a8e997ce65a3be1d1490db3ac19e43,REF_NATIVE,L0_target_only,r0,NOT_SCHEDULED,False,,,,,
native_test_L1_engine_v2_20260907-6a60a51-v6,unit-fb356f222e0d2129c48387ca7e5c5603,native-3438e9650ba6757891d3d71c1156b527a4a8e997ce65a3be1d1490db3ac19e43,REF_NATIVE,L0_target_only,r1,NOT_SCHEDULED,False,,,,,
native_test_L1_engine_v2_20260907-6a60a51-v6,unit-123fd90e656cd8bd0dba71d87b3cde50,native-3438e9650ba6757891d3d71c1156b527a4a8e997ce65a3be1d1490db3ac19e43,REF_NATIVE,L0_target_only,r2,NOT_SCHEDULED,False,,,,,
native_test_L1_engine_v2_20260907-6a60a51-v6,unit-19899d72ed4be0b3f03603df4bcc6ccd,native-3438e9650ba6757891d3d71c1156b527a4a8e997ce65a3be1d1490db3ac19e43,REF_NATIVE,L0_target_only,r3,NOT_SCHEDULED,False,,,,,
native_test_L1_engine_v2_20260907-6a60a51-v6,unit-5143467853485f59c5d3ff01829f38ed,native-3438e9650ba6757891d3d71c1156b527a4a8e997ce65a3be1d1490db3ac19e43,REF_NATIVE,L0_target_only,r4,NOT_SCHEDULED,False,,,,,
native_test_L1_engine_v2_20260907-6a60a51-v6,unit-c1c9bff0a6f11a3db783e87c479d24e1,native-3438e9650ba6757891d3d71c1156b527a4a8e997ce65a3be1d1490db3ac19e43,REF_NATIVE,L0_target_only,r5,NOT_SCHEDULED,False,,,,,
native_test_L1_engine_v2_20260907-6a60a51-v6,unit-c8d365991f5af884545e092795ccb560,native-3438e9650ba6757891d3d71c1156b527a4a8e997ce65a3be1d1490db3ac19e43,REF_NATIVE,L0_target_only,r6,NOT_SCHEDULED,False,,,,,
native_test_L1_engine_v2_20260907-6a60a51-v6,unit-25f8f06131b56b8c89ed3013878754d4,native-3438e9650ba6757891d3d71c1156b527a4a8e997ce65a3be1d1490db3ac19e43,REF_NATIVE,L0_target_only,r7,NOT_SCHEDULED,False,,,,,
native_test_L1_engine_v2_20260907-6a60a51-v6,unit-e70fdb6527a98b2cf453f628ba25330e,native-3438e9650ba6757891d3d71c1156b527a4a8e997ce65a3be1d1490db3ac19e43,REF_NATIVE,L0_target_only,r8,NOT_SCHEDULED,False,,,,,
native_test_L1_engine_v2_20260907-6a60a51-v6,unit-9b2b7011bd31d810a5389878777f15d6,native-3438e9650ba6757891d3d71c1156b527a4a8e997ce65a3be1d1490db3ac19e43,REF_NATIVE,L0_target_only,r9,NOT_SCHEDULED,False,,,,,
native_test_L1_engine_v2_20260907-6a60a51-v6,unit-362b9c64187232e18eb492105c0255b1,native-0f2e77b6fa5316e3c64b6b85dee8d7e7960ac05e5c460bf4ef6f13b1ad62a34d,REF_NATIVE,L0_target_only,r3,RECORDED,True,True,False,,,
native_test_L1_engine_v2_20260907-6a60a51-v6,unit-ba392d6ed833df48923925dcb44eb93c,native-0f2e77b6fa5316e3c64b6b85dee8d7e7960ac05e5c460bf4ef6f13b1ad62a34d,REF_NATIVE,L0_target_only,r5,RECORDED,True,True,False,,,
native_test_L1_engine_v2_20260907-6a60a51-v6,unit-0ffdef8aafff12acd16314381d05217c,native-0f2e77b6fa5316e3c64b6b85dee8d7e7960ac05e5c460bf4ef6f13b1ad62a34d,REF_NATIVE,L0_target_only,r8,RECORDED,True,True,False,,,
native_test_L1_engine_v2_20260907-6a60a51-v6,unit-b51be132d26237a502a2651ecd39a4cf,native-c4174ea32309fcb64348aec128ee3365bbbd3fe1f46e0428b3bc369f09bd6486,REF_NATIVE,L0_target_only,r0,NOT_SCHEDULED,False,,,,,
native_test_L1_engine_v2_20260907-6a60a51-v6,unit-86e1ecac0b7155691b61df99e1404a29,native-c4174ea32309fcb64348aec128ee3365bbbd3fe1f46e0428b3bc369f09bd6486,REF_NATIVE,L0_target_only,r1,NOT_SCHEDULED,False,,,,,
native_test_L1_engine_v2_20260907-6a60a51-v6,unit-9957264eb4e6b0c131c32a709b8a9d2f,native-c4174ea32309fcb64348aec128ee3365bbbd3fe1f46e0428b3bc369f09bd6486,REF_NATIVE,L0_target_only,r2,NOT_SCHEDULED,False,,,,,
native_test_L1_engine_v2_20260907-6a60a51-v6,unit-3fc65087cb3b3d66e3433f428fbb559c,native-c4174ea32309fcb64348aec128ee3365bbbd3fe1f46e0428b3bc369f09bd6486,REF_NATIVE,L0_target_only,r3,NOT_SCHEDULED,False,,,,,
native_test_L1_engine_v2_20260907-6a60a51-v6,unit-b1503be4c844c5b48b99b50553c585d3,native-c4174ea32309fcb64348aec128ee3365bbbd3fe1f46e0428b3bc369f09bd6486,REF_NATIVE,L0_target_only,r4,NOT_SCHEDULED,False,,,,,
native_test_L1_engine_v2_20260907-6a60a51-v6,unit-2059f391e1b032e499a2f6c52879b451,native-c4174ea32309fcb64348aec128ee3365bbbd3fe1f46e0428b3bc369f09bd6486,REF_NATIVE,L0_target_only,r5,NOT_SCHEDULED,False,,,,,
native_test_L1_engine_v2_20260907-6a60a51-v6,unit-b67f4c62f8b190e1e5b95121be38048e,native-c4174ea32309fcb64348aec128ee3365bbbd3fe1f46e0428b3bc369f09bd6486,REF_NATIVE,L0_target_only,r6,NOT_SCHEDULED,False,,,,,
native_test_L1_engine_v2_20260907-6a60a51-v6,unit-6c498e92d6070f294f4b913d988602f7,native-c4174ea32309fcb64348aec128ee3365bbbd3fe1f46e0428b3bc369f09bd6486,REF_NATIVE,L0_target_only,r7,NOT_SCHEDULED,False,,,,,
native_test_L1_engine_v2_20260907-6a60a51-v6,unit-182b43c38844589d080948cb6e31ff1f,native-c4174ea32309fcb64348aec128ee3365bbbd3fe1f46e0428b3bc369f09bd6486,REF_NATIVE,L0_target_only,r8,NOT_SCHEDULED,False,,,,,
native_test_L1_engine_v2_20260907-6a60a51-v6,unit-95feb44e03cb19515d812b6bd0a36dc2,native-c4174ea32309fcb64348aec128ee3365bbbd3fe1f46e0428b3bc369f09bd6486,REF_NATIVE,L0_target_only,r9,NOT_SCHEDULED,False,,,,,
native_test_L1_engine_v2_20260907-6a60a51-v6,unit-013a5de1ed5f3ad6fa221fb42ad531c5,native-cfcb44d635255d3a292d64d3af7a8daad31c33edcb3a5b6af5055867b6381bcd,REF_NATIVE,L0_target_only,r0,NOT_SCHEDULED,False,,,,,
native_test_L1_engine_v2_20260907-6a60a51-v6,unit-74f68f6abb52ab138e10b571bac1a6c1,native-cfcb44d635255d3a292d64d3af7a8daad31c33edcb3a5b6af5055867b6381bcd,REF_NATIVE,L0_target_only,r1,NOT_SCHEDULED,False,,,,,
native_test_L1_engine_v2_20260907-6a60a51-v6,unit-bb4586fa25447deb884302a21c24a3d5,native-cfcb44d635255d3a292d64d3af7a8daad31c33edcb3a5b6af5055867b6381bcd,REF_NATIVE,L0_target_only,r2,NOT_SCHEDULED,False,,,,,
native_test_L1_engine_v2_20260907-6a60a51-v6,unit-50cde4fc57c2f3f6a7969615ec8a3fdf,native-cfcb44d635255d3a292d64d3af7a8daad31c33edcb3a5b6af5055867b6381bcd,REF_NATIVE,L0_target_only,r3,NOT_SCHEDULED,False,,,,,
native_test_L1_engine_v2_20260907-6a60a51-v6,unit-d31a8dd25e7c60257ed298fe4578d5b0,native-cfcb44d635255d3a292d64d3af7a8daad31c33edcb3a5b6af5055867b6381bcd,REF_NATIVE,L0_target_only,r4,NOT_SCHEDULED,False,,,,,
native_test_L1_engine_v2_20260907-6a60a51-v6,unit-55cd5de1a087f0a27a844e22528a8798,native-cfcb44d635255d3a292d64d3af7a8daad31c33edcb3a5b6af5055867b6381bcd,REF_NATIVE,L0_target_only,r5,NOT_SCHEDULED,False,,,,,
native_test_L1_engine_v2_20260907-6a60a51-v6,unit-c392a0078590f05c6255136c6d7eb778,native-cfcb44d635255d3a292d64d3af7a8daad31c33edcb3a5b6af5055867b6381bcd,REF_NATIVE,L0_target_only,r6,NOT_SCHEDULED,False,,,,,
native_test_L1_engine_v2_20260907-6a60a51-v6,unit-247d3ef9cbc26ccfb382e4e1dc1555fa,native-cfcb44d635255d3a292d64d3af7a8daad31c33edcb3a5b6af5055867b6381bcd,REF_NATIVE,L0_target_only,r7,NOT_SCHEDULED,False,,,,,
native_test_L1_engine_v2_20260907-6a60a51-v6,unit-c4f2f7afedcbdb9439b6be5e195166d1,native-cfcb44d635255d3a292d64d3af7a8daad31c33edcb3a5b6af5055867b6381bcd,REF_NATIVE,L0_target_only,r8,NOT_SCHEDULED,False,,,,,
native_test_L1_engine_v2_20260907-6a60a51-v6,unit-2fb68fe36f4e029e2d66bc480b8ef900,native-cfcb44d635255d3a292d64d3af7a8daad31c33edcb3a5b6af5055867b6381bcd,REF_NATIVE,L0_target_only,r9,NOT_SCHEDULED,False,,,,,
native_test_L1_engine_v2_20260907-6a60a51-v6,unit-d24bc33f97d6793fc2fe186e333404b2,native-16965d36aef6ce17e83f682a29a04213367b09e0443b5ee4495fdfb33da1d8e9,REF_NATIVE,L0_target_only,r0,NOT_SCHEDULED,False,,,,,
native_test_L1_engine_v2_20260907-6a60a51-v6,unit-b1297d839111946593f1c5035d52c58c,native-16965d36aef6ce17e83f682a29a04213367b09e0443b5ee4495fdfb33da1d8e9,REF_NATIVE,L0_target_only,r1,NOT_SCHEDULED,False,,,,,
native_test_L1_engine_v2_20260907-6a60a51-v6,unit-0712298a1eed0c3c2d02a68ef81e4542,native-16965d36aef6ce17e83f682a29a04213367b09e0443b5ee4495fdfb33da1d8e9,REF_NATIVE,L0_target_only,r2,NOT_SCHEDULED,False,,,,,
native_test_L1_engine_v2_20260907-6a60a51-v6,unit-ef481ab9d608eec83f8550ecf30cd23e,native-16965d36aef6ce17e83f682a29a04213367b09e0443b5ee4495fdfb33da1d8e9,REF_NATIVE,L0_target_only,r3,NOT_SCHEDULED,False,,,,,
native_test_L1_engine_v2_20260907-6a60a51-v6,unit-d8386d9e5bb3f1eb2734e82573827bd5,native-16965d36aef6ce17e83f682a29a04213367b09e0443b5ee4495fdfb33da1d8e9,REF_NATIVE,L0_target_only,r4,NOT_SCHEDULED,False,,,,,
native_test_L1_engine_v2_20260907-6a60a51-v6,unit-01e48b065a03454da2b4061a02356229,native-16965d36aef6ce17e83f682a29a04213367b09e0443b5ee4495fdfb33da1d8e9,REF_NATIVE,L0_target_only,r5,NOT_SCHEDULED,False,,,,,
native_test_L1_engine_v2_20260907-6a60a51-v6,unit-282e8fa04d2315346f063c57d2a1650d,native-16965d36aef6ce17e83f682a29a04213367b09e0443b5ee4495fdfb33da1d8e9,REF_NATIVE,L0_target_only,r6,NOT_SCHEDULED,False,,,,,
native_test_L1_engine_v2_20260907-6a60a51-v6,unit-583a7a0ece48e28eab0226dd109989df,native-16965d36aef6ce17e83f682a29a04213367b09e0443b5ee4495fdfb33da1d8e9,REF_NATIVE,L0_target_only,r7,NOT_SCHEDULED,False,,,,,
native_test_L1_engine_v2_20260907-6a60a51-v6,unit-80f0eb1d45591b375fb7ad3fcba3b4be,native-16965d36aef6ce17e83f682a29a04213367b09e0443b5ee4495fdfb33da1d8e9,REF_NATIVE,L0_target_only,r8,NOT_SCHEDULED,False,,,,,
native_test_L1_engine_v2_20260907-6a60a51-v6,unit-6d82b55586d82539cf3f4a3e427e44d6,native-16965d36aef6ce17e83f682a29a04213367b09e0443b5ee4495fdfb33da1d8e9,REF_NATIVE,L0_target_only,r9,NOT_SCHEDULED,False,,,,,
native_test_L1_engine_v2_20260907-6a60a51-v6,unit-2eec699851cb2c17046d4aea4263824e,native-ca01034d4dab28f6b97bf687b9052888004f9b0cba85f63c70ee47f4683a1864,REF_NATIVE,L0_target_only,r0,NOT_SCHEDULED,False,,,,,
native_test_L1_engine_v2_20260907-6a60a51-v6,unit-8374463c6119b1a5650bb50d3950c92e,native-ca01034d4dab28f6b97bf687b9052888004f9b0cba85f63c70ee47f4683a1864,REF_NATIVE,L0_target_only,r1,NOT_SCHEDULED,False,,,,,
native_test_L1_engine_v2_20260907-6a60a51-v6,unit-8033c19a5cccf244c5c64c286f784c82,native-ca01034d4dab28f6b97bf687b9052888004f9b0cba85f63c70ee47f4683a1864,REF_NATIVE,L0_target_only,r2,NOT_SCHEDULED,False,,,,,
native_test_L1_engine_v2_20260907-6a60a51-v6,unit-bb7689c8b1e7a6a8e5fad038872d5aef,native-ca01034d4dab28f6b97bf687b9052888004f9b0cba85f63c70ee47f4683a1864,REF_NATIVE,L0_target_only,r3,NOT_SCHEDULED,False,,,,,
native_test_L1_engine_v2_20260907-6a60a51-v6,unit-ae17103692c35864f84a0a03a506a246,native-ca01034d4dab28f6b97bf687b9052888004f9b0cba85f63c70ee47f4683a1864,REF_NATIVE,L0_target_only,r4,NOT_SCHEDULED,False,,,,,
native_test_L1_engine_v2_20260907-6a60a51-v6,unit-e1c6cc285fc88543116a7d2ae359ccce,native-ca01034d4dab28f6b97bf687b9052888004f9b0cba85f63c70ee47f4683a1864,REF_NATIVE,L0_target_only,r5,NOT_SCHEDULED,False,,,,,
native_test_L1_engine_v2_20260907-6a60a51-v6,unit-ac2da68a3d4650ee35fa0e6d6d7260c3,native-ca01034d4dab28f6b97bf687b9052888004f9b0cba85f63c70ee47f4683a1864,REF_NATIVE,L0_target_only,r6,NOT_SCHEDULED,False,,,,,
native_test_L1_engine_v2_20260907-6a60a51-v6,unit-5612398d7c5b2a85d1eeb27ae30f73fa,native-ca01034d4dab28f6b97bf687b9052888004f9b0cba85f63c70ee47f4683a1864,REF_NATIVE,L0_target_only,r7,NOT_SCHEDULED,False,,,,,
native_test_L1_engine_v2_20260907-6a60a51-v6,unit-16f9b9107a7ec5a8b305ac21c3b2538d,native-ca01034d4dab28f6b97bf687b9052888004f9b0cba85f63c70ee47f4683a1864,REF_NATIVE,L0_target_only,r8,NOT_SCHEDULED,False,,,,,
native_test_L1_engine_v2_20260907-6a60a51-v6,unit-a33122c501b8ea259af5f309855dbeae,native-ca01034d4dab28f6b97bf687b9052888004f9b0cba85f63c70ee47f4683a1864,REF_NATIVE,L0_target_only,r9,NOT_SCHEDULED,False,,,,,
native_test_L1_engine_v2_20260907-6a60a51-v6,unit-173a51a0284a119ffbeaf82404642092,native-13f5298a0fba7dcbc205c0858fd4b893535887e84a1dda9ac1f00ede52742d30,REF_NATIVE,L0_target_only,r0,NOT_SCHEDULED,False,,,,,
native_test_L1_engine_v2_20260907-6a60a51-v6,unit-6d3315a91d1b71ccc2b5b637556f86e8,native-13f5298a0fba7dcbc205c0858fd4b893535887e84a1dda9ac1f00ede52742d30,REF_NATIVE,L0_target_only,r1,NOT_SCHEDULED,False,,,,,
native_test_L1_engine_v2_20260907-6a60a51-v6,unit-eef0d61488fe29643dbc08c6e63c3077,native-13f5298a0fba7dcbc205c0858fd4b893535887e84a1dda9ac1f00ede52742d30,REF_NATIVE,L0_target_only,r2,NOT_SCHEDULED,False,,,,,
native_test_L1_engine_v2_20260907-6a60a51-v6,unit-add5bf6030882fa86cca6b9b892a329a,native-13f5298a0fba7dcbc205c0858fd4b893535887e84a1dda9ac1f00ede52742d30,REF_NATIVE,L0_target_only,r3,NOT_SCHEDULED,False,,,,,
native_test_L1_engine_v2_20260907-6a60a51-v6,unit-38b654b949cd3dbf9192358dc09aff26,native-13f5298a0fba7dcbc205c0858fd4b893535887e84a1dda9ac1f00ede52742d30,REF_NATIVE,L0_target_only,r4,NOT_SCHEDULED,False,,,,,
native_test_L1_engine_v2_20260907-6a60a51-v6,unit-a485452d502f5c6cd423dbca34c822ed,native-13f5298a0fba7dcbc205c0858fd4b893535887e84a1dda9ac1f00ede52742d30,REF_NATIVE,L0_target_only,r5,NOT_SCHEDULED,False,,,,,
native_test_L1_engine_v2_20260907-6a60a51-v6,unit-a13254f1513c3504bca7b5cbf3d77665,native-13f5298a0fba7dcbc205c0858fd4b893535887e84a1dda9ac1f00ede52742d30,REF_NATIVE,L0_target_only,r6,NOT_SCHEDULED,False,,,,,
native_test_L1_engine_v2_20260907-6a60a51-v6,unit-d734ae1e5e59570d523499d71ea1d323,native-13f5298a0fba7dcbc205c0858fd4b893535887e84a1dda9ac1f00ede52742d30,REF_NATIVE,L0_target_only,r7,NOT_SCHEDULED,False,,,,,
native_test_L1_engine_v2_20260907-6a60a51-v6,unit-a68a30444b9d4f33321a9f4fa9e5f5c9,native-13f5298a0fba7dcbc205c0858fd4b893535887e84a1dda9ac1f00ede52742d30,REF_NATIVE,L0_target_only,r8,NOT_SCHEDULED,False,,,,,
native_test_L1_engine_v2_20260907-6a60a51-v6,unit-47aa7c6e63e6a366affd54e9bb3ecb4b,native-13f5298a0fba7dcbc205c0858fd4b893535887e84a1dda9ac1f00ede52742d30,REF_NATIVE,L0_target_only,r9,NOT_SCHEDULED,False,,,,,
native_test_L1_engine_v2_20260907-6a60a51-v6,unit-8dc3a9e871e8141b8ce96f5720c01c0a,native-29385b26f4a5c4b4a50eb708dff767aff9483f106e4b2e03e92043eab6e43ba3,REF_NATIVE,L0_target_only,r0,NOT_SCHEDULED,False,,,,,
native_test_L1_engine_v2_20260907-6a60a51-v6,unit-e75675f504cd26bcd3de6d91e35cf6eb,native-29385b26f4a5c4b4a50eb708dff767aff9483f106e4b2e03e92043eab6e43ba3,REF_NATIVE,L0_target_only,r1,NOT_SCHEDULED,False,,,,,
native_test_L1_engine_v2_20260907-6a60a51-v6,unit-f3eace6612c51ea742e3e04481bc06a9,native-29385b26f4a5c4b4a50eb708dff767aff9483f106e4b2e03e92043eab6e43ba3,REF_NATIVE,L0_target_only,r2,NOT_SCHEDULED,False,,,,,
native_test_L1_engine_v2_20260907-6a60a51-v6,unit-e01a2fa31ed861633089f21e688b6019,native-29385b26f4a5c4b4a50eb708dff767aff9483f106e4b2e03e92043eab6e43ba3,REF_NATIVE,L0_target_only,r3,NOT_SCHEDULED,False,,,,,
native_test_L1_engine_v2_20260907-6a60a51-v6,unit-3d1b9899068bfdc46becb9a2230e33ab,native-29385b26f4a5c4b4a50eb708dff767aff9483f106e4b2e03e92043eab6e43ba3,REF_NATIVE,L0_target_only,r4,NOT_SCHEDULED,False,,,,,
native_test_L1_engine_v2_20260907-6a60a51-v6,unit-f159d7964932275fe0a082fb4eff44bd,native-29385b26f4a5c4b4a50eb708dff767aff9483f106e4b2e03e92043eab6e43ba3,REF_NATIVE,L0_target_only,r5,NOT_SCHEDULED,False,,,,,
native_test_L1_engine_v2_20260907-6a60a51-v6,unit-6c28fabcc8326c467ec59272f48db0f0,native-29385b26f4a5c4b4a50eb708dff767aff9483f106e4b2e03e92043eab6e43ba3,REF_NATIVE,L0_target_only,r6,NOT_SCHEDULED,False,,,,,
native_test_L1_engine_v2_20260907-6a60a51-v6,unit-4b3f6eb4ef87d98384ff7d95ca8cbabf,native-29385b26f4a5c4b4a50eb708dff767aff9483f106e4b2e03e92043eab6e43ba3,REF_NATIVE,L0_target_only,r7,NOT_SCHEDULED,False,,,,,
native_test_L1_engine_v2_20260907-6a60a51-v6,unit-23f68a0cc8f41194958dd02513e1c415,native-29385b26f4a5c4b4a50eb708dff767aff9483f106e4b2e03e92043eab6e43ba3,REF_NATIVE,L0_target_only,r8,NOT_SCHEDULED,False,,,,,
native_test_L1_engine_v2_20260907-6a60a51-v6,unit-772930ccaa3ef017cef2a2b82a900b7f,native-29385b26f4a5c4b4a50eb708dff767aff9483f106e4b2e03e92043eab6e43ba3,REF_NATIVE,L0_target_only,r9,NOT_SCHEDULED,False,,,,,
native_test_L1_engine_v2_20260907-6a60a51-v6,unit-8bdb922b69dcc840a9de523a25a83993,native-bc62c163118295cb959755287ab4eaf5b5c8208e9987a8e3ea4bc03631fb21fb,B3_AGENT_NATIVE,L0_target_only,r5,RECORDED,True,True,False,,,
native_test_L1_engine_v2_20260907-6a60a51-v6,unit-06aab73f07e442fe53baecc677c8d2af,native-bc62c163118295cb959755287ab4eaf5b5c8208e9987a8e3ea4bc03631fb21fb,B3_AGENT_NATIVE,L0_target_only,r6,RECORDED,True,True,False,,,
native_test_L1_engine_v2_20260907-6a60a51-v6,unit-b2907bb801d174a3de075482b184d795,native-5644ccc3513a6015e787e9698468b719ec757ef7f59f908364289d80673fa474,B3_AGENT_NATIVE,L0_target_only,r0,NOT_SCHEDULED,False,,,,,
native_test_L1_engine_v2_20260907-6a60a51-v6,unit-a06ff88fd6f1d5fc43fa8a984f1bd820,native-5644ccc3513a6015e787e9698468b719ec757ef7f59f908364289d80673fa474,B3_AGENT_NATIVE,L0_target_only,r1,NOT_SCHEDULED,False,,,,,
native_test_L1_engine_v2_20260907-6a60a51-v6,unit-3c983a91673ff9de625582253b62a07c,native-5644ccc3513a6015e787e9698468b719ec757ef7f59f908364289d80673fa474,B3_AGENT_NATIVE,L0_target_only,r2,NOT_SCHEDULED,False,,,,,
native_test_L1_engine_v2_20260907-6a60a51-v6,unit-105d7ae1afac96f74fdb30ef159e9ec9,native-5644ccc3513a6015e787e9698468b719ec757ef7f59f908364289d80673fa474,B3_AGENT_NATIVE,L0_target_only,r3,NOT_SCHEDULED,False,,,,,
native_test_L1_engine_v2_20260907-6a60a51-v6,unit-0d5a80fc2016dfd8df574748588e393d,native-5644ccc3513a6015e787e9698468b719ec757ef7f59f908364289d80673fa474,B3_AGENT_NATIVE,L0_target_only,r4,NOT_SCHEDULED,False,,,,,
native_test_L1_engine_v2_20260907-6a60a51-v6,unit-f4c45c1996df6c3b2d1e4c83d5bb37c9,native-5644ccc3513a6015e787e9698468b719ec757ef7f59f908364289d80673fa474,B3_AGENT_NATIVE,L0_target_only,r5,NOT_SCHEDULED,False,,,,,
native_test_L1_engine_v2_20260907-6a60a51-v6,unit-18996473f413477378e5880eb6e5b382,native-5644ccc3513a6015e787e9698468b719ec757ef7f59f908364289d80673fa474,B3_AGENT_NATIVE,L0_target_only,r6,NOT_SCHEDULED,False,,,,,
native_test_L1_engine_v2_20260907-6a60a51-v6,unit-75977df21d3c901dc2d902a346b194fd,native-5644ccc3513a6015e787e9698468b719ec757ef7f59f908364289d80673fa474,B3_AGENT_NATIVE,L0_target_only,r7,NOT_SCHEDULED,False,,,,,
native_test_L1_engine_v2_20260907-6a60a51-v6,unit-04db6cbae3e53b364b93dad157c39599,native-5644ccc3513a6015e787e9698468b719ec757ef7f59f908364289d80673fa474,B3_AGENT_NATIVE,L0_target_only,r8,NOT_SCHEDULED,False,,,,,
native_test_L1_engine_v2_20260907-6a60a51-v6,unit-7b2442b21d9a9edcc84cc1ff36204078,native-5644ccc3513a6015e787e9698468b719ec757ef7f59f908364289d80673fa474,B3_AGENT_NATIVE,L0_target_only,r9,NOT_SCHEDULED,False,,,,,
native_test_L1_engine_v2_20260907-6a60a51-v6,unit-0deb8f9c82028dc3f9e6daa3666c28ab,native-6472a1eb5d52a97d7b657b6e4ded936f32701d9b9fdeaebe7ff8478f571eac77,B3_AGENT_NATIVE,L0_target_only,r0,BUILD_FAILED,True,False,,/group/worldcept/code/SimAny/outputs/icra2027/20260907-4f5c745-v2/sim_recon_sim/scale_up/test_dispatch/instances/native-6472a1eb5d52a97d7b657b6e4ded936f32701d9b9fdeaebe7ff8478f571eac77/build_bindings.jsonl,0f6b382c26ce0ea49854c019095b5931acecffa9976dc4810b03ac264a943dc2,
native_test_L1_engine_v2_20260907-6a60a51-v6,unit-c80ab2e825d24bc4e14401e25d79bddc,native-6472a1eb5d52a97d7b657b6e4ded936f32701d9b9fdeaebe7ff8478f571eac77,B3_AGENT_NATIVE,L0_target_only,r1,BUILD_FAILED,True,False,,/group/worldcept/code/SimAny/outputs/icra2027/20260907-4f5c745-v2/sim_recon_sim/scale_up/test_dispatch/instances/native-6472a1eb5d52a97d7b657b6e4ded936f32701d9b9fdeaebe7ff8478f571eac77/build_bindings.jsonl,0f6b382c26ce0ea49854c019095b5931acecffa9976dc4810b03ac264a943dc2,
native_test_L1_engine_v2_20260907-6a60a51-v6,unit-92efd9c6bdab60a634300e031f829255,native-6472a1eb5d52a97d7b657b6e4ded936f32701d9b9fdeaebe7ff8478f571eac77,B3_AGENT_NATIVE,L0_target_only,r2,BUILD_FAILED,True,False,,/group/worldcept/code/SimAny/outputs/icra2027/20260907-4f5c745-v2/sim_recon_sim/scale_up/test_dispatch/instances/native-6472a1eb5d52a97d7b657b6e4ded936f32701d9b9fdeaebe7ff8478f571eac77/build_bindings.jsonl,0f6b382c26ce0ea49854c019095b5931acecffa9976dc4810b03ac264a943dc2,
native_test_L1_engine_v2_20260907-6a60a51-v6,unit-05a4d697104201e484caf59753a701ac,native-6472a1eb5d52a97d7b657b6e4ded936f32701d9b9fdeaebe7ff8478f571eac77,B3_AGENT_NATIVE,L0_target_only,r3,BUILD_FAILED,True,False,,/group/worldcept/code/SimAny/outputs/icra2027/20260907-4f5c745-v2/sim_recon_sim/scale_up/test_dispatch/instances/native-6472a1eb5d52a97d7b657b6e4ded936f32701d9b9fdeaebe7ff8478f571eac77/build_bindings.jsonl,0f6b382c26ce0ea49854c019095b5931acecffa9976dc4810b03ac264a943dc2,
native_test_L1_engine_v2_20260907-6a60a51-v6,unit-46dff2b8db2138398bf17e7663d1cb5f,native-6472a1eb5d52a97d7b657b6e4ded936f32701d9b9fdeaebe7ff8478f571eac77,B3_AGENT_NATIVE,L0_target_only,r4,BUILD_FAILED,True,False,,/group/worldcept/code/SimAny/outputs/icra2027/20260907-4f5c745-v2/sim_recon_sim/scale_up/test_dispatch/instances/native-6472a1eb5d52a97d7b657b6e4ded936f32701d9b9fdeaebe7ff8478f571eac77/build_bindings.jsonl,0f6b382c26ce0ea49854c019095b5931acecffa9976dc4810b03ac264a943dc2,
native_test_L1_engine_v2_20260907-6a60a51-v6,unit-99630c0c2009663d7db70c5ea07d039a,native-6472a1eb5d52a97d7b657b6e4ded936f32701d9b9fdeaebe7ff8478f571eac77,B3_AGENT_NATIVE,L0_target_only,r5,BUILD_FAILED,True,False,,/group/worldcept/code/SimAny/outputs/icra2027/20260907-4f5c745-v2/sim_recon_sim/scale_up/test_dispatch/instances/native-6472a1eb5d52a97d7b657b6e4ded936f32701d9b9fdeaebe7ff8478f571eac77/build_bindings.jsonl,0f6b382c26ce0ea49854c019095b5931acecffa9976dc4810b03ac264a943dc2,
native_test_L1_engine_v2_20260907-6a60a51-v6,unit-b17c0e45226e51eab7ec9908b790d025,native-6472a1eb5d52a97d7b657b6e4ded936f32701d9b9fdeaebe7ff8478f571eac77,B3_AGENT_NATIVE,L0_target_only,r6,BUILD_FAILED,True,False,,/group/worldcept/code/SimAny/outputs/icra2027/20260907-4f5c745-v2/sim_recon_sim/scale_up/test_dispatch/instances/native-6472a1eb5d52a97d7b657b6e4ded936f32701d9b9fdeaebe7ff8478f571eac77/build_bindings.jsonl,0f6b382c26ce0ea49854c019095b5931acecffa9976dc4810b03ac264a943dc2,
native_test_L1_engine_v2_20260907-6a60a51-v6,unit-030eb693e1dfcc15909dcf2a32e089de,native-6472a1eb5d52a97d7b657b6e4ded936f32701d9b9fdeaebe7ff8478f571eac77,B3_AGENT_NATIVE,L0_target_only,r7,BUILD_FAILED,True,False,,/group/worldcept/code/SimAny/outputs/icra2027/20260907-4f5c745-v2/sim_recon_sim/scale_up/test_dispatch/instances/native-6472a1eb5d52a97d7b657b6e4ded936f32701d9b9fdeaebe7ff8478f571eac77/build_bindings.jsonl,0f6b382c26ce0ea49854c019095b5931acecffa9976dc4810b03ac264a943dc2,
native_test_L1_engine_v2_20260907-6a60a51-v6,unit-2a9687c5f9be131b982906478760bc8b,native-6472a1eb5d52a97d7b657b6e4ded936f32701d9b9fdeaebe7ff8478f571eac77,B3_AGENT_NATIVE,L0_target_only,r8,BUILD_FAILED,True,False,,/group/worldcept/code/SimAny/outputs/icra2027/20260907-4f5c745-v2/sim_recon_sim/scale_up/test_dispatch/instances/native-6472a1eb5d52a97d7b657b6e4ded936f32701d9b9fdeaebe7ff8478f571eac77/build_bindings.jsonl,0f6b382c26ce0ea49854c019095b5931acecffa9976dc4810b03ac264a943dc2,
native_test_L1_engine_v2_20260907-6a60a51-v6,unit-e4f937d874086a04771785fcf4c96853,native-6472a1eb5d52a97d7b657b6e4ded936f32701d9b9fdeaebe7ff8478f571eac77,B3_AGENT_NATIVE,L0_target_only,r9,BUILD_FAILED,True,False,,/group/worldcept/code/SimAny/outputs/icra2027/20260907-4f5c745-v2/sim_recon_sim/scale_up/test_dispatch/instances/native-6472a1eb5d52a97d7b657b6e4ded936f32701d9b9fdeaebe7ff8478f571eac77/build_bindings.jsonl,0f6b382c26ce0ea49854c019095b5931acecffa9976dc4810b03ac264a943dc2,
native_test_L1_engine_v2_20260907-6a60a51-v6,unit-45f4a9c598baae11e232406c276dcb5d,native-5683112f9a83449e494300495db2a9d00260e6d219171ccfc787a7f0d62c8504,B3_AGENT_NATIVE,L0_target_only,r0,BUILD_FAILED,True,False,,/group/worldcept/code/SimAny/outputs/icra2027/20260907-4f5c745-v2/sim_recon_sim/scale_up/test_dispatch/instances/native-5683112f9a83449e494300495db2a9d00260e6d219171ccfc787a7f0d62c8504/build_bindings.jsonl,0dd939e000492b129ee6728eda07a7c8b8bef7aa209291ea692374a3dd3d96d3,
native_test_L1_engine_v2_20260907-6a60a51-v6,unit-de63b3b7033c70182b9ed74e1af596ab,native-5683112f9a83449e494300495db2a9d00260e6d219171ccfc787a7f0d62c8504,B3_AGENT_NATIVE,L0_target_only,r1,BUILD_FAILED,True,False,,/group/worldcept/code/SimAny/outputs/icra2027/20260907-4f5c745-v2/sim_recon_sim/scale_up/test_dispatch/instances/native-5683112f9a83449e494300495db2a9d00260e6d219171ccfc787a7f0d62c8504/build_bindings.jsonl,0dd939e000492b129ee6728eda07a7c8b8bef7aa209291ea692374a3dd3d96d3,
native_test_L1_engine_v2_20260907-6a60a51-v6,unit-7a207633b17050e10910c8c5756b20a9,native-5683112f9a83449e494300495db2a9d00260e6d219171ccfc787a7f0d62c8504,B3_AGENT_NATIVE,L0_target_only,r2,BUILD_FAILED,True,False,,/group/worldcept/code/SimAny/outputs/icra2027/20260907-4f5c745-v2/sim_recon_sim/scale_up/test_dispatch/instances/native-5683112f9a83449e494300495db2a9d00260e6d219171ccfc787a7f0d62c8504/build_bindings.jsonl,0dd939e000492b129ee6728eda07a7c8b8bef7aa209291ea692374a3dd3d96d3,
native_test_L1_engine_v2_20260907-6a60a51-v6,unit-040f6446d3459d695ffbfa8991399307,native-5683112f9a83449e494300495db2a9d00260e6d219171ccfc787a7f0d62c8504,B3_AGENT_NATIVE,L0_target_only,r3,BUILD_FAILED,True,False,,/group/worldcept/code/SimAny/outputs/icra2027/20260907-4f5c745-v2/sim_recon_sim/scale_up/test_dispatch/instances/native-5683112f9a83449e494300495db2a9d00260e6d219171ccfc787a7f0d62c8504/build_bindings.jsonl,0dd939e000492b129ee6728eda07a7c8b8bef7aa209291ea692374a3dd3d96d3,
native_test_L1_engine_v2_20260907-6a60a51-v6,unit-8d0e4bfd3867f67ff76384cbea5b6d1f,native-5683112f9a83449e494300495db2a9d00260e6d219171ccfc787a7f0d62c8504,B3_AGENT_NATIVE,L0_target_only,r4,BUILD_FAILED,True,False,,/group/worldcept/code/SimAny/outputs/icra2027/20260907-4f5c745-v2/sim_recon_sim/scale_up/test_dispatch/instances/native-5683112f9a83449e494300495db2a9d00260e6d219171ccfc787a7f0d62c8504/build_bindings.jsonl,0dd939e000492b129ee6728eda07a7c8b8bef7aa209291ea692374a3dd3d96d3,
native_test_L1_engine_v2_20260907-6a60a51-v6,unit-935f40c7ca4889175c3b87f35ae7aaee,native-5683112f9a83449e494300495db2a9d00260e6d219171ccfc787a7f0d62c8504,B3_AGENT_NATIVE,L0_target_only,r5,BUILD_FAILED,True,False,,/group/worldcept/code/SimAny/outputs/icra2027/20260907-4f5c745-v2/sim_recon_sim/scale_up/test_dispatch/instances/native-5683112f9a83449e494300495db2a9d00260e6d219171ccfc787a7f0d62c8504/build_bindings.jsonl,0dd939e000492b129ee6728eda07a7c8b8bef7aa209291ea692374a3dd3d96d3,
native_test_L1_engine_v2_20260907-6a60a51-v6,unit-3800c1908aa952bd86544a6a72498864,native-5683112f9a83449e494300495db2a9d00260e6d219171ccfc787a7f0d62c8504,B3_AGENT_NATIVE,L0_target_only,r6,BUILD_FAILED,True,False,,/group/worldcept/code/SimAny/outputs/icra2027/20260907-4f5c745-v2/sim_recon_sim/scale_up/test_dispatch/instances/native-5683112f9a83449e494300495db2a9d00260e6d219171ccfc787a7f0d62c8504/build_bindings.jsonl,0dd939e000492b129ee6728eda07a7c8b8bef7aa209291ea692374a3dd3d96d3,
native_test_L1_engine_v2_20260907-6a60a51-v6,unit-1bbb0399ab7fad68b38ec8241df7b9ca,native-5683112f9a83449e494300495db2a9d00260e6d219171ccfc787a7f0d62c8504,B3_AGENT_NATIVE,L0_target_only,r7,BUILD_FAILED,True,False,,/group/worldcept/code/SimAny/outputs/icra2027/20260907-4f5c745-v2/sim_recon_sim/scale_up/test_dispatch/instances/native-5683112f9a83449e494300495db2a9d00260e6d219171ccfc787a7f0d62c8504/build_bindings.jsonl,0dd939e000492b129ee6728eda07a7c8b8bef7aa209291ea692374a3dd3d96d3,
native_test_L1_engine_v2_20260907-6a60a51-v6,unit-8500cea06c01c37ba3b3d52ade2e9478,native-5683112f9a83449e494300495db2a9d00260e6d219171ccfc787a7f0d62c8504,B3_AGENT_NATIVE,L0_target_only,r8,BUILD_FAILED,True,False,,/group/worldcept/code/SimAny/outputs/icra2027/20260907-4f5c745-v2/sim_recon_sim/scale_up/test_dispatch/instances/native-5683112f9a83449e494300495db2a9d00260e6d219171ccfc787a7f0d62c8504/build_bindings.jsonl,0dd939e000492b129ee6728eda07a7c8b8bef7aa209291ea692374a3dd3d96d3,
native_test_L1_engine_v2_20260907-6a60a51-v6,unit-7b87226553ae6f210f047d3be16f9cf1,native-5683112f9a83449e494300495db2a9d00260e6d219171ccfc787a7f0d62c8504,B3_AGENT_NATIVE,L0_target_only,r9,BUILD_FAILED,True,False,,/group/worldcept/code/SimAny/outputs/icra2027/20260907-4f5c745-v2/sim_recon_sim/scale_up/test_dispatch/instances/native-5683112f9a83449e494300495db2a9d00260e6d219171ccfc787a7f0d62c8504/build_bindings.jsonl,0dd939e000492b129ee6728eda07a7c8b8bef7aa209291ea692374a3dd3d96d3,
native_test_L1_engine_v2_20260907-6a60a51-v6,unit-05ae77c53511eed93861148d2414ec05,native-789b4c346afbcd62248c8f0a95e90ee58aec9f9067403bf0ff013a1ebe91bf41,B3_AGENT_NATIVE,L0_target_only,r0,BUILD_FAILED,True,False,,/group/worldcept/code/SimAny/outputs/icra2027/20260907-4f5c745-v2/sim_recon_sim/scale_up/test_dispatch/instances/native-789b4c346afbcd62248c8f0a95e90ee58aec9f9067403bf0ff013a1ebe91bf41/build_bindings.jsonl,04806ae9352ed0217c1cfb538e41b5aab2ceae4b20cd3c781843cff73e561542,
native_test_L1_engine_v2_20260907-6a60a51-v6,unit-13047730381f99dea66e69e44a377332,native-789b4c346afbcd62248c8f0a95e90ee58aec9f9067403bf0ff013a1ebe91bf41,B3_AGENT_NATIVE,L0_target_only,r1,BUILD_FAILED,True,False,,/group/worldcept/code/SimAny/outputs/icra2027/20260907-4f5c745-v2/sim_recon_sim/scale_up/test_dispatch/instances/native-789b4c346afbcd62248c8f0a95e90ee58aec9f9067403bf0ff013a1ebe91bf41/build_bindings.jsonl,04806ae9352ed0217c1cfb538e41b5aab2ceae4b20cd3c781843cff73e561542,
native_test_L1_engine_v2_20260907-6a60a51-v6,unit-fe29a32404df502570619c1d8af369b6,native-789b4c346afbcd62248c8f0a95e90ee58aec9f9067403bf0ff013a1ebe91bf41,B3_AGENT_NATIVE,L0_target_only,r2,BUILD_FAILED,True,False,,/group/worldcept/code/SimAny/outputs/icra2027/20260907-4f5c745-v2/sim_recon_sim/scale_up/test_dispatch/instances/native-789b4c346afbcd62248c8f0a95e90ee58aec9f9067403bf0ff013a1ebe91bf41/build_bindings.jsonl,04806ae9352ed0217c1cfb538e41b5aab2ceae4b20cd3c781843cff73e561542,
native_test_L1_engine_v2_20260907-6a60a51-v6,unit-8ce08b7a5656c77c7578e5caaab60bc3,native-789b4c346afbcd62248c8f0a95e90ee58aec9f9067403bf0ff013a1ebe91bf41,B3_AGENT_NATIVE,L0_target_only,r3,BUILD_FAILED,True,False,,/group/worldcept/code/SimAny/outputs/icra2027/20260907-4f5c745-v2/sim_recon_sim/scale_up/test_dispatch/instances/native-789b4c346afbcd62248c8f0a95e90ee58aec9f9067403bf0ff013a1ebe91bf41/build_bindings.jsonl,04806ae9352ed0217c1cfb538e41b5aab2ceae4b20cd3c781843cff73e561542,
native_test_L1_engine_v2_20260907-6a60a51-v6,unit-a9430072ab57d17a9c2e0f88b1daa026,native-789b4c346afbcd62248c8f0a95e90ee58aec9f9067403bf0ff013a1ebe91bf41,B3_AGENT_NATIVE,L0_target_only,r4,BUILD_FAILED,True,False,,/group/worldcept/code/SimAny/outputs/icra2027/20260907-4f5c745-v2/sim_recon_sim/scale_up/test_dispatch/instances/native-789b4c346afbcd62248c8f0a95e90ee58aec9f9067403bf0ff013a1ebe91bf41/build_bindings.jsonl,04806ae9352ed0217c1cfb538e41b5aab2ceae4b20cd3c781843cff73e561542,
native_test_L1_engine_v2_20260907-6a60a51-v6,unit-b7fbb8cab65a5d21eb82ca1765e92b67,native-789b4c346afbcd62248c8f0a95e90ee58aec9f9067403bf0ff013a1ebe91bf41,B3_AGENT_NATIVE,L0_target_only,r5,BUILD_FAILED,True,False,,/group/worldcept/code/SimAny/outputs/icra2027/20260907-4f5c745-v2/sim_recon_sim/scale_up/test_dispatch/instances/native-789b4c346afbcd62248c8f0a95e90ee58aec9f9067403bf0ff013a1ebe91bf41/build_bindings.jsonl,04806ae9352ed0217c1cfb538e41b5aab2ceae4b20cd3c781843cff73e561542,
native_test_L1_engine_v2_20260907-6a60a51-v6,unit-0116b140aedfef97c2eedecba90961e3,native-789b4c346afbcd62248c8f0a95e90ee58aec9f9067403bf0ff013a1ebe91bf41,B3_AGENT_NATIVE,L0_target_only,r6,BUILD_FAILED,True,False,,/group/worldcept/code/SimAny/outputs/icra2027/20260907-4f5c745-v2/sim_recon_sim/scale_up/test_dispatch/instances/native-789b4c346afbcd62248c8f0a95e90ee58aec9f9067403bf0ff013a1ebe91bf41/build_bindings.jsonl,04806ae9352ed0217c1cfb538e41b5aab2ceae4b20cd3c781843cff73e561542,
native_test_L1_engine_v2_20260907-6a60a51-v6,unit-ecfe2accf23faf5cc3812e0b97e731e7,native-789b4c346afbcd62248c8f0a95e90ee58aec9f9067403bf0ff013a1ebe91bf41,B3_AGENT_NATIVE,L0_target_only,r7,BUILD_FAILED,True,False,,/group/worldcept/code/SimAny/outputs/icra2027/20260907-4f5c745-v2/sim_recon_sim/scale_up/test_dispatch/instances/native-789b4c346afbcd62248c8f0a95e90ee58aec9f9067403bf0ff013a1ebe91bf41/build_bindings.jsonl,04806ae9352ed0217c1cfb538e41b5aab2ceae4b20cd3c781843cff73e561542,
native_test_L1_engine_v2_20260907-6a60a51-v6,unit-4530142bbf9c62f2f93af43c94a7a0a6,native-789b4c346afbcd62248c8f0a95e90ee58aec9f9067403bf0ff013a1ebe91bf41,B3_AGENT_NATIVE,L0_target_only,r8,BUILD_FAILED,True,False,,/group/worldcept/code/SimAny/outputs/icra2027/20260907-4f5c745-v2/sim_recon_sim/scale_up/test_dispatch/instances/native-789b4c346afbcd62248c8f0a95e90ee58aec9f9067403bf0ff013a1ebe91bf41/build_bindings.jsonl,04806ae9352ed0217c1cfb538e41b5aab2ceae4b20cd3c781843cff73e561542,
native_test_L1_engine_v2_20260907-6a60a51-v6,unit-95f8ac92d280ddf9dca09b5de89652a0,native-789b4c346afbcd62248c8f0a95e90ee58aec9f9067403bf0ff013a1ebe91bf41,B3_AGENT_NATIVE,L0_target_only,r9,BUILD_FAILED,True,False,,/group/worldcept/code/SimAny/outputs/icra2027/20260907-4f5c745-v2/sim_recon_sim/scale_up/test_dispatch/instances/native-789b4c346afbcd62248c8f0a95e90ee58aec9f9067403bf0ff013a1ebe91bf41/build_bindings.jsonl,04806ae9352ed0217c1cfb538e41b5aab2ceae4b20cd3c781843cff73e561542,
native_test_L1_engine_v2_20260907-6a60a51-v6,unit-e01cb056e6d380ae504fcdbf07864969,native-aeaf4d11ea6b4fe521db3359538981b4c6d39280bd7edd46e26fbe63ab772954,B3_AGENT_NATIVE,L0_target_only,r0,BUILD_FAILED,True,False,,/group/worldcept/code/SimAny/outputs/icra2027/20260907-4f5c745-v2/sim_recon_sim/scale_up/test_dispatch/instances/native-aeaf4d11ea6b4fe521db3359538981b4c6d39280bd7edd46e26fbe63ab772954/build_bindings.jsonl,10361e468a8b4f438f40d977eab7570531fe2ac124040ec2152e7ea1e1709104,
native_test_L1_engine_v2_20260907-6a60a51-v6,unit-96154b4917f23bd2c420dd683d8c5723,native-aeaf4d11ea6b4fe521db3359538981b4c6d39280bd7edd46e26fbe63ab772954,B3_AGENT_NATIVE,L0_target_only,r1,BUILD_FAILED,True,False,,/group/worldcept/code/SimAny/outputs/icra2027/20260907-4f5c745-v2/sim_recon_sim/scale_up/test_dispatch/instances/native-aeaf4d11ea6b4fe521db3359538981b4c6d39280bd7edd46e26fbe63ab772954/build_bindings.jsonl,10361e468a8b4f438f40d977eab7570531fe2ac124040ec2152e7ea1e1709104,
native_test_L1_engine_v2_20260907-6a60a51-v6,unit-1c235ef809102a0635731300dc5b51f8,native-aeaf4d11ea6b4fe521db3359538981b4c6d39280bd7edd46e26fbe63ab772954,B3_AGENT_NATIVE,L0_target_only,r2,BUILD_FAILED,True,False,,/group/worldcept/code/SimAny/outputs/icra2027/20260907-4f5c745-v2/sim_recon_sim/scale_up/test_dispatch/instances/native-aeaf4d11ea6b4fe521db3359538981b4c6d39280bd7edd46e26fbe63ab772954/build_bindings.jsonl,10361e468a8b4f438f40d977eab7570531fe2ac124040ec2152e7ea1e1709104,
native_test_L1_engine_v2_20260907-6a60a51-v6,unit-5258e8107a2556953d9ebf66d1ad9ac8,native-aeaf4d11ea6b4fe521db3359538981b4c6d39280bd7edd46e26fbe63ab772954,B3_AGENT_NATIVE,L0_target_only,r3,BUILD_FAILED,True,False,,/group/worldcept/code/SimAny/outputs/icra2027/20260907-4f5c745-v2/sim_recon_sim/scale_up/test_dispatch/instances/native-aeaf4d11ea6b4fe521db3359538981b4c6d39280bd7edd46e26fbe63ab772954/build_bindings.jsonl,10361e468a8b4f438f40d977eab7570531fe2ac124040ec2152e7ea1e1709104,
native_test_L1_engine_v2_20260907-6a60a51-v6,unit-e399baa4b24b96b9f7cf1c10c5e2ea23,native-aeaf4d11ea6b4fe521db3359538981b4c6d39280bd7edd46e26fbe63ab772954,B3_AGENT_NATIVE,L0_target_only,r4,BUILD_FAILED,True,False,,/group/worldcept/code/SimAny/outputs/icra2027/20260907-4f5c745-v2/sim_recon_sim/scale_up/test_dispatch/instances/native-aeaf4d11ea6b4fe521db3359538981b4c6d39280bd7edd46e26fbe63ab772954/build_bindings.jsonl,10361e468a8b4f438f40d977eab7570531fe2ac124040ec2152e7ea1e1709104,
native_test_L1_engine_v2_20260907-6a60a51-v6,unit-0eb6bbef417748103f7d797e677fc392,native-aeaf4d11ea6b4fe521db3359538981b4c6d39280bd7edd46e26fbe63ab772954,B3_AGENT_NATIVE,L0_target_only,r5,BUILD_FAILED,True,False,,/group/worldcept/code/SimAny/outputs/icra2027/20260907-4f5c745-v2/sim_recon_sim/scale_up/test_dispatch/instances/native-aeaf4d11ea6b4fe521db3359538981b4c6d39280bd7edd46e26fbe63ab772954/build_bindings.jsonl,10361e468a8b4f438f40d977eab7570531fe2ac124040ec2152e7ea1e1709104,
native_test_L1_engine_v2_20260907-6a60a51-v6,unit-cc6c5ba7e63ed32eb3c77c4652b4c568,native-aeaf4d11ea6b4fe521db3359538981b4c6d39280bd7edd46e26fbe63ab772954,B3_AGENT_NATIVE,L0_target_only,r6,BUILD_FAILED,True,False,,/group/worldcept/code/SimAny/outputs/icra2027/20260907-4f5c745-v2/sim_recon_sim/scale_up/test_dispatch/instances/native-aeaf4d11ea6b4fe521db3359538981b4c6d39280bd7edd46e26fbe63ab772954/build_bindings.jsonl,10361e468a8b4f438f40d977eab7570531fe2ac124040ec2152e7ea1e1709104,
native_test_L1_engine_v2_20260907-6a60a51-v6,unit-0732e3398edd5a4d9b8fe1eb290bd6e5,native-aeaf4d11ea6b4fe521db3359538981b4c6d39280bd7edd46e26fbe63ab772954,B3_AGENT_NATIVE,L0_target_only,r7,BUILD_FAILED,True,False,,/group/worldcept/code/SimAny/outputs/icra2027/20260907-4f5c745-v2/sim_recon_sim/scale_up/test_dispatch/instances/native-aeaf4d11ea6b4fe521db3359538981b4c6d39280bd7edd46e26fbe63ab772954/build_bindings.jsonl,10361e468a8b4f438f40d977eab7570531fe2ac124040ec2152e7ea1e1709104,
native_test_L1_engine_v2_20260907-6a60a51-v6,unit-a0c84d950eb0a5a923f2873ad140ce2c,native-aeaf4d11ea6b4fe521db3359538981b4c6d39280bd7edd46e26fbe63ab772954,B3_AGENT_NATIVE,L0_target_only,r8,BUILD_FAILED,True,False,,/group/worldcept/code/SimAny/outputs/icra2027/20260907-4f5c745-v2/sim_recon_sim/scale_up/test_dispatch/instances/native-aeaf4d11ea6b4fe521db3359538981b4c6d39280bd7edd46e26fbe63ab772954/build_bindings.jsonl,10361e468a8b4f438f40d977eab7570531fe2ac124040ec2152e7ea1e1709104,
native_test_L1_engine_v2_20260907-6a60a51-v6,unit-6f9c9ae0aad193b916e1db4ea37ac1a4,native-aeaf4d11ea6b4fe521db3359538981b4c6d39280bd7edd46e26fbe63ab772954,B3_AGENT_NATIVE,L0_target_only,r9,BUILD_FAILED,True,False,,/group/worldcept/code/SimAny/outputs/icra2027/20260907-4f5c745-v2/sim_recon_sim/scale_up/test_dispatch/instances/native-aeaf4d11ea6b4fe521db3359538981b4c6d39280bd7edd46e26fbe63ab772954/build_bindings.jsonl,10361e468a8b4f438f40d977eab7570531fe2ac124040ec2152e7ea1e1709104,
native_test_L1_engine_v2_20260907-6a60a51-v6,unit-6c4816dc8a5d3ca76eadf7a515c19017,native-5f490be21d6e904fe80762b505fd718d87d81a416c5165e7080dd6811f4e670b,B3_AGENT_NATIVE,L0_target_only,r0,NOT_SCHEDULED,False,,,,,
native_test_L1_engine_v2_20260907-6a60a51-v6,unit-1a9ca7f913e674bc96a062c8a2358acc,native-5f490be21d6e904fe80762b505fd718d87d81a416c5165e7080dd6811f4e670b,B3_AGENT_NATIVE,L0_target_only,r1,NOT_SCHEDULED,False,,,,,
native_test_L1_engine_v2_20260907-6a60a51-v6,unit-7717ad850d6f8ae8ffef7a5738b39192,native-5f490be21d6e904fe80762b505fd718d87d81a416c5165e7080dd6811f4e670b,B3_AGENT_NATIVE,L0_target_only,r2,NOT_SCHEDULED,False,,,,,
native_test_L1_engine_v2_20260907-6a60a51-v6,unit-a3578abea331b20cff2cdaf2ff0223d0,native-5f490be21d6e904fe80762b505fd718d87d81a416c5165e7080dd6811f4e670b,B3_AGENT_NATIVE,L0_target_only,r3,NOT_SCHEDULED,False,,,,,
native_test_L1_engine_v2_20260907-6a60a51-v6,unit-9e7d64834596d3fb0a91e0c842c09626,native-5f490be21d6e904fe80762b505fd718d87d81a416c5165e7080dd6811f4e670b,B3_AGENT_NATIVE,L0_target_only,r4,NOT_SCHEDULED,False,,,,,
native_test_L1_engine_v2_20260907-6a60a51-v6,unit-d4a871e1055e39db7747c6fc03aea2b7,native-5f490be21d6e904fe80762b505fd718d87d81a416c5165e7080dd6811f4e670b,B3_AGENT_NATIVE,L0_target_only,r5,NOT_SCHEDULED,False,,,,,
native_test_L1_engine_v2_20260907-6a60a51-v6,unit-85ecd21e997001e081c8b6beb157302f,native-5f490be21d6e904fe80762b505fd718d87d81a416c5165e7080dd6811f4e670b,B3_AGENT_NATIVE,L0_target_only,r6,NOT_SCHEDULED,False,,,,,
native_test_L1_engine_v2_20260907-6a60a51-v6,unit-0499ed24a1f72201318cc33bb770a31d,native-5f490be21d6e904fe80762b505fd718d87d81a416c5165e7080dd6811f4e670b,B3_AGENT_NATIVE,L0_target_only,r7,NOT_SCHEDULED,False,,,,,
native_test_L1_engine_v2_20260907-6a60a51-v6,unit-3fc54174788144fac6e3dbf93a6806c3,native-5f490be21d6e904fe80762b505fd718d87d81a416c5165e7080dd6811f4e670b,B3_AGENT_NATIVE,L0_target_only,r8,NOT_SCHEDULED,False,,,,,
native_test_L1_engine_v2_20260907-6a60a51-v6,unit-968ce1313b7c80ecb98f1fb84602e909,native-5f490be21d6e904fe80762b505fd718d87d81a416c5165e7080dd6811f4e670b,B3_AGENT_NATIVE,L0_target_only,r9,NOT_SCHEDULED,False,,,,,
native_test_L1_engine_v2_20260907-6a60a51-v6,unit-01473d490ec2c7d7514215bd3460e939,native-05f06fc08dfc46d3c93892adda6663e80ac01b546d942f48fe2ea4b01f25c279,B3_AGENT_NATIVE,L0_target_only,r0,NOT_SCHEDULED,False,,,,,
native_test_L1_engine_v2_20260907-6a60a51-v6,unit-a71aa1edd3b1140275b8d659de486b6e,native-05f06fc08dfc46d3c93892adda6663e80ac01b546d942f48fe2ea4b01f25c279,B3_AGENT_NATIVE,L0_target_only,r1,NOT_SCHEDULED,False,,,,,
native_test_L1_engine_v2_20260907-6a60a51-v6,unit-e9c27bb799a1869315790aa9deb7f3a7,native-05f06fc08dfc46d3c93892adda6663e80ac01b546d942f48fe2ea4b01f25c279,B3_AGENT_NATIVE,L0_target_only,r2,NOT_SCHEDULED,False,,,,,
native_test_L1_engine_v2_20260907-6a60a51-v6,unit-a767946911858dc2e7d6a058297e84ac,native-05f06fc08dfc46d3c93892adda6663e80ac01b546d942f48fe2ea4b01f25c279,B3_AGENT_NATIVE,L0_target_only,r3,NOT_SCHEDULED,False,,,,,
native_test_L1_engine_v2_20260907-6a60a51-v6,unit-8a8d4003bb0c16db183ce7115cd48f8f,native-05f06fc08dfc46d3c93892adda6663e80ac01b546d942f48fe2ea4b01f25c279,B3_AGENT_NATIVE,L0_target_only,r4,NOT_SCHEDULED,False,,,,,
native_test_L1_engine_v2_20260907-6a60a51-v6,unit-a2f188d1a5a12c4318ec4b38e90db961,native-05f06fc08dfc46d3c93892adda6663e80ac01b546d942f48fe2ea4b01f25c279,B3_AGENT_NATIVE,L0_target_only,r5,NOT_SCHEDULED,False,,,,,
native_test_L1_engine_v2_20260907-6a60a51-v6,unit-e8ea259c46df4e186f77aceed0310fe1,native-05f06fc08dfc46d3c93892adda6663e80ac01b546d942f48fe2ea4b01f25c279,B3_AGENT_NATIVE,L0_target_only,r6,NOT_SCHEDULED,False,,,,,
native_test_L1_engine_v2_20260907-6a60a51-v6,unit-8624212ec801df750ffff14380ab1124,native-05f06fc08dfc46d3c93892adda6663e80ac01b546d942f48fe2ea4b01f25c279,B3_AGENT_NATIVE,L0_target_only,r7,NOT_SCHEDULED,False,,,,,
native_test_L1_engine_v2_20260907-6a60a51-v6,unit-9fbdec22761d5b2e45bbf12e0a802a85,native-05f06fc08dfc46d3c93892adda6663e80ac01b546d942f48fe2ea4b01f25c279,B3_AGENT_NATIVE,L0_target_only,r8,NOT_SCHEDULED,False,,,,,
native_test_L1_engine_v2_20260907-6a60a51-v6,unit-c9320f508650caf5de84e9fc9b3e17fb,native-05f06fc08dfc46d3c93892adda6663e80ac01b546d942f48fe2ea4b01f25c279,B3_AGENT_NATIVE,L0_target_only,r9,NOT_SCHEDULED,False,,,,,
native_test_L1_engine_v2_20260907-6a60a51-v6,unit-83271d56cffc9fd853beae217cff262c,native-5697c97e9d208786578b9b8b92e95a27161fb1b6fdf41b532f6a4b7cf1bcb6dd,B3_AGENT_NATIVE,L0_target_only,r0,NOT_SCHEDULED,False,,,,,
native_test_L1_engine_v2_20260907-6a60a51-v6,unit-d947e3e7402141ebc640fc20147b106e,native-5697c97e9d208786578b9b8b92e95a27161fb1b6fdf41b532f6a4b7cf1bcb6dd,B3_AGENT_NATIVE,L0_target_only,r1,NOT_SCHEDULED,False,,,,,
native_test_L1_engine_v2_20260907-6a60a51-v6,unit-b9bbefd090485b7ea84c945059539ab6,native-5697c97e9d208786578b9b8b92e95a27161fb1b6fdf41b532f6a4b7cf1bcb6dd,B3_AGENT_NATIVE,L0_target_only,r2,NOT_SCHEDULED,False,,,,,
native_test_L1_engine_v2_20260907-6a60a51-v6,unit-399a1a529b01fa1c19e2cc305315492f,native-5697c97e9d208786578b9b8b92e95a27161fb1b6fdf41b532f6a4b7cf1bcb6dd,B3_AGENT_NATIVE,L0_target_only,r3,NOT_SCHEDULED,False,,,,,
native_test_L1_engine_v2_20260907-6a60a51-v6,unit-0519e142bbeca4362b59150fd0b674a4,native-5697c97e9d208786578b9b8b92e95a27161fb1b6fdf41b532f6a4b7cf1bcb6dd,B3_AGENT_NATIVE,L0_target_only,r4,NOT_SCHEDULED,False,,,,,
native_test_L1_engine_v2_20260907-6a60a51-v6,unit-e75a200320106d91a43809011d4360f4,native-5697c97e9d208786578b9b8b92e95a27161fb1b6fdf41b532f6a4b7cf1bcb6dd,B3_AGENT_NATIVE,L0_target_only,r5,NOT_SCHEDULED,False,,,,,
native_test_L1_engine_v2_20260907-6a60a51-v6,unit-afc62dd762afe0c866b07c3ea3e576c4,native-5697c97e9d208786578b9b8b92e95a27161fb1b6fdf41b532f6a4b7cf1bcb6dd,B3_AGENT_NATIVE,L0_target_only,r6,NOT_SCHEDULED,False,,,,,
native_test_L1_engine_v2_20260907-6a60a51-v6,unit-4d5180f6c2081680f8d5f9127d6f70aa,native-5697c97e9d208786578b9b8b92e95a27161fb1b6fdf41b532f6a4b7cf1bcb6dd,B3_AGENT_NATIVE,L0_target_only,r7,NOT_SCHEDULED,False,,,,,
native_test_L1_engine_v2_20260907-6a60a51-v6,unit-c4d48e7f70f4dcae68553cd41695664e,native-5697c97e9d208786578b9b8b92e95a27161fb1b6fdf41b532f6a4b7cf1bcb6dd,B3_AGENT_NATIVE,L0_target_only,r8,NOT_SCHEDULED,False,,,,,
native_test_L1_engine_v2_20260907-6a60a51-v6,unit-9e84d3f8bc9be2b61bb269ffb46b41c4,native-5697c97e9d208786578b9b8b92e95a27161fb1b6fdf41b532f6a4b7cf1bcb6dd,B3_AGENT_NATIVE,L0_target_only,r9,NOT_SCHEDULED,False,,,,,
native_test_L1_engine_v2_20260907-6a60a51-v6,unit-3506325170c785a9eb6418b8f104d503,native-55a23f0c97ee7672f66552b77660344880fafb6ce36a25433d19e58b15ed3aa5,B3_AGENT_NATIVE,L0_target_only,r0,BUILD_FAILED,True,False,,/group/worldcept/code/SimAny/outputs/icra2027/20260907-4f5c745-v2/sim_recon_sim/scale_up/test_dispatch/instances/native-55a23f0c97ee7672f66552b77660344880fafb6ce36a25433d19e58b15ed3aa5/build_bindings.jsonl,1f40e753e9da279449d4c72f48debacb2c82702cb6eacc2374afc4da03843085,
native_test_L1_engine_v2_20260907-6a60a51-v6,unit-b437e8fcf216ffb406c35197455ec5e3,native-55a23f0c97ee7672f66552b77660344880fafb6ce36a25433d19e58b15ed3aa5,B3_AGENT_NATIVE,L0_target_only,r1,BUILD_FAILED,True,False,,/group/worldcept/code/SimAny/outputs/icra2027/20260907-4f5c745-v2/sim_recon_sim/scale_up/test_dispatch/instances/native-55a23f0c97ee7672f66552b77660344880fafb6ce36a25433d19e58b15ed3aa5/build_bindings.jsonl,1f40e753e9da279449d4c72f48debacb2c82702cb6eacc2374afc4da03843085,
native_test_L1_engine_v2_20260907-6a60a51-v6,unit-459ff656242c3903f1355c086d0bed67,native-55a23f0c97ee7672f66552b77660344880fafb6ce36a25433d19e58b15ed3aa5,B3_AGENT_NATIVE,L0_target_only,r2,BUILD_FAILED,True,False,,/group/worldcept/code/SimAny/outputs/icra2027/20260907-4f5c745-v2/sim_recon_sim/scale_up/test_dispatch/instances/native-55a23f0c97ee7672f66552b77660344880fafb6ce36a25433d19e58b15ed3aa5/build_bindings.jsonl,1f40e753e9da279449d4c72f48debacb2c82702cb6eacc2374afc4da03843085,
native_test_L1_engine_v2_20260907-6a60a51-v6,unit-40c896ad72514100a60e0536d3a87567,native-55a23f0c97ee7672f66552b77660344880fafb6ce36a25433d19e58b15ed3aa5,B3_AGENT_NATIVE,L0_target_only,r3,BUILD_FAILED,True,False,,/group/worldcept/code/SimAny/outputs/icra2027/20260907-4f5c745-v2/sim_recon_sim/scale_up/test_dispatch/instances/native-55a23f0c97ee7672f66552b77660344880fafb6ce36a25433d19e58b15ed3aa5/build_bindings.jsonl,1f40e753e9da279449d4c72f48debacb2c82702cb6eacc2374afc4da03843085,
native_test_L1_engine_v2_20260907-6a60a51-v6,unit-eacce2f134d15956121a32538cd9d856,native-55a23f0c97ee7672f66552b77660344880fafb6ce36a25433d19e58b15ed3aa5,B3_AGENT_NATIVE,L0_target_only,r4,BUILD_FAILED,True,False,,/group/worldcept/code/SimAny/outputs/icra2027/20260907-4f5c745-v2/sim_recon_sim/scale_up/test_dispatch/instances/native-55a23f0c97ee7672f66552b77660344880fafb6ce36a25433d19e58b15ed3aa5/build_bindings.jsonl,1f40e753e9da279449d4c72f48debacb2c82702cb6eacc2374afc4da03843085,
native_test_L1_engine_v2_20260907-6a60a51-v6,unit-25e39543dc1d04cc15228e84fa74b5fd,native-55a23f0c97ee7672f66552b77660344880fafb6ce36a25433d19e58b15ed3aa5,B3_AGENT_NATIVE,L0_target_only,r5,BUILD_FAILED,True,False,,/group/worldcept/code/SimAny/outputs/icra2027/20260907-4f5c745-v2/sim_recon_sim/scale_up/test_dispatch/instances/native-55a23f0c97ee7672f66552b77660344880fafb6ce36a25433d19e58b15ed3aa5/build_bindings.jsonl,1f40e753e9da279449d4c72f48debacb2c82702cb6eacc2374afc4da03843085,
native_test_L1_engine_v2_20260907-6a60a51-v6,unit-96cd93ce23bbff6a29dbcd5e8fce0261,native-55a23f0c97ee7672f66552b77660344880fafb6ce36a25433d19e58b15ed3aa5,B3_AGENT_NATIVE,L0_target_only,r6,BUILD_FAILED,True,False,,/group/worldcept/code/SimAny/outputs/icra2027/20260907-4f5c745-v2/sim_recon_sim/scale_up/test_dispatch/instances/native-55a23f0c97ee7672f66552b77660344880fafb6ce36a25433d19e58b15ed3aa5/build_bindings.jsonl,1f40e753e9da279449d4c72f48debacb2c82702cb6eacc2374afc4da03843085,
native_test_L1_engine_v2_20260907-6a60a51-v6,unit-e62213f690fa6d4ccfdf83efe90e958a,native-55a23f0c97ee7672f66552b77660344880fafb6ce36a25433d19e58b15ed3aa5,B3_AGENT_NATIVE,L0_target_only,r7,BUILD_FAILED,True,False,,/group/worldcept/code/SimAny/outputs/icra2027/20260907-4f5c745-v2/sim_recon_sim/scale_up/test_dispatch/instances/native-55a23f0c97ee7672f66552b77660344880fafb6ce36a25433d19e58b15ed3aa5/build_bindings.jsonl,1f40e753e9da279449d4c72f48debacb2c82702cb6eacc2374afc4da03843085,
native_test_L1_engine_v2_20260907-6a60a51-v6,unit-915bdea699218023a3ca7e4ee93c3339,native-55a23f0c97ee7672f66552b77660344880fafb6ce36a25433d19e58b15ed3aa5,B3_AGENT_NATIVE,L0_target_only,r8,BUILD_FAILED,True,False,,/group/worldcept/code/SimAny/outputs/icra2027/20260907-4f5c745-v2/sim_recon_sim/scale_up/test_dispatch/instances/native-55a23f0c97ee7672f66552b77660344880fafb6ce36a25433d19e58b15ed3aa5/build_bindings.jsonl,1f40e753e9da279449d4c72f48debacb2c82702cb6eacc2374afc4da03843085,
native_test_L1_engine_v2_20260907-6a60a51-v6,unit-07a28afb9b1c32893091c9ba4975b431,native-55a23f0c97ee7672f66552b77660344880fafb6ce36a25433d19e58b15ed3aa5,B3_AGENT_NATIVE,L0_target_only,r9,BUILD_FAILED,True,False,,/group/worldcept/code/SimAny/outputs/icra2027/20260907-4f5c745-v2/sim_recon_sim/scale_up/test_dispatch/instances/native-55a23f0c97ee7672f66552b77660344880fafb6ce36a25433d19e58b15ed3aa5/build_bindings.jsonl,1f40e753e9da279449d4c72f48debacb2c82702cb6eacc2374afc4da03843085,
native_test_L1_engine_v2_20260907-6a60a51-v6,unit-4f6e912956370220730c483045142bf6,native-fd102487ad05f67cadd75d54e90d93b7e54500ee005b6acad9e031f034a4dc0e,B3_AGENT_NATIVE,L0_target_only,r0,NOT_SCHEDULED,False,,,,,
native_test_L1_engine_v2_20260907-6a60a51-v6,unit-2ae6f8db054b6c17d3198b927a133823,native-fd102487ad05f67cadd75d54e90d93b7e54500ee005b6acad9e031f034a4dc0e,B3_AGENT_NATIVE,L0_target_only,r1,NOT_SCHEDULED,False,,,,,
native_test_L1_engine_v2_20260907-6a60a51-v6,unit-ff57eb48550ba767d8bcf122ffe91b3d,native-fd102487ad05f67cadd75d54e90d93b7e54500ee005b6acad9e031f034a4dc0e,B3_AGENT_NATIVE,L0_target_only,r2,NOT_SCHEDULED,False,,,,,
native_test_L1_engine_v2_20260907-6a60a51-v6,unit-8e8c857b54966c6ab52cff991432aea2,native-fd102487ad05f67cadd75d54e90d93b7e54500ee005b6acad9e031f034a4dc0e,B3_AGENT_NATIVE,L0_target_only,r3,NOT_SCHEDULED,False,,,,,
native_test_L1_engine_v2_20260907-6a60a51-v6,unit-6533c4ed37485c6a15342ec75332cf8b,native-fd102487ad05f67cadd75d54e90d93b7e54500ee005b6acad9e031f034a4dc0e,B3_AGENT_NATIVE,L0_target_only,r4,NOT_SCHEDULED,False,,,,,
native_test_L1_engine_v2_20260907-6a60a51-v6,unit-9f9076b101ee9c4f34fdfc878b13e2b6,native-fd102487ad05f67cadd75d54e90d93b7e54500ee005b6acad9e031f034a4dc0e,B3_AGENT_NATIVE,L0_target_only,r5,NOT_SCHEDULED,False,,,,,
native_test_L1_engine_v2_20260907-6a60a51-v6,unit-ece6205e328fa9437755b78ff4be1765,native-fd102487ad05f67cadd75d54e90d93b7e54500ee005b6acad9e031f034a4dc0e,B3_AGENT_NATIVE,L0_target_only,r6,NOT_SCHEDULED,False,,,,,
native_test_L1_engine_v2_20260907-6a60a51-v6,unit-0dc694bb16dcb2a5984c6a3e0e6ef7d8,native-fd102487ad05f67cadd75d54e90d93b7e54500ee005b6acad9e031f034a4dc0e,B3_AGENT_NATIVE,L0_target_only,r7,NOT_SCHEDULED,False,,,,,
native_test_L1_engine_v2_20260907-6a60a51-v6,unit-ff1b5ce5035103fa252962b4350a2f13,native-fd102487ad05f67cadd75d54e90d93b7e54500ee005b6acad9e031f034a4dc0e,B3_AGENT_NATIVE,L0_target_only,r8,NOT_SCHEDULED,False,,,,,
native_test_L1_engine_v2_20260907-6a60a51-v6,unit-bec7169ad68ac7e3f138c32ff8f94de2,native-fd102487ad05f67cadd75d54e90d93b7e54500ee005b6acad9e031f034a4dc0e,B3_AGENT_NATIVE,L0_target_only,r9,NOT_SCHEDULED,False,,,,,
native_test_L1_engine_v2_20260907-6a60a51-v6,unit-5b146b25fc653ac981dde7d8b659600e,native-169cab94f10291685d9311677f1accbf5eb51d5cdbe02697ea6a8c880afbf87f,B3_AGENT_NATIVE,L0_target_only,r0,NOT_SCHEDULED,False,,,,,
native_test_L1_engine_v2_20260907-6a60a51-v6,unit-f2cdc42ad8dcec82faf9ee11549d7141,native-169cab94f10291685d9311677f1accbf5eb51d5cdbe02697ea6a8c880afbf87f,B3_AGENT_NATIVE,L0_target_only,r1,NOT_SCHEDULED,False,,,,,
native_test_L1_engine_v2_20260907-6a60a51-v6,unit-8cb0fedcbb23bf15f57db33b1ccd9c8d,native-169cab94f10291685d9311677f1accbf5eb51d5cdbe02697ea6a8c880afbf87f,B3_AGENT_NATIVE,L0_target_only,r2,NOT_SCHEDULED,False,,,,,
native_test_L1_engine_v2_20260907-6a60a51-v6,unit-f872e96dd73f089491c513064c88319e,native-169cab94f10291685d9311677f1accbf5eb51d5cdbe02697ea6a8c880afbf87f,B3_AGENT_NATIVE,L0_target_only,r3,NOT_SCHEDULED,False,,,,,
native_test_L1_engine_v2_20260907-6a60a51-v6,unit-60f61efa616595f9cad6af2ffb3165b5,native-169cab94f10291685d9311677f1accbf5eb51d5cdbe02697ea6a8c880afbf87f,B3_AGENT_NATIVE,L0_target_only,r4,NOT_SCHEDULED,False,,,,,
native_test_L1_engine_v2_20260907-6a60a51-v6,unit-a2244e278b32d6ca6f5e605974d4b96f,native-169cab94f10291685d9311677f1accbf5eb51d5cdbe02697ea6a8c880afbf87f,B3_AGENT_NATIVE,L0_target_only,r5,NOT_SCHEDULED,False,,,,,
native_test_L1_engine_v2_20260907-6a60a51-v6,unit-5f99586d8f60af2642581382e634e080,native-169cab94f10291685d9311677f1accbf5eb51d5cdbe02697ea6a8c880afbf87f,B3_AGENT_NATIVE,L0_target_only,r6,NOT_SCHEDULED,False,,,,,
native_test_L1_engine_v2_20260907-6a60a51-v6,unit-160b46ac5ecc79acacebef947d42a068,native-169cab94f10291685d9311677f1accbf5eb51d5cdbe02697ea6a8c880afbf87f,B3_AGENT_NATIVE,L0_target_only,r7,NOT_SCHEDULED,False,,,,,
native_test_L1_engine_v2_20260907-6a60a51-v6,unit-e8964167529fbd5599c590c4cb45889f,native-169cab94f10291685d9311677f1accbf5eb51d5cdbe02697ea6a8c880afbf87f,B3_AGENT_NATIVE,L0_target_only,r8,NOT_SCHEDULED,False,,,,,
native_test_L1_engine_v2_20260907-6a60a51-v6,unit-57353942f338c5d3e8ed27cd3c74a1f9,native-169cab94f10291685d9311677f1accbf5eb51d5cdbe02697ea6a8c880afbf87f,B3_AGENT_NATIVE,L0_target_only,r9,NOT_SCHEDULED,False,,,,,
native_test_L1_engine_v2_20260907-6a60a51-v6,unit-855e640c0ee04b9c83ed6c6b37eb64aa,native-80f707c13cf12936c9d12954c2274d211a4cc79de918feac7fbc7d2c9badfb3f,B3_AGENT_NATIVE,L0_target_only,r0,NOT_SCHEDULED,False,,,,,
native_test_L1_engine_v2_20260907-6a60a51-v6,unit-59ed317d6aa832d17161e8d8f3ba1002,native-80f707c13cf12936c9d12954c2274d211a4cc79de918feac7fbc7d2c9badfb3f,B3_AGENT_NATIVE,L0_target_only,r1,NOT_SCHEDULED,False,,,,,
native_test_L1_engine_v2_20260907-6a60a51-v6,unit-1c0efda1515e971fc4fd1d7810ef0405,native-80f707c13cf12936c9d12954c2274d211a4cc79de918feac7fbc7d2c9badfb3f,B3_AGENT_NATIVE,L0_target_only,r2,NOT_SCHEDULED,False,,,,,
native_test_L1_engine_v2_20260907-6a60a51-v6,unit-a4a99740161f90704744d41332b2c928,native-80f707c13cf12936c9d12954c2274d211a4cc79de918feac7fbc7d2c9badfb3f,B3_AGENT_NATIVE,L0_target_only,r3,NOT_SCHEDULED,False,,,,,
native_test_L1_engine_v2_20260907-6a60a51-v6,unit-1ed381f0481da28a994f679a72e01cca,native-80f707c13cf12936c9d12954c2274d211a4cc79de918feac7fbc7d2c9badfb3f,B3_AGENT_NATIVE,L0_target_only,r4,NOT_SCHEDULED,False,,,,,
native_test_L1_engine_v2_20260907-6a60a51-v6,unit-862bf6a8e9f38e5ab192e554c5726cf8,native-80f707c13cf12936c9d12954c2274d211a4cc79de918feac7fbc7d2c9badfb3f,B3_AGENT_NATIVE,L0_target_only,r5,NOT_SCHEDULED,False,,,,,
native_test_L1_engine_v2_20260907-6a60a51-v6,unit-d74c7493a180b392053bd49d94576a58,native-80f707c13cf12936c9d12954c2274d211a4cc79de918feac7fbc7d2c9badfb3f,B3_AGENT_NATIVE,L0_target_only,r6,NOT_SCHEDULED,False,,,,,
native_test_L1_engine_v2_20260907-6a60a51-v6,unit-7afe12f7b3c37b20eda6cd88d96d8cb4,native-80f707c13cf12936c9d12954c2274d211a4cc79de918feac7fbc7d2c9badfb3f,B3_AGENT_NATIVE,L0_target_only,r7,NOT_SCHEDULED,False,,,,,
native_test_L1_engine_v2_20260907-6a60a51-v6,unit-ed5c0b14b65fb39e903334a8b679a8f0,native-80f707c13cf12936c9d12954c2274d211a4cc79de918feac7fbc7d2c9badfb3f,B3_AGENT_NATIVE,L0_target_only,r8,NOT_SCHEDULED,False,,,,,
native_test_L1_engine_v2_20260907-6a60a51-v6,unit-a501e9ebe89b7241ee43db307fb7524e,native-80f707c13cf12936c9d12954c2274d211a4cc79de918feac7fbc7d2c9badfb3f,B3_AGENT_NATIVE,L0_target_only,r9,NOT_SCHEDULED,False,,,,,
native_test_L1_engine_v2_20260907-6a60a51-v6,unit-c5bb2c60c6bb5b071c3e3c577559f85e,native-d7714c3fec848a3bf67f6b0da7de97d52bc4b8ea7dc6a108289477cf133845c6,B3_AGENT_NATIVE,L0_target_only,r0,NOT_SCHEDULED,False,,,,,
native_test_L1_engine_v2_20260907-6a60a51-v6,unit-6a6daadc569fadb23b861d914d8a5b7e,native-d7714c3fec848a3bf67f6b0da7de97d52bc4b8ea7dc6a108289477cf133845c6,B3_AGENT_NATIVE,L0_target_only,r1,NOT_SCHEDULED,False,,,,,
native_test_L1_engine_v2_20260907-6a60a51-v6,unit-bf4eaa72e9a3ea884ddb776e9f99b245,native-d7714c3fec848a3bf67f6b0da7de97d52bc4b8ea7dc6a108289477cf133845c6,B3_AGENT_NATIVE,L0_target_only,r2,NOT_SCHEDULED,False,,,,,
native_test_L1_engine_v2_20260907-6a60a51-v6,unit-bfc08bb968cd6e3aead12533672dedbe,native-d7714c3fec848a3bf67f6b0da7de97d52bc4b8ea7dc6a108289477cf133845c6,B3_AGENT_NATIVE,L0_target_only,r3,NOT_SCHEDULED,False,,,,,
native_test_L1_engine_v2_20260907-6a60a51-v6,unit-f141e8c4b5059f0b7c83db852cf7c78f,native-d7714c3fec848a3bf67f6b0da7de97d52bc4b8ea7dc6a108289477cf133845c6,B3_AGENT_NATIVE,L0_target_only,r4,NOT_SCHEDULED,False,,,,,
native_test_L1_engine_v2_20260907-6a60a51-v6,unit-692fd17f8dfaf178256d09dee833f2bc,native-d7714c3fec848a3bf67f6b0da7de97d52bc4b8ea7dc6a108289477cf133845c6,B3_AGENT_NATIVE,L0_target_only,r5,NOT_SCHEDULED,False,,,,,
native_test_L1_engine_v2_20260907-6a60a51-v6,unit-273fb15874c5d04562b648d56d59668c,native-d7714c3fec848a3bf67f6b0da7de97d52bc4b8ea7dc6a108289477cf133845c6,B3_AGENT_NATIVE,L0_target_only,r6,NOT_SCHEDULED,False,,,,,
native_test_L1_engine_v2_20260907-6a60a51-v6,unit-7514fff5d50092dd7a36c759905ee20f,native-d7714c3fec848a3bf67f6b0da7de97d52bc4b8ea7dc6a108289477cf133845c6,B3_AGENT_NATIVE,L0_target_only,r7,NOT_SCHEDULED,False,,,,,
native_test_L1_engine_v2_20260907-6a60a51-v6,unit-7814331bdf0a05a09cc663d5c1842ea5,native-d7714c3fec848a3bf67f6b0da7de97d52bc4b8ea7dc6a108289477cf133845c6,B3_AGENT_NATIVE,L0_target_only,r8,NOT_SCHEDULED,False,,,,,
native_test_L1_engine_v2_20260907-6a60a51-v6,unit-131b16397a82ca531ae0d8dc045a3ef7,native-d7714c3fec848a3bf67f6b0da7de97d52bc4b8ea7dc6a108289477cf133845c6,B3_AGENT_NATIVE,L0_target_only,r9,NOT_SCHEDULED,False,,,,,
native_test_L1_engine_v2_20260907-6a60a51-v6,unit-69208db6e444dbde41bbf225486a93c9,native-c1d6ffb137352ef5f4f2625c933fa3a98d5801448076dc097c84c3682347eafe,B3_AGENT_NATIVE,L0_target_only,r0,NOT_SCHEDULED,False,,,,,
native_test_L1_engine_v2_20260907-6a60a51-v6,unit-c87e8b908d880b47f898e34ff1256f8b,native-c1d6ffb137352ef5f4f2625c933fa3a98d5801448076dc097c84c3682347eafe,B3_AGENT_NATIVE,L0_target_only,r1,NOT_SCHEDULED,False,,,,,
native_test_L1_engine_v2_20260907-6a60a51-v6,unit-ef299ecbdd5ea1942d19d6e61d06a4ce,native-c1d6ffb137352ef5f4f2625c933fa3a98d5801448076dc097c84c3682347eafe,B3_AGENT_NATIVE,L0_target_only,r2,NOT_SCHEDULED,False,,,,,
native_test_L1_engine_v2_20260907-6a60a51-v6,unit-b4c53f47b8be3c7f254af5aa6a4f778f,native-c1d6ffb137352ef5f4f2625c933fa3a98d5801448076dc097c84c3682347eafe,B3_AGENT_NATIVE,L0_target_only,r3,NOT_SCHEDULED,False,,,,,
native_test_L1_engine_v2_20260907-6a60a51-v6,unit-4945c3b5926fa5eab0b3605dd8b7bbb0,native-c1d6ffb137352ef5f4f2625c933fa3a98d5801448076dc097c84c3682347eafe,B3_AGENT_NATIVE,L0_target_only,r4,NOT_SCHEDULED,False,,,,,
native_test_L1_engine_v2_20260907-6a60a51-v6,unit-54a8442ba9d267c96bdeda974e3f8158,native-c1d6ffb137352ef5f4f2625c933fa3a98d5801448076dc097c84c3682347eafe,B3_AGENT_NATIVE,L0_target_only,r5,NOT_SCHEDULED,False,,,,,
native_test_L1_engine_v2_20260907-6a60a51-v6,unit-ffe16ccb55903c0d69e3e8057eb855a3,native-c1d6ffb137352ef5f4f2625c933fa3a98d5801448076dc097c84c3682347eafe,B3_AGENT_NATIVE,L0_target_only,r6,NOT_SCHEDULED,False,,,,,
native_test_L1_engine_v2_20260907-6a60a51-v6,unit-2551b2540ff0047c87e8058a328d7622,native-c1d6ffb137352ef5f4f2625c933fa3a98d5801448076dc097c84c3682347eafe,B3_AGENT_NATIVE,L0_target_only,r7,NOT_SCHEDULED,False,,,,,
native_test_L1_engine_v2_20260907-6a60a51-v6,unit-21e97a5f0779c6d53472203e7a345fc8,native-c1d6ffb137352ef5f4f2625c933fa3a98d5801448076dc097c84c3682347eafe,B3_AGENT_NATIVE,L0_target_only,r8,NOT_SCHEDULED,False,,,,,
native_test_L1_engine_v2_20260907-6a60a51-v6,unit-41116dfa11fbe205fd67bedfcc5ef2b2,native-c1d6ffb137352ef5f4f2625c933fa3a98d5801448076dc097c84c3682347eafe,B3_AGENT_NATIVE,L0_target_only,r9,NOT_SCHEDULED,False,,,,,
native_test_L1_engine_v2_20260907-6a60a51-v6,unit-dc152a59ec2c3f3932f088e644f5cc3a,native-a12fe0e2847088d392dce3bcce13e2c38b9b44fdee64c033b391ca4033780c40,B3_AGENT_NATIVE,L0_target_only,r0,BUILD_FAILED,True,False,,/group/worldcept/code/SimAny/outputs/icra2027/20260907-4f5c745-v2/sim_recon_sim/scale_up/test_dispatch/instances/native-a12fe0e2847088d392dce3bcce13e2c38b9b44fdee64c033b391ca4033780c40/build_bindings.jsonl,eca95c62f9257e228611190896d29503e03fb2046dc739a48582d9eb62c22567,
native_test_L1_engine_v2_20260907-6a60a51-v6,unit-02aff35baa4ca72d1dc74452f4dca1d8,native-a12fe0e2847088d392dce3bcce13e2c38b9b44fdee64c033b391ca4033780c40,B3_AGENT_NATIVE,L0_target_only,r1,BUILD_FAILED,True,False,,/group/worldcept/code/SimAny/outputs/icra2027/20260907-4f5c745-v2/sim_recon_sim/scale_up/test_dispatch/instances/native-a12fe0e2847088d392dce3bcce13e2c38b9b44fdee64c033b391ca4033780c40/build_bindings.jsonl,eca95c62f9257e228611190896d29503e03fb2046dc739a48582d9eb62c22567,
native_test_L1_engine_v2_20260907-6a60a51-v6,unit-786be3c7da322c98f54533d3bedb32ae,native-a12fe0e2847088d392dce3bcce13e2c38b9b44fdee64c033b391ca4033780c40,B3_AGENT_NATIVE,L0_target_only,r2,BUILD_FAILED,True,False,,/group/worldcept/code/SimAny/outputs/icra2027/20260907-4f5c745-v2/sim_recon_sim/scale_up/test_dispatch/instances/native-a12fe0e2847088d392dce3bcce13e2c38b9b44fdee64c033b391ca4033780c40/build_bindings.jsonl,eca95c62f9257e228611190896d29503e03fb2046dc739a48582d9eb62c22567,
native_test_L1_engine_v2_20260907-6a60a51-v6,unit-240bc95d35157bd111f8e3c2ef0a89b9,native-a12fe0e2847088d392dce3bcce13e2c38b9b44fdee64c033b391ca4033780c40,B3_AGENT_NATIVE,L0_target_only,r3,BUILD_FAILED,True,False,,/group/worldcept/code/SimAny/outputs/icra2027/20260907-4f5c745-v2/sim_recon_sim/scale_up/test_dispatch/instances/native-a12fe0e2847088d392dce3bcce13e2c38b9b44fdee64c033b391ca4033780c40/build_bindings.jsonl,eca95c62f9257e228611190896d29503e03fb2046dc739a48582d9eb62c22567,
native_test_L1_engine_v2_20260907-6a60a51-v6,unit-878640b0e43e6bca1559e48959ca5673,native-a12fe0e2847088d392dce3bcce13e2c38b9b44fdee64c033b391ca4033780c40,B3_AGENT_NATIVE,L0_target_only,r4,BUILD_FAILED,True,False,,/group/worldcept/code/SimAny/outputs/icra2027/20260907-4f5c745-v2/sim_recon_sim/scale_up/test_dispatch/instances/native-a12fe0e2847088d392dce3bcce13e2c38b9b44fdee64c033b391ca4033780c40/build_bindings.jsonl,eca95c62f9257e228611190896d29503e03fb2046dc739a48582d9eb62c22567,
native_test_L1_engine_v2_20260907-6a60a51-v6,unit-d0a51eaf059a4c9aad935ea17484d1c5,native-a12fe0e2847088d392dce3bcce13e2c38b9b44fdee64c033b391ca4033780c40,B3_AGENT_NATIVE,L0_target_only,r5,BUILD_FAILED,True,False,,/group/worldcept/code/SimAny/outputs/icra2027/20260907-4f5c745-v2/sim_recon_sim/scale_up/test_dispatch/instances/native-a12fe0e2847088d392dce3bcce13e2c38b9b44fdee64c033b391ca4033780c40/build_bindings.jsonl,eca95c62f9257e228611190896d29503e03fb2046dc739a48582d9eb62c22567,
native_test_L1_engine_v2_20260907-6a60a51-v6,unit-7221b20e95f3024fff5dd1dde3ccdaab,native-a12fe0e2847088d392dce3bcce13e2c38b9b44fdee64c033b391ca4033780c40,B3_AGENT_NATIVE,L0_target_only,r6,BUILD_FAILED,True,False,,/group/worldcept/code/SimAny/outputs/icra2027/20260907-4f5c745-v2/sim_recon_sim/scale_up/test_dispatch/instances/native-a12fe0e2847088d392dce3bcce13e2c38b9b44fdee64c033b391ca4033780c40/build_bindings.jsonl,eca95c62f9257e228611190896d29503e03fb2046dc739a48582d9eb62c22567,
native_test_L1_engine_v2_20260907-6a60a51-v6,unit-d953b9ed4cf2866791ef5b3050e89b79,native-a12fe0e2847088d392dce3bcce13e2c38b9b44fdee64c033b391ca4033780c40,B3_AGENT_NATIVE,L0_target_only,r7,BUILD_FAILED,True,False,,/group/worldcept/code/SimAny/outputs/icra2027/20260907-4f5c745-v2/sim_recon_sim/scale_up/test_dispatch/instances/native-a12fe0e2847088d392dce3bcce13e2c38b9b44fdee64c033b391ca4033780c40/build_bindings.jsonl,eca95c62f9257e228611190896d29503e03fb2046dc739a48582d9eb62c22567,
native_test_L1_engine_v2_20260907-6a60a51-v6,unit-ee389c9f71ee760219419e619a068d83,native-a12fe0e2847088d392dce3bcce13e2c38b9b44fdee64c033b391ca4033780c40,B3_AGENT_NATIVE,L0_target_only,r8,BUILD_FAILED,True,False,,/group/worldcept/code/SimAny/outputs/icra2027/20260907-4f5c745-v2/sim_recon_sim/scale_up/test_dispatch/instances/native-a12fe0e2847088d392dce3bcce13e2c38b9b44fdee64c033b391ca4033780c40/build_bindings.jsonl,eca95c62f9257e228611190896d29503e03fb2046dc739a48582d9eb62c22567,
native_test_L1_engine_v2_20260907-6a60a51-v6,unit-8dad18d40327a26cd66a1dcb0f7f8b43,native-a12fe0e2847088d392dce3bcce13e2c38b9b44fdee64c033b391ca4033780c40,B3_AGENT_NATIVE,L0_target_only,r9,BUILD_FAILED,True,False,,/group/worldcept/code/SimAny/outputs/icra2027/20260907-4f5c745-v2/sim_recon_sim/scale_up/test_dispatch/instances/native-a12fe0e2847088d392dce3bcce13e2c38b9b44fdee64c033b391ca4033780c40/build_bindings.jsonl,eca95c62f9257e228611190896d29503e03fb2046dc739a48582d9eb62c22567,
native_test_L1_engine_v2_20260907-6a60a51-v6,unit-0ab9af1c80994213b50e428fa2259f3d,native-3438e9650ba6757891d3d71c1156b527a4a8e997ce65a3be1d1490db3ac19e43,B3_AGENT_NATIVE,L0_target_only,r0,BUILD_FAILED,True,False,,/group/worldcept/code/SimAny/outputs/icra2027/20260907-4f5c745-v2/sim_recon_sim/scale_up/test_dispatch/instances/native-3438e9650ba6757891d3d71c1156b527a4a8e997ce65a3be1d1490db3ac19e43/build_bindings.jsonl,576ef8da20fed7522145630ae124424051c46c2fea7696ac8f109e7ef686ecd1,
native_test_L1_engine_v2_20260907-6a60a51-v6,unit-43f9f85cc1b37a8ee0aa4cc74ea1495e,native-3438e9650ba6757891d3d71c1156b527a4a8e997ce65a3be1d1490db3ac19e43,B3_AGENT_NATIVE,L0_target_only,r1,BUILD_FAILED,True,False,,/group/worldcept/code/SimAny/outputs/icra2027/20260907-4f5c745-v2/sim_recon_sim/scale_up/test_dispatch/instances/native-3438e9650ba6757891d3d71c1156b527a4a8e997ce65a3be1d1490db3ac19e43/build_bindings.jsonl,576ef8da20fed7522145630ae124424051c46c2fea7696ac8f109e7ef686ecd1,
native_test_L1_engine_v2_20260907-6a60a51-v6,unit-6fd3892b89149be5be696398c1f43ed8,native-3438e9650ba6757891d3d71c1156b527a4a8e997ce65a3be1d1490db3ac19e43,B3_AGENT_NATIVE,L0_target_only,r2,BUILD_FAILED,True,False,,/group/worldcept/code/SimAny/outputs/icra2027/20260907-4f5c745-v2/sim_recon_sim/scale_up/test_dispatch/instances/native-3438e9650ba6757891d3d71c1156b527a4a8e997ce65a3be1d1490db3ac19e43/build_bindings.jsonl,576ef8da20fed7522145630ae124424051c46c2fea7696ac8f109e7ef686ecd1,
native_test_L1_engine_v2_20260907-6a60a51-v6,unit-dc33346979de173df2eb1c5da59f4f8b,native-3438e9650ba6757891d3d71c1156b527a4a8e997ce65a3be1d1490db3ac19e43,B3_AGENT_NATIVE,L0_target_only,r3,BUILD_FAILED,True,False,,/group/worldcept/code/SimAny/outputs/icra2027/20260907-4f5c745-v2/sim_recon_sim/scale_up/test_dispatch/instances/native-3438e9650ba6757891d3d71c1156b527a4a8e997ce65a3be1d1490db3ac19e43/build_bindings.jsonl,576ef8da20fed7522145630ae124424051c46c2fea7696ac8f109e7ef686ecd1,
native_test_L1_engine_v2_20260907-6a60a51-v6,unit-8cae1eb040e31c1c488366fca254061a,native-3438e9650ba6757891d3d71c1156b527a4a8e997ce65a3be1d1490db3ac19e43,B3_AGENT_NATIVE,L0_target_only,r4,BUILD_FAILED,True,False,,/group/worldcept/code/SimAny/outputs/icra2027/20260907-4f5c745-v2/sim_recon_sim/scale_up/test_dispatch/instances/native-3438e9650ba6757891d3d71c1156b527a4a8e997ce65a3be1d1490db3ac19e43/build_bindings.jsonl,576ef8da20fed7522145630ae124424051c46c2fea7696ac8f109e7ef686ecd1,
native_test_L1_engine_v2_20260907-6a60a51-v6,unit-cd273a398a6751cbeffcf42f57776e92,native-3438e9650ba6757891d3d71c1156b527a4a8e997ce65a3be1d1490db3ac19e43,B3_AGENT_NATIVE,L0_target_only,r5,BUILD_FAILED,True,False,,/group/worldcept/code/SimAny/outputs/icra2027/20260907-4f5c745-v2/sim_recon_sim/scale_up/test_dispatch/instances/native-3438e9650ba6757891d3d71c1156b527a4a8e997ce65a3be1d1490db3ac19e43/build_bindings.jsonl,576ef8da20fed7522145630ae124424051c46c2fea7696ac8f109e7ef686ecd1,
native_test_L1_engine_v2_20260907-6a60a51-v6,unit-576bf55a0c9b71944c5a335fe8e79715,native-3438e9650ba6757891d3d71c1156b527a4a8e997ce65a3be1d1490db3ac19e43,B3_AGENT_NATIVE,L0_target_only,r6,BUILD_FAILED,True,False,,/group/worldcept/code/SimAny/outputs/icra2027/20260907-4f5c745-v2/sim_recon_sim/scale_up/test_dispatch/instances/native-3438e9650ba6757891d3d71c1156b527a4a8e997ce65a3be1d1490db3ac19e43/build_bindings.jsonl,576ef8da20fed7522145630ae124424051c46c2fea7696ac8f109e7ef686ecd1,
native_test_L1_engine_v2_20260907-6a60a51-v6,unit-1b936c16e5754a1f242a43a4239f8b46,native-3438e9650ba6757891d3d71c1156b527a4a8e997ce65a3be1d1490db3ac19e43,B3_AGENT_NATIVE,L0_target_only,r7,BUILD_FAILED,True,False,,/group/worldcept/code/SimAny/outputs/icra2027/20260907-4f5c745-v2/sim_recon_sim/scale_up/test_dispatch/instances/native-3438e9650ba6757891d3d71c1156b527a4a8e997ce65a3be1d1490db3ac19e43/build_bindings.jsonl,576ef8da20fed7522145630ae124424051c46c2fea7696ac8f109e7ef686ecd1,
native_test_L1_engine_v2_20260907-6a60a51-v6,unit-1ed3fcd5c96d7ef606def072b68d7e6e,native-3438e9650ba6757891d3d71c1156b527a4a8e997ce65a3be1d1490db3ac19e43,B3_AGENT_NATIVE,L0_target_only,r8,BUILD_FAILED,True,False,,/group/worldcept/code/SimAny/outputs/icra2027/20260907-4f5c745-v2/sim_recon_sim/scale_up/test_dispatch/instances/native-3438e9650ba6757891d3d71c1156b527a4a8e997ce65a3be1d1490db3ac19e43/build_bindings.jsonl,576ef8da20fed7522145630ae124424051c46c2fea7696ac8f109e7ef686ecd1,
native_test_L1_engine_v2_20260907-6a60a51-v6,unit-079bff1c3ce4755b589e3670238389a0,native-3438e9650ba6757891d3d71c1156b527a4a8e997ce65a3be1d1490db3ac19e43,B3_AGENT_NATIVE,L0_target_only,r9,BUILD_FAILED,True,False,,/group/worldcept/code/SimAny/outputs/icra2027/20260907-4f5c745-v2/sim_recon_sim/scale_up/test_dispatch/instances/native-3438e9650ba6757891d3d71c1156b527a4a8e997ce65a3be1d1490db3ac19e43/build_bindings.jsonl,576ef8da20fed7522145630ae124424051c46c2fea7696ac8f109e7ef686ecd1,
native_test_L1_engine_v2_20260907-6a60a51-v6,unit-49ce6ebc6fde87b9de2397bbb6822c89,native-0f2e77b6fa5316e3c64b6b85dee8d7e7960ac05e5c460bf4ef6f13b1ad62a34d,B3_AGENT_NATIVE,L0_target_only,r1,RECORDED,True,True,False,,,
native_test_L1_engine_v2_20260907-6a60a51-v6,unit-fd2ff73fb40d0aca62d5a7f60fab157e,native-0f2e77b6fa5316e3c64b6b85dee8d7e7960ac05e5c460bf4ef6f13b1ad62a34d,B3_AGENT_NATIVE,L0_target_only,r4,RECORDED,True,True,False,,,
native_test_L1_engine_v2_20260907-6a60a51-v6,unit-5f4eec188335b8eb384271e2167b9cda,native-c4174ea32309fcb64348aec128ee3365bbbd3fe1f46e0428b3bc369f09bd6486,B3_AGENT_NATIVE,L0_target_only,r0,NOT_SCHEDULED,False,,,,,
native_test_L1_engine_v2_20260907-6a60a51-v6,unit-e41b23a86516daeb69864e76155af3b2,native-c4174ea32309fcb64348aec128ee3365bbbd3fe1f46e0428b3bc369f09bd6486,B3_AGENT_NATIVE,L0_target_only,r1,NOT_SCHEDULED,False,,,,,
native_test_L1_engine_v2_20260907-6a60a51-v6,unit-9e2e63f00836ab44ce32f5449918a370,native-c4174ea32309fcb64348aec128ee3365bbbd3fe1f46e0428b3bc369f09bd6486,B3_AGENT_NATIVE,L0_target_only,r2,NOT_SCHEDULED,False,,,,,
native_test_L1_engine_v2_20260907-6a60a51-v6,unit-5f7502bf8b56cb8024ed7aa435b1876b,native-c4174ea32309fcb64348aec128ee3365bbbd3fe1f46e0428b3bc369f09bd6486,B3_AGENT_NATIVE,L0_target_only,r3,NOT_SCHEDULED,False,,,,,
native_test_L1_engine_v2_20260907-6a60a51-v6,unit-d20de24a5a8b29835c5a3b0780e75946,native-c4174ea32309fcb64348aec128ee3365bbbd3fe1f46e0428b3bc369f09bd6486,B3_AGENT_NATIVE,L0_target_only,r4,NOT_SCHEDULED,False,,,,,
native_test_L1_engine_v2_20260907-6a60a51-v6,unit-c70d9f0d92d69efa5456caed57cd27d8,native-c4174ea32309fcb64348aec128ee3365bbbd3fe1f46e0428b3bc369f09bd6486,B3_AGENT_NATIVE,L0_target_only,r5,NOT_SCHEDULED,False,,,,,
native_test_L1_engine_v2_20260907-6a60a51-v6,unit-6dc578dbd2efde8c19136d07d8754132,native-c4174ea32309fcb64348aec128ee3365bbbd3fe1f46e0428b3bc369f09bd6486,B3_AGENT_NATIVE,L0_target_only,r6,NOT_SCHEDULED,False,,,,,
native_test_L1_engine_v2_20260907-6a60a51-v6,unit-23c9bca91711ac4aff8bf16b24ac80a2,native-c4174ea32309fcb64348aec128ee3365bbbd3fe1f46e0428b3bc369f09bd6486,B3_AGENT_NATIVE,L0_target_only,r7,NOT_SCHEDULED,False,,,,,
native_test_L1_engine_v2_20260907-6a60a51-v6,unit-b2280f3f2978876ebda17bf4c0b0d401,native-c4174ea32309fcb64348aec128ee3365bbbd3fe1f46e0428b3bc369f09bd6486,B3_AGENT_NATIVE,L0_target_only,r8,NOT_SCHEDULED,False,,,,,
native_test_L1_engine_v2_20260907-6a60a51-v6,unit-c3bda7f8bb694912e4ec68a665835cba,native-c4174ea32309fcb64348aec128ee3365bbbd3fe1f46e0428b3bc369f09bd6486,B3_AGENT_NATIVE,L0_target_only,r9,NOT_SCHEDULED,False,,,,,
native_test_L1_engine_v2_20260907-6a60a51-v6,unit-d498f70887769a0be22dff03e7d22cd1,native-cfcb44d635255d3a292d64d3af7a8daad31c33edcb3a5b6af5055867b6381bcd,B3_AGENT_NATIVE,L0_target_only,r0,BUILD_FAILED,True,False,,/group/worldcept/code/SimAny/outputs/icra2027/20260907-4f5c745-v2/sim_recon_sim/scale_up/test_dispatch/instances/native-cfcb44d635255d3a292d64d3af7a8daad31c33edcb3a5b6af5055867b6381bcd/build_bindings.jsonl,491f69eb5372373b0925915f52e99ab7eb9aa8e5cc607cb7ebec40a7d091ccb2,
native_test_L1_engine_v2_20260907-6a60a51-v6,unit-90bac555b97db391502825c8bcbbfc78,native-cfcb44d635255d3a292d64d3af7a8daad31c33edcb3a5b6af5055867b6381bcd,B3_AGENT_NATIVE,L0_target_only,r1,BUILD_FAILED,True,False,,/group/worldcept/code/SimAny/outputs/icra2027/20260907-4f5c745-v2/sim_recon_sim/scale_up/test_dispatch/instances/native-cfcb44d635255d3a292d64d3af7a8daad31c33edcb3a5b6af5055867b6381bcd/build_bindings.jsonl,491f69eb5372373b0925915f52e99ab7eb9aa8e5cc607cb7ebec40a7d091ccb2,
native_test_L1_engine_v2_20260907-6a60a51-v6,unit-9e8fb68560726651b9689da4985ab866,native-cfcb44d635255d3a292d64d3af7a8daad31c33edcb3a5b6af5055867b6381bcd,B3_AGENT_NATIVE,L0_target_only,r2,BUILD_FAILED,True,False,,/group/worldcept/code/SimAny/outputs/icra2027/20260907-4f5c745-v2/sim_recon_sim/scale_up/test_dispatch/instances/native-cfcb44d635255d3a292d64d3af7a8daad31c33edcb3a5b6af5055867b6381bcd/build_bindings.jsonl,491f69eb5372373b0925915f52e99ab7eb9aa8e5cc607cb7ebec40a7d091ccb2,
native_test_L1_engine_v2_20260907-6a60a51-v6,unit-8a0bc686650cdcb517b50b0586f3354b,native-cfcb44d635255d3a292d64d3af7a8daad31c33edcb3a5b6af5055867b6381bcd,B3_AGENT_NATIVE,L0_target_only,r3,BUILD_FAILED,True,False,,/group/worldcept/code/SimAny/outputs/icra2027/20260907-4f5c745-v2/sim_recon_sim/scale_up/test_dispatch/instances/native-cfcb44d635255d3a292d64d3af7a8daad31c33edcb3a5b6af5055867b6381bcd/build_bindings.jsonl,491f69eb5372373b0925915f52e99ab7eb9aa8e5cc607cb7ebec40a7d091ccb2,
native_test_L1_engine_v2_20260907-6a60a51-v6,unit-4c8d988f8e0e80cd16b0f38a1bc6d068,native-cfcb44d635255d3a292d64d3af7a8daad31c33edcb3a5b6af5055867b6381bcd,B3_AGENT_NATIVE,L0_target_only,r4,BUILD_FAILED,True,False,,/group/worldcept/code/SimAny/outputs/icra2027/20260907-4f5c745-v2/sim_recon_sim/scale_up/test_dispatch/instances/native-cfcb44d635255d3a292d64d3af7a8daad31c33edcb3a5b6af5055867b6381bcd/build_bindings.jsonl,491f69eb5372373b0925915f52e99ab7eb9aa8e5cc607cb7ebec40a7d091ccb2,
native_test_L1_engine_v2_20260907-6a60a51-v6,unit-440f181266b64442490537fd7ff3e681,native-cfcb44d635255d3a292d64d3af7a8daad31c33edcb3a5b6af5055867b6381bcd,B3_AGENT_NATIVE,L0_target_only,r5,BUILD_FAILED,True,False,,/group/worldcept/code/SimAny/outputs/icra2027/20260907-4f5c745-v2/sim_recon_sim/scale_up/test_dispatch/instances/native-cfcb44d635255d3a292d64d3af7a8daad31c33edcb3a5b6af5055867b6381bcd/build_bindings.jsonl,491f69eb5372373b0925915f52e99ab7eb9aa8e5cc607cb7ebec40a7d091ccb2,
native_test_L1_engine_v2_20260907-6a60a51-v6,unit-89b0bee7c9a66757dd072a08ca231aa2,native-cfcb44d635255d3a292d64d3af7a8daad31c33edcb3a5b6af5055867b6381bcd,B3_AGENT_NATIVE,L0_target_only,r6,BUILD_FAILED,True,False,,/group/worldcept/code/SimAny/outputs/icra2027/20260907-4f5c745-v2/sim_recon_sim/scale_up/test_dispatch/instances/native-cfcb44d635255d3a292d64d3af7a8daad31c33edcb3a5b6af5055867b6381bcd/build_bindings.jsonl,491f69eb5372373b0925915f52e99ab7eb9aa8e5cc607cb7ebec40a7d091ccb2,
native_test_L1_engine_v2_20260907-6a60a51-v6,unit-5e695bd52f767aab94239d039797e4f9,native-cfcb44d635255d3a292d64d3af7a8daad31c33edcb3a5b6af5055867b6381bcd,B3_AGENT_NATIVE,L0_target_only,r7,BUILD_FAILED,True,False,,/group/worldcept/code/SimAny/outputs/icra2027/20260907-4f5c745-v2/sim_recon_sim/scale_up/test_dispatch/instances/native-cfcb44d635255d3a292d64d3af7a8daad31c33edcb3a5b6af5055867b6381bcd/build_bindings.jsonl,491f69eb5372373b0925915f52e99ab7eb9aa8e5cc607cb7ebec40a7d091ccb2,
native_test_L1_engine_v2_20260907-6a60a51-v6,unit-937bdae692305f13480b7bc695e28701,native-cfcb44d635255d3a292d64d3af7a8daad31c33edcb3a5b6af5055867b6381bcd,B3_AGENT_NATIVE,L0_target_only,r8,BUILD_FAILED,True,False,,/group/worldcept/code/SimAny/outputs/icra2027/20260907-4f5c745-v2/sim_recon_sim/scale_up/test_dispatch/instances/native-cfcb44d635255d3a292d64d3af7a8daad31c33edcb3a5b6af5055867b6381bcd/build_bindings.jsonl,491f69eb5372373b0925915f52e99ab7eb9aa8e5cc607cb7ebec40a7d091ccb2,
native_test_L1_engine_v2_20260907-6a60a51-v6,unit-a8c1f25d4f599fb5ccdb86efed18dda0,native-cfcb44d635255d3a292d64d3af7a8daad31c33edcb3a5b6af5055867b6381bcd,B3_AGENT_NATIVE,L0_target_only,r9,BUILD_FAILED,True,False,,/group/worldcept/code/SimAny/outputs/icra2027/20260907-4f5c745-v2/sim_recon_sim/scale_up/test_dispatch/instances/native-cfcb44d635255d3a292d64d3af7a8daad31c33edcb3a5b6af5055867b6381bcd/build_bindings.jsonl,491f69eb5372373b0925915f52e99ab7eb9aa8e5cc607cb7ebec40a7d091ccb2,
native_test_L1_engine_v2_20260907-6a60a51-v6,unit-5ce9051aa69b1225dc4daa52f33ad096,native-16965d36aef6ce17e83f682a29a04213367b09e0443b5ee4495fdfb33da1d8e9,B3_AGENT_NATIVE,L0_target_only,r0,BUILD_FAILED,True,False,,/group/worldcept/code/SimAny/outputs/icra2027/20260907-4f5c745-v2/sim_recon_sim/scale_up/test_dispatch/instances/native-16965d36aef6ce17e83f682a29a04213367b09e0443b5ee4495fdfb33da1d8e9/build_bindings.jsonl,0241d53eb012e20613fab1ea7f093e42c64e89b6c78ecd1f1dce0b99cb4d8b25,
native_test_L1_engine_v2_20260907-6a60a51-v6,unit-e70c676f064b43ad73be377fc620986b,native-16965d36aef6ce17e83f682a29a04213367b09e0443b5ee4495fdfb33da1d8e9,B3_AGENT_NATIVE,L0_target_only,r1,BUILD_FAILED,True,False,,/group/worldcept/code/SimAny/outputs/icra2027/20260907-4f5c745-v2/sim_recon_sim/scale_up/test_dispatch/instances/native-16965d36aef6ce17e83f682a29a04213367b09e0443b5ee4495fdfb33da1d8e9/build_bindings.jsonl,0241d53eb012e20613fab1ea7f093e42c64e89b6c78ecd1f1dce0b99cb4d8b25,
native_test_L1_engine_v2_20260907-6a60a51-v6,unit-a6f3c43e39a683dcf6a4d645e864569c,native-16965d36aef6ce17e83f682a29a04213367b09e0443b5ee4495fdfb33da1d8e9,B3_AGENT_NATIVE,L0_target_only,r2,BUILD_FAILED,True,False,,/group/worldcept/code/SimAny/outputs/icra2027/20260907-4f5c745-v2/sim_recon_sim/scale_up/test_dispatch/instances/native-16965d36aef6ce17e83f682a29a04213367b09e0443b5ee4495fdfb33da1d8e9/build_bindings.jsonl,0241d53eb012e20613fab1ea7f093e42c64e89b6c78ecd1f1dce0b99cb4d8b25,
native_test_L1_engine_v2_20260907-6a60a51-v6,unit-975f7e32b06a5fa397150cd29b4798bc,native-16965d36aef6ce17e83f682a29a04213367b09e0443b5ee4495fdfb33da1d8e9,B3_AGENT_NATIVE,L0_target_only,r3,BUILD_FAILED,True,False,,/group/worldcept/code/SimAny/outputs/icra2027/20260907-4f5c745-v2/sim_recon_sim/scale_up/test_dispatch/instances/native-16965d36aef6ce17e83f682a29a04213367b09e0443b5ee4495fdfb33da1d8e9/build_bindings.jsonl,0241d53eb012e20613fab1ea7f093e42c64e89b6c78ecd1f1dce0b99cb4d8b25,
native_test_L1_engine_v2_20260907-6a60a51-v6,unit-79b9fe06da35ae7e8e90718649da6b39,native-16965d36aef6ce17e83f682a29a04213367b09e0443b5ee4495fdfb33da1d8e9,B3_AGENT_NATIVE,L0_target_only,r4,BUILD_FAILED,True,False,,/group/worldcept/code/SimAny/outputs/icra2027/20260907-4f5c745-v2/sim_recon_sim/scale_up/test_dispatch/instances/native-16965d36aef6ce17e83f682a29a04213367b09e0443b5ee4495fdfb33da1d8e9/build_bindings.jsonl,0241d53eb012e20613fab1ea7f093e42c64e89b6c78ecd1f1dce0b99cb4d8b25,
native_test_L1_engine_v2_20260907-6a60a51-v6,unit-af3efd0dab7a256f5f3db3bc7500c1c8,native-16965d36aef6ce17e83f682a29a04213367b09e0443b5ee4495fdfb33da1d8e9,B3_AGENT_NATIVE,L0_target_only,r5,BUILD_FAILED,True,False,,/group/worldcept/code/SimAny/outputs/icra2027/20260907-4f5c745-v2/sim_recon_sim/scale_up/test_dispatch/instances/native-16965d36aef6ce17e83f682a29a04213367b09e0443b5ee4495fdfb33da1d8e9/build_bindings.jsonl,0241d53eb012e20613fab1ea7f093e42c64e89b6c78ecd1f1dce0b99cb4d8b25,
native_test_L1_engine_v2_20260907-6a60a51-v6,unit-52f7128e337a2236cf57652972079133,native-16965d36aef6ce17e83f682a29a04213367b09e0443b5ee4495fdfb33da1d8e9,B3_AGENT_NATIVE,L0_target_only,r6,BUILD_FAILED,True,False,,/group/worldcept/code/SimAny/outputs/icra2027/20260907-4f5c745-v2/sim_recon_sim/scale_up/test_dispatch/instances/native-16965d36aef6ce17e83f682a29a04213367b09e0443b5ee4495fdfb33da1d8e9/build_bindings.jsonl,0241d53eb012e20613fab1ea7f093e42c64e89b6c78ecd1f1dce0b99cb4d8b25,
native_test_L1_engine_v2_20260907-6a60a51-v6,unit-2f8c829ee294514aa1c660473c9deb00,native-16965d36aef6ce17e83f682a29a04213367b09e0443b5ee4495fdfb33da1d8e9,B3_AGENT_NATIVE,L0_target_only,r7,BUILD_FAILED,True,False,,/group/worldcept/code/SimAny/outputs/icra2027/20260907-4f5c745-v2/sim_recon_sim/scale_up/test_dispatch/instances/native-16965d36aef6ce17e83f682a29a04213367b09e0443b5ee4495fdfb33da1d8e9/build_bindings.jsonl,0241d53eb012e20613fab1ea7f093e42c64e89b6c78ecd1f1dce0b99cb4d8b25,
native_test_L1_engine_v2_20260907-6a60a51-v6,unit-fd0a741cf9d08a70fe891230b454c188,native-16965d36aef6ce17e83f682a29a04213367b09e0443b5ee4495fdfb33da1d8e9,B3_AGENT_NATIVE,L0_target_only,r8,BUILD_FAILED,True,False,,/group/worldcept/code/SimAny/outputs/icra2027/20260907-4f5c745-v2/sim_recon_sim/scale_up/test_dispatch/instances/native-16965d36aef6ce17e83f682a29a04213367b09e0443b5ee4495fdfb33da1d8e9/build_bindings.jsonl,0241d53eb012e20613fab1ea7f093e42c64e89b6c78ecd1f1dce0b99cb4d8b25,
native_test_L1_engine_v2_20260907-6a60a51-v6,unit-4154522a1cfa4a0d5be5276504743782,native-16965d36aef6ce17e83f682a29a04213367b09e0443b5ee4495fdfb33da1d8e9,B3_AGENT_NATIVE,L0_target_only,r9,BUILD_FAILED,True,False,,/group/worldcept/code/SimAny/outputs/icra2027/20260907-4f5c745-v2/sim_recon_sim/scale_up/test_dispatch/instances/native-16965d36aef6ce17e83f682a29a04213367b09e0443b5ee4495fdfb33da1d8e9/build_bindings.jsonl,0241d53eb012e20613fab1ea7f093e42c64e89b6c78ecd1f1dce0b99cb4d8b25,
native_test_L1_engine_v2_20260907-6a60a51-v6,unit-7979d26b6174c5a19b110bc5b64d81da,native-ca01034d4dab28f6b97bf687b9052888004f9b0cba85f63c70ee47f4683a1864,B3_AGENT_NATIVE,L0_target_only,r0,NOT_SCHEDULED,False,,,,,
native_test_L1_engine_v2_20260907-6a60a51-v6,unit-c1450bcdaf757b034c3a1fcd171d8b3a,native-ca01034d4dab28f6b97bf687b9052888004f9b0cba85f63c70ee47f4683a1864,B3_AGENT_NATIVE,L0_target_only,r1,NOT_SCHEDULED,False,,,,,
native_test_L1_engine_v2_20260907-6a60a51-v6,unit-96221f0e2fbb70d2c96a9ef9f73b4b6e,native-ca01034d4dab28f6b97bf687b9052888004f9b0cba85f63c70ee47f4683a1864,B3_AGENT_NATIVE,L0_target_only,r2,NOT_SCHEDULED,False,,,,,
native_test_L1_engine_v2_20260907-6a60a51-v6,unit-3e977067b06094dfc388a2a96231fe4f,native-ca01034d4dab28f6b97bf687b9052888004f9b0cba85f63c70ee47f4683a1864,B3_AGENT_NATIVE,L0_target_only,r3,NOT_SCHEDULED,False,,,,,
native_test_L1_engine_v2_20260907-6a60a51-v6,unit-01c84170e89b757937211207196a0a84,native-ca01034d4dab28f6b97bf687b9052888004f9b0cba85f63c70ee47f4683a1864,B3_AGENT_NATIVE,L0_target_only,r4,NOT_SCHEDULED,False,,,,,
native_test_L1_engine_v2_20260907-6a60a51-v6,unit-46ce048b111b7d0d03415a3e042a9d22,native-ca01034d4dab28f6b97bf687b9052888004f9b0cba85f63c70ee47f4683a1864,B3_AGENT_NATIVE,L0_target_only,r5,NOT_SCHEDULED,False,,,,,
native_test_L1_engine_v2_20260907-6a60a51-v6,unit-a99b20ab5e9099c4c5c157ace6d6e808,native-ca01034d4dab28f6b97bf687b9052888004f9b0cba85f63c70ee47f4683a1864,B3_AGENT_NATIVE,L0_target_only,r6,NOT_SCHEDULED,False,,,,,
native_test_L1_engine_v2_20260907-6a60a51-v6,unit-6f3e0ad4cf734d7cb3e4cb41bc13041f,native-ca01034d4dab28f6b97bf687b9052888004f9b0cba85f63c70ee47f4683a1864,B3_AGENT_NATIVE,L0_target_only,r7,NOT_SCHEDULED,False,,,,,
native_test_L1_engine_v2_20260907-6a60a51-v6,unit-84cb4924a7b97986cea63418641649bd,native-ca01034d4dab28f6b97bf687b9052888004f9b0cba85f63c70ee47f4683a1864,B3_AGENT_NATIVE,L0_target_only,r8,NOT_SCHEDULED,False,,,,,
native_test_L1_engine_v2_20260907-6a60a51-v6,unit-0e20265fa3c56fa980ab88d7f84f416b,native-ca01034d4dab28f6b97bf687b9052888004f9b0cba85f63c70ee47f4683a1864,B3_AGENT_NATIVE,L0_target_only,r9,NOT_SCHEDULED,False,,,,,
native_test_L1_engine_v2_20260907-6a60a51-v6,unit-87a36ca2a62d559d94dcb0a68f854322,native-13f5298a0fba7dcbc205c0858fd4b893535887e84a1dda9ac1f00ede52742d30,B3_AGENT_NATIVE,L0_target_only,r0,NOT_SCHEDULED,False,,,,,
native_test_L1_engine_v2_20260907-6a60a51-v6,unit-fe35a7f07f5e3776d1b85de0687d81ba,native-13f5298a0fba7dcbc205c0858fd4b893535887e84a1dda9ac1f00ede52742d30,B3_AGENT_NATIVE,L0_target_only,r1,NOT_SCHEDULED,False,,,,,
native_test_L1_engine_v2_20260907-6a60a51-v6,unit-f78a3fb28d311665679043d5c1a1151a,native-13f5298a0fba7dcbc205c0858fd4b893535887e84a1dda9ac1f00ede52742d30,B3_AGENT_NATIVE,L0_target_only,r2,NOT_SCHEDULED,False,,,,,
native_test_L1_engine_v2_20260907-6a60a51-v6,unit-ab675a192d2d07eca5e250ddf7ed4b4d,native-13f5298a0fba7dcbc205c0858fd4b893535887e84a1dda9ac1f00ede52742d30,B3_AGENT_NATIVE,L0_target_only,r3,NOT_SCHEDULED,False,,,,,
native_test_L1_engine_v2_20260907-6a60a51-v6,unit-f545d073b78c69518fa264d34b3f3b53,native-13f5298a0fba7dcbc205c0858fd4b893535887e84a1dda9ac1f00ede52742d30,B3_AGENT_NATIVE,L0_target_only,r4,NOT_SCHEDULED,False,,,,,
native_test_L1_engine_v2_20260907-6a60a51-v6,unit-f65048aec2c62eddca296fe65f8c33fe,native-13f5298a0fba7dcbc205c0858fd4b893535887e84a1dda9ac1f00ede52742d30,B3_AGENT_NATIVE,L0_target_only,r5,NOT_SCHEDULED,False,,,,,
native_test_L1_engine_v2_20260907-6a60a51-v6,unit-24fe97c9ddd7ab59c12278fe7c65a1bf,native-13f5298a0fba7dcbc205c0858fd4b893535887e84a1dda9ac1f00ede52742d30,B3_AGENT_NATIVE,L0_target_only,r6,NOT_SCHEDULED,False,,,,,
native_test_L1_engine_v2_20260907-6a60a51-v6,unit-8ace92c37f56209f9c7a07c97781d8cc,native-13f5298a0fba7dcbc205c0858fd4b893535887e84a1dda9ac1f00ede52742d30,B3_AGENT_NATIVE,L0_target_only,r7,NOT_SCHEDULED,False,,,,,
native_test_L1_engine_v2_20260907-6a60a51-v6,unit-d93d6e9bd5ae0729c080a621e5f61fcd,native-13f5298a0fba7dcbc205c0858fd4b893535887e84a1dda9ac1f00ede52742d30,B3_AGENT_NATIVE,L0_target_only,r8,NOT_SCHEDULED,False,,,,,
native_test_L1_engine_v2_20260907-6a60a51-v6,unit-9bf55bab615ef3e612a18eac7737ba78,native-13f5298a0fba7dcbc205c0858fd4b893535887e84a1dda9ac1f00ede52742d30,B3_AGENT_NATIVE,L0_target_only,r9,NOT_SCHEDULED,False,,,,,
native_test_L1_engine_v2_20260907-6a60a51-v6,unit-edb12624061dd58103d6dd18d86ae3bd,native-29385b26f4a5c4b4a50eb708dff767aff9483f106e4b2e03e92043eab6e43ba3,B3_AGENT_NATIVE,L0_target_only,r0,NOT_SCHEDULED,False,,,,,
native_test_L1_engine_v2_20260907-6a60a51-v6,unit-532bd11213893ca28cbac73d20d95939,native-29385b26f4a5c4b4a50eb708dff767aff9483f106e4b2e03e92043eab6e43ba3,B3_AGENT_NATIVE,L0_target_only,r1,NOT_SCHEDULED,False,,,,,
native_test_L1_engine_v2_20260907-6a60a51-v6,unit-0d394c24d05cc60ab0a743ad62a11efe,native-29385b26f4a5c4b4a50eb708dff767aff9483f106e4b2e03e92043eab6e43ba3,B3_AGENT_NATIVE,L0_target_only,r2,NOT_SCHEDULED,False,,,,,
native_test_L1_engine_v2_20260907-6a60a51-v6,unit-7b7f536130bdf7ff5e7cf57fe9e110ae,native-29385b26f4a5c4b4a50eb708dff767aff9483f106e4b2e03e92043eab6e43ba3,B3_AGENT_NATIVE,L0_target_only,r3,NOT_SCHEDULED,False,,,,,
native_test_L1_engine_v2_20260907-6a60a51-v6,unit-768d5d6bccee6b89b9450fa703af7b06,native-29385b26f4a5c4b4a50eb708dff767aff9483f106e4b2e03e92043eab6e43ba3,B3_AGENT_NATIVE,L0_target_only,r4,NOT_SCHEDULED,False,,,,,
native_test_L1_engine_v2_20260907-6a60a51-v6,unit-2c059c18044d1e126aec872c35502c22,native-29385b26f4a5c4b4a50eb708dff767aff9483f106e4b2e03e92043eab6e43ba3,B3_AGENT_NATIVE,L0_target_only,r5,NOT_SCHEDULED,False,,,,,
native_test_L1_engine_v2_20260907-6a60a51-v6,unit-7a06eba9b90de49ececbba1d0ca51a2f,native-29385b26f4a5c4b4a50eb708dff767aff9483f106e4b2e03e92043eab6e43ba3,B3_AGENT_NATIVE,L0_target_only,r6,NOT_SCHEDULED,False,,,,,
native_test_L1_engine_v2_20260907-6a60a51-v6,unit-2867673e477b8aeb6396cdd44576202a,native-29385b26f4a5c4b4a50eb708dff767aff9483f106e4b2e03e92043eab6e43ba3,B3_AGENT_NATIVE,L0_target_only,r7,NOT_SCHEDULED,False,,,,,
native_test_L1_engine_v2_20260907-6a60a51-v6,unit-7859a38c840f675a5aac8398bd886c4e,native-29385b26f4a5c4b4a50eb708dff767aff9483f106e4b2e03e92043eab6e43ba3,B3_AGENT_NATIVE,L0_target_only,r8,NOT_SCHEDULED,False,,,,,
native_test_L1_engine_v2_20260907-6a60a51-v6,unit-7c8496afb6e71e149971866243604188,native-29385b26f4a5c4b4a50eb708dff767aff9483f106e4b2e03e92043eab6e43ba3,B3_AGENT_NATIVE,L0_target_only,r9,NOT_SCHEDULED,False,,,,,
native_test_L1_engine_v2_20260907-6a60a51-v6,unit-a9f81838e55dabc906057c129aa42f29,native-bc62c163118295cb959755287ab4eaf5b5c8208e9987a8e3ea4bc03631fb21fb,B4_ROOM_REPAIR_NATIVE,L0_target_only,r0,ABSTAINED,True,False,,/group/worldcept/code/SimAny/outputs/icra2027/20260907-4f5c745-v2/sim_recon_sim/scale_up/test_dispatch/instances/native-bc62c163118295cb959755287ab4eaf5b5c8208e9987a8e3ea4bc03631fb21fb/build_bindings.jsonl,1e24e0e65f198f3c85f0daaeaee1198748e2b737610a80c7249ec3ac8fe7076a,
native_test_L1_engine_v2_20260907-6a60a51-v6,unit-4e8ca33a637330b9c394e14aad1738d8,native-bc62c163118295cb959755287ab4eaf5b5c8208e9987a8e3ea4bc03631fb21fb,B4_ROOM_REPAIR_NATIVE,L0_target_only,r1,ABSTAINED,True,False,,/group/worldcept/code/SimAny/outputs/icra2027/20260907-4f5c745-v2/sim_recon_sim/scale_up/test_dispatch/instances/native-bc62c163118295cb959755287ab4eaf5b5c8208e9987a8e3ea4bc03631fb21fb/build_bindings.jsonl,1e24e0e65f198f3c85f0daaeaee1198748e2b737610a80c7249ec3ac8fe7076a,
native_test_L1_engine_v2_20260907-6a60a51-v6,unit-578c055eb83bd281b3cdf6076af5fd9e,native-bc62c163118295cb959755287ab4eaf5b5c8208e9987a8e3ea4bc03631fb21fb,B4_ROOM_REPAIR_NATIVE,L0_target_only,r2,ABSTAINED,True,False,,/group/worldcept/code/SimAny/outputs/icra2027/20260907-4f5c745-v2/sim_recon_sim/scale_up/test_dispatch/instances/native-bc62c163118295cb959755287ab4eaf5b5c8208e9987a8e3ea4bc03631fb21fb/build_bindings.jsonl,1e24e0e65f198f3c85f0daaeaee1198748e2b737610a80c7249ec3ac8fe7076a,
native_test_L1_engine_v2_20260907-6a60a51-v6,unit-61427ef31417857126647a04dd5dda32,native-bc62c163118295cb959755287ab4eaf5b5c8208e9987a8e3ea4bc03631fb21fb,B4_ROOM_REPAIR_NATIVE,L0_target_only,r3,ABSTAINED,True,False,,/group/worldcept/code/SimAny/outputs/icra2027/20260907-4f5c745-v2/sim_recon_sim/scale_up/test_dispatch/instances/native-bc62c163118295cb959755287ab4eaf5b5c8208e9987a8e3ea4bc03631fb21fb/build_bindings.jsonl,1e24e0e65f198f3c85f0daaeaee1198748e2b737610a80c7249ec3ac8fe7076a,
native_test_L1_engine_v2_20260907-6a60a51-v6,unit-d70a871995971edc9857b7db9ffcf457,native-bc62c163118295cb959755287ab4eaf5b5c8208e9987a8e3ea4bc03631fb21fb,B4_ROOM_REPAIR_NATIVE,L0_target_only,r4,ABSTAINED,True,False,,/group/worldcept/code/SimAny/outputs/icra2027/20260907-4f5c745-v2/sim_recon_sim/scale_up/test_dispatch/instances/native-bc62c163118295cb959755287ab4eaf5b5c8208e9987a8e3ea4bc03631fb21fb/build_bindings.jsonl,1e24e0e65f198f3c85f0daaeaee1198748e2b737610a80c7249ec3ac8fe7076a,
native_test_L1_engine_v2_20260907-6a60a51-v6,unit-fd8328f82f151c0df9775b4fdb05a319,native-bc62c163118295cb959755287ab4eaf5b5c8208e9987a8e3ea4bc03631fb21fb,B4_ROOM_REPAIR_NATIVE,L0_target_only,r5,ABSTAINED,True,False,,/group/worldcept/code/SimAny/outputs/icra2027/20260907-4f5c745-v2/sim_recon_sim/scale_up/test_dispatch/instances/native-bc62c163118295cb959755287ab4eaf5b5c8208e9987a8e3ea4bc03631fb21fb/build_bindings.jsonl,1e24e0e65f198f3c85f0daaeaee1198748e2b737610a80c7249ec3ac8fe7076a,
native_test_L1_engine_v2_20260907-6a60a51-v6,unit-4381be10044850ce65f71c533097ea71,native-bc62c163118295cb959755287ab4eaf5b5c8208e9987a8e3ea4bc03631fb21fb,B4_ROOM_REPAIR_NATIVE,L0_target_only,r6,ABSTAINED,True,False,,/group/worldcept/code/SimAny/outputs/icra2027/20260907-4f5c745-v2/sim_recon_sim/scale_up/test_dispatch/instances/native-bc62c163118295cb959755287ab4eaf5b5c8208e9987a8e3ea4bc03631fb21fb/build_bindings.jsonl,1e24e0e65f198f3c85f0daaeaee1198748e2b737610a80c7249ec3ac8fe7076a,
native_test_L1_engine_v2_20260907-6a60a51-v6,unit-751aada24111a7b6730610904c55705d,native-bc62c163118295cb959755287ab4eaf5b5c8208e9987a8e3ea4bc03631fb21fb,B4_ROOM_REPAIR_NATIVE,L0_target_only,r7,ABSTAINED,True,False,,/group/worldcept/code/SimAny/outputs/icra2027/20260907-4f5c745-v2/sim_recon_sim/scale_up/test_dispatch/instances/native-bc62c163118295cb959755287ab4eaf5b5c8208e9987a8e3ea4bc03631fb21fb/build_bindings.jsonl,1e24e0e65f198f3c85f0daaeaee1198748e2b737610a80c7249ec3ac8fe7076a,
native_test_L1_engine_v2_20260907-6a60a51-v6,unit-f782d22556f01a7af30cfc0e8b5b89d9,native-bc62c163118295cb959755287ab4eaf5b5c8208e9987a8e3ea4bc03631fb21fb,B4_ROOM_REPAIR_NATIVE,L0_target_only,r8,ABSTAINED,True,False,,/group/worldcept/code/SimAny/outputs/icra2027/20260907-4f5c745-v2/sim_recon_sim/scale_up/test_dispatch/instances/native-bc62c163118295cb959755287ab4eaf5b5c8208e9987a8e3ea4bc03631fb21fb/build_bindings.jsonl,1e24e0e65f198f3c85f0daaeaee1198748e2b737610a80c7249ec3ac8fe7076a,
native_test_L1_engine_v2_20260907-6a60a51-v6,unit-e9112f1debd541611cdba9e5860ced95,native-bc62c163118295cb959755287ab4eaf5b5c8208e9987a8e3ea4bc03631fb21fb,B4_ROOM_REPAIR_NATIVE,L0_target_only,r9,ABSTAINED,True,False,,/group/worldcept/code/SimAny/outputs/icra2027/20260907-4f5c745-v2/sim_recon_sim/scale_up/test_dispatch/instances/native-bc62c163118295cb959755287ab4eaf5b5c8208e9987a8e3ea4bc03631fb21fb/build_bindings.jsonl,1e24e0e65f198f3c85f0daaeaee1198748e2b737610a80c7249ec3ac8fe7076a,
native_test_L1_engine_v2_20260907-6a60a51-v6,unit-b939aa9e3716a72f4fe46b4873f9a2c0,native-5644ccc3513a6015e787e9698468b719ec757ef7f59f908364289d80673fa474,B4_ROOM_REPAIR_NATIVE,L0_target_only,r0,NOT_SCHEDULED,False,,,,,
native_test_L1_engine_v2_20260907-6a60a51-v6,unit-f276c26626f3d5dc0e0d0054ab16fc9e,native-5644ccc3513a6015e787e9698468b719ec757ef7f59f908364289d80673fa474,B4_ROOM_REPAIR_NATIVE,L0_target_only,r1,NOT_SCHEDULED,False,,,,,
native_test_L1_engine_v2_20260907-6a60a51-v6,unit-2273f0d91c5af2d7c718bd501c6f613c,native-5644ccc3513a6015e787e9698468b719ec757ef7f59f908364289d80673fa474,B4_ROOM_REPAIR_NATIVE,L0_target_only,r2,NOT_SCHEDULED,False,,,,,
native_test_L1_engine_v2_20260907-6a60a51-v6,unit-37d18388528d96d54176cf6bfc3de6a5,native-5644ccc3513a6015e787e9698468b719ec757ef7f59f908364289d80673fa474,B4_ROOM_REPAIR_NATIVE,L0_target_only,r3,NOT_SCHEDULED,False,,,,,
native_test_L1_engine_v2_20260907-6a60a51-v6,unit-0004a8089aa8ac1d3e555439ad0bd326,native-5644ccc3513a6015e787e9698468b719ec757ef7f59f908364289d80673fa474,B4_ROOM_REPAIR_NATIVE,L0_target_only,r4,NOT_SCHEDULED,False,,,,,
native_test_L1_engine_v2_20260907-6a60a51-v6,unit-adb48ded7a380a614ea792c43ebd080c,native-5644ccc3513a6015e787e9698468b719ec757ef7f59f908364289d80673fa474,B4_ROOM_REPAIR_NATIVE,L0_target_only,r5,NOT_SCHEDULED,False,,,,,
native_test_L1_engine_v2_20260907-6a60a51-v6,unit-34465e4fa2ce91dbe8e2c77b20f65f57,native-5644ccc3513a6015e787e9698468b719ec757ef7f59f908364289d80673fa474,B4_ROOM_REPAIR_NATIVE,L0_target_only,r6,NOT_SCHEDULED,False,,,,,
native_test_L1_engine_v2_20260907-6a60a51-v6,unit-7d7b015221d8a4206f3174dffbe8f4bf,native-5644ccc3513a6015e787e9698468b719ec757ef7f59f908364289d80673fa474,B4_ROOM_REPAIR_NATIVE,L0_target_only,r7,NOT_SCHEDULED,False,,,,,
native_test_L1_engine_v2_20260907-6a60a51-v6,unit-4ae026ca180eb96290426e9aa49ae636,native-5644ccc3513a6015e787e9698468b719ec757ef7f59f908364289d80673fa474,B4_ROOM_REPAIR_NATIVE,L0_target_only,r8,NOT_SCHEDULED,False,,,,,
native_test_L1_engine_v2_20260907-6a60a51-v6,unit-920561845d213f26885527167ecda9f0,native-5644ccc3513a6015e787e9698468b719ec757ef7f59f908364289d80673fa474,B4_ROOM_REPAIR_NATIVE,L0_target_only,r9,NOT_SCHEDULED,False,,,,,
native_test_L1_engine_v2_20260907-6a60a51-v6,unit-b13fdef1374e2408d7967f6189d1c5a2,native-6472a1eb5d52a97d7b657b6e4ded936f32701d9b9fdeaebe7ff8478f571eac77,B4_ROOM_REPAIR_NATIVE,L0_target_only,r0,BUILD_FAILED,True,False,,/group/worldcept/code/SimAny/outputs/icra2027/20260907-4f5c745-v2/sim_recon_sim/scale_up/test_dispatch/instances/native-6472a1eb5d52a97d7b657b6e4ded936f32701d9b9fdeaebe7ff8478f571eac77/build_bindings.jsonl,0f6b382c26ce0ea49854c019095b5931acecffa9976dc4810b03ac264a943dc2,
native_test_L1_engine_v2_20260907-6a60a51-v6,unit-adc6906dc1d06a224a315540e77f11a3,native-6472a1eb5d52a97d7b657b6e4ded936f32701d9b9fdeaebe7ff8478f571eac77,B4_ROOM_REPAIR_NATIVE,L0_target_only,r1,BUILD_FAILED,True,False,,/group/worldcept/code/SimAny/outputs/icra2027/20260907-4f5c745-v2/sim_recon_sim/scale_up/test_dispatch/instances/native-6472a1eb5d52a97d7b657b6e4ded936f32701d9b9fdeaebe7ff8478f571eac77/build_bindings.jsonl,0f6b382c26ce0ea49854c019095b5931acecffa9976dc4810b03ac264a943dc2,
native_test_L1_engine_v2_20260907-6a60a51-v6,unit-7ecbd4bd353ff68fb68915801315ec6d,native-6472a1eb5d52a97d7b657b6e4ded936f32701d9b9fdeaebe7ff8478f571eac77,B4_ROOM_REPAIR_NATIVE,L0_target_only,r2,BUILD_FAILED,True,False,,/group/worldcept/code/SimAny/outputs/icra2027/20260907-4f5c745-v2/sim_recon_sim/scale_up/test_dispatch/instances/native-6472a1eb5d52a97d7b657b6e4ded936f32701d9b9fdeaebe7ff8478f571eac77/build_bindings.jsonl,0f6b382c26ce0ea49854c019095b5931acecffa9976dc4810b03ac264a943dc2,
native_test_L1_engine_v2_20260907-6a60a51-v6,unit-e68b4e4a8f93a69f89186d34630199b8,native-6472a1eb5d52a97d7b657b6e4ded936f32701d9b9fdeaebe7ff8478f571eac77,B4_ROOM_REPAIR_NATIVE,L0_target_only,r3,BUILD_FAILED,True,False,,/group/worldcept/code/SimAny/outputs/icra2027/20260907-4f5c745-v2/sim_recon_sim/scale_up/test_dispatch/instances/native-6472a1eb5d52a97d7b657b6e4ded936f32701d9b9fdeaebe7ff8478f571eac77/build_bindings.jsonl,0f6b382c26ce0ea49854c019095b5931acecffa9976dc4810b03ac264a943dc2,
native_test_L1_engine_v2_20260907-6a60a51-v6,unit-a7bf918575fa5c68b5b1510dc4cebfde,native-6472a1eb5d52a97d7b657b6e4ded936f32701d9b9fdeaebe7ff8478f571eac77,B4_ROOM_REPAIR_NATIVE,L0_target_only,r4,BUILD_FAILED,True,False,,/group/worldcept/code/SimAny/outputs/icra2027/20260907-4f5c745-v2/sim_recon_sim/scale_up/test_dispatch/instances/native-6472a1eb5d52a97d7b657b6e4ded936f32701d9b9fdeaebe7ff8478f571eac77/build_bindings.jsonl,0f6b382c26ce0ea49854c019095b5931acecffa9976dc4810b03ac264a943dc2,
native_test_L1_engine_v2_20260907-6a60a51-v6,unit-b58956fec5059416b138219b531d0a73,native-6472a1eb5d52a97d7b657b6e4ded936f32701d9b9fdeaebe7ff8478f571eac77,B4_ROOM_REPAIR_NATIVE,L0_target_only,r5,BUILD_FAILED,True,False,,/group/worldcept/code/SimAny/outputs/icra2027/20260907-4f5c745-v2/sim_recon_sim/scale_up/test_dispatch/instances/native-6472a1eb5d52a97d7b657b6e4ded936f32701d9b9fdeaebe7ff8478f571eac77/build_bindings.jsonl,0f6b382c26ce0ea49854c019095b5931acecffa9976dc4810b03ac264a943dc2,
native_test_L1_engine_v2_20260907-6a60a51-v6,unit-8ab43ed133a180969c2a235d6a48c82d,native-6472a1eb5d52a97d7b657b6e4ded936f32701d9b9fdeaebe7ff8478f571eac77,B4_ROOM_REPAIR_NATIVE,L0_target_only,r6,BUILD_FAILED,True,False,,/group/worldcept/code/SimAny/outputs/icra2027/20260907-4f5c745-v2/sim_recon_sim/scale_up/test_dispatch/instances/native-6472a1eb5d52a97d7b657b6e4ded936f32701d9b9fdeaebe7ff8478f571eac77/build_bindings.jsonl,0f6b382c26ce0ea49854c019095b5931acecffa9976dc4810b03ac264a943dc2,
native_test_L1_engine_v2_20260907-6a60a51-v6,unit-fa3070387a9a02661d3b78d0f95105ab,native-6472a1eb5d52a97d7b657b6e4ded936f32701d9b9fdeaebe7ff8478f571eac77,B4_ROOM_REPAIR_NATIVE,L0_target_only,r7,BUILD_FAILED,True,False,,/group/worldcept/code/SimAny/outputs/icra2027/20260907-4f5c745-v2/sim_recon_sim/scale_up/test_dispatch/instances/native-6472a1eb5d52a97d7b657b6e4ded936f32701d9b9fdeaebe7ff8478f571eac77/build_bindings.jsonl,0f6b382c26ce0ea49854c019095b5931acecffa9976dc4810b03ac264a943dc2,
native_test_L1_engine_v2_20260907-6a60a51-v6,unit-154051028666306598f6460a5207bca0,native-6472a1eb5d52a97d7b657b6e4ded936f32701d9b9fdeaebe7ff8478f571eac77,B4_ROOM_REPAIR_NATIVE,L0_target_only,r8,BUILD_FAILED,True,False,,/group/worldcept/code/SimAny/outputs/icra2027/20260907-4f5c745-v2/sim_recon_sim/scale_up/test_dispatch/instances/native-6472a1eb5d52a97d7b657b6e4ded936f32701d9b9fdeaebe7ff8478f571eac77/build_bindings.jsonl,0f6b382c26ce0ea49854c019095b5931acecffa9976dc4810b03ac264a943dc2,
native_test_L1_engine_v2_20260907-6a60a51-v6,unit-1b594056f6cbdf19f54290d67ed71340,native-6472a1eb5d52a97d7b657b6e4ded936f32701d9b9fdeaebe7ff8478f571eac77,B4_ROOM_REPAIR_NATIVE,L0_target_only,r9,BUILD_FAILED,True,False,,/group/worldcept/code/SimAny/outputs/icra2027/20260907-4f5c745-v2/sim_recon_sim/scale_up/test_dispatch/instances/native-6472a1eb5d52a97d7b657b6e4ded936f32701d9b9fdeaebe7ff8478f571eac77/build_bindings.jsonl,0f6b382c26ce0ea49854c019095b5931acecffa9976dc4810b03ac264a943dc2,
native_test_L1_engine_v2_20260907-6a60a51-v6,unit-5a565dc7be73ee1b4051695bbc2c9117,native-5683112f9a83449e494300495db2a9d00260e6d219171ccfc787a7f0d62c8504,B4_ROOM_REPAIR_NATIVE,L0_target_only,r0,BUILD_FAILED,True,False,,/group/worldcept/code/SimAny/outputs/icra2027/20260907-4f5c745-v2/sim_recon_sim/scale_up/test_dispatch/instances/native-5683112f9a83449e494300495db2a9d00260e6d219171ccfc787a7f0d62c8504/build_bindings.jsonl,0dd939e000492b129ee6728eda07a7c8b8bef7aa209291ea692374a3dd3d96d3,
native_test_L1_engine_v2_20260907-6a60a51-v6,unit-2e5c6234cd7b98cb8d33331e9a2e89f9,native-5683112f9a83449e494300495db2a9d00260e6d219171ccfc787a7f0d62c8504,B4_ROOM_REPAIR_NATIVE,L0_target_only,r1,BUILD_FAILED,True,False,,/group/worldcept/code/SimAny/outputs/icra2027/20260907-4f5c745-v2/sim_recon_sim/scale_up/test_dispatch/instances/native-5683112f9a83449e494300495db2a9d00260e6d219171ccfc787a7f0d62c8504/build_bindings.jsonl,0dd939e000492b129ee6728eda07a7c8b8bef7aa209291ea692374a3dd3d96d3,
native_test_L1_engine_v2_20260907-6a60a51-v6,unit-a820acf4fbc28fcccdb3e30da97a178d,native-5683112f9a83449e494300495db2a9d00260e6d219171ccfc787a7f0d62c8504,B4_ROOM_REPAIR_NATIVE,L0_target_only,r2,BUILD_FAILED,True,False,,/group/worldcept/code/SimAny/outputs/icra2027/20260907-4f5c745-v2/sim_recon_sim/scale_up/test_dispatch/instances/native-5683112f9a83449e494300495db2a9d00260e6d219171ccfc787a7f0d62c8504/build_bindings.jsonl,0dd939e000492b129ee6728eda07a7c8b8bef7aa209291ea692374a3dd3d96d3,
native_test_L1_engine_v2_20260907-6a60a51-v6,unit-aab78497b8502c3f1a86fa66c655eb47,native-5683112f9a83449e494300495db2a9d00260e6d219171ccfc787a7f0d62c8504,B4_ROOM_REPAIR_NATIVE,L0_target_only,r3,BUILD_FAILED,True,False,,/group/worldcept/code/SimAny/outputs/icra2027/20260907-4f5c745-v2/sim_recon_sim/scale_up/test_dispatch/instances/native-5683112f9a83449e494300495db2a9d00260e6d219171ccfc787a7f0d62c8504/build_bindings.jsonl,0dd939e000492b129ee6728eda07a7c8b8bef7aa209291ea692374a3dd3d96d3,
native_test_L1_engine_v2_20260907-6a60a51-v6,unit-b06aea6cf7d5f65f514bd27f37f71e54,native-5683112f9a83449e494300495db2a9d00260e6d219171ccfc787a7f0d62c8504,B4_ROOM_REPAIR_NATIVE,L0_target_only,r4,BUILD_FAILED,True,False,,/group/worldcept/code/SimAny/outputs/icra2027/20260907-4f5c745-v2/sim_recon_sim/scale_up/test_dispatch/instances/native-5683112f9a83449e494300495db2a9d00260e6d219171ccfc787a7f0d62c8504/build_bindings.jsonl,0dd939e000492b129ee6728eda07a7c8b8bef7aa209291ea692374a3dd3d96d3,
native_test_L1_engine_v2_20260907-6a60a51-v6,unit-68bfb921faafb185bbba0e9930efd744,native-5683112f9a83449e494300495db2a9d00260e6d219171ccfc787a7f0d62c8504,B4_ROOM_REPAIR_NATIVE,L0_target_only,r5,BUILD_FAILED,True,False,,/group/worldcept/code/SimAny/outputs/icra2027/20260907-4f5c745-v2/sim_recon_sim/scale_up/test_dispatch/instances/native-5683112f9a83449e494300495db2a9d00260e6d219171ccfc787a7f0d62c8504/build_bindings.jsonl,0dd939e000492b129ee6728eda07a7c8b8bef7aa209291ea692374a3dd3d96d3,
native_test_L1_engine_v2_20260907-6a60a51-v6,unit-637344a73c941b703b978f12135ad280,native-5683112f9a83449e494300495db2a9d00260e6d219171ccfc787a7f0d62c8504,B4_ROOM_REPAIR_NATIVE,L0_target_only,r6,BUILD_FAILED,True,False,,/group/worldcept/code/SimAny/outputs/icra2027/20260907-4f5c745-v2/sim_recon_sim/scale_up/test_dispatch/instances/native-5683112f9a83449e494300495db2a9d00260e6d219171ccfc787a7f0d62c8504/build_bindings.jsonl,0dd939e000492b129ee6728eda07a7c8b8bef7aa209291ea692374a3dd3d96d3,
native_test_L1_engine_v2_20260907-6a60a51-v6,unit-e582d162d8aa4fe497c37dc81d686f81,native-5683112f9a83449e494300495db2a9d00260e6d219171ccfc787a7f0d62c8504,B4_ROOM_REPAIR_NATIVE,L0_target_only,r7,BUILD_FAILED,True,False,,/group/worldcept/code/SimAny/outputs/icra2027/20260907-4f5c745-v2/sim_recon_sim/scale_up/test_dispatch/instances/native-5683112f9a83449e494300495db2a9d00260e6d219171ccfc787a7f0d62c8504/build_bindings.jsonl,0dd939e000492b129ee6728eda07a7c8b8bef7aa209291ea692374a3dd3d96d3,
native_test_L1_engine_v2_20260907-6a60a51-v6,unit-7c8943cce0ac02e5e808fddbe9bf971d,native-5683112f9a83449e494300495db2a9d00260e6d219171ccfc787a7f0d62c8504,B4_ROOM_REPAIR_NATIVE,L0_target_only,r8,BUILD_FAILED,True,False,,/group/worldcept/code/SimAny/outputs/icra2027/20260907-4f5c745-v2/sim_recon_sim/scale_up/test_dispatch/instances/native-5683112f9a83449e494300495db2a9d00260e6d219171ccfc787a7f0d62c8504/build_bindings.jsonl,0dd939e000492b129ee6728eda07a7c8b8bef7aa209291ea692374a3dd3d96d3,
native_test_L1_engine_v2_20260907-6a60a51-v6,unit-081d30057fbc4c1a38624643f0cc900f,native-5683112f9a83449e494300495db2a9d00260e6d219171ccfc787a7f0d62c8504,B4_ROOM_REPAIR_NATIVE,L0_target_only,r9,BUILD_FAILED,True,False,,/group/worldcept/code/SimAny/outputs/icra2027/20260907-4f5c745-v2/sim_recon_sim/scale_up/test_dispatch/instances/native-5683112f9a83449e494300495db2a9d00260e6d219171ccfc787a7f0d62c8504/build_bindings.jsonl,0dd939e000492b129ee6728eda07a7c8b8bef7aa209291ea692374a3dd3d96d3,
native_test_L1_engine_v2_20260907-6a60a51-v6,unit-9a8aef85ffc823c8c46e4a4d046289cf,native-789b4c346afbcd62248c8f0a95e90ee58aec9f9067403bf0ff013a1ebe91bf41,B4_ROOM_REPAIR_NATIVE,L0_target_only,r0,BUILD_FAILED,True,False,,/group/worldcept/code/SimAny/outputs/icra2027/20260907-4f5c745-v2/sim_recon_sim/scale_up/test_dispatch/instances/native-789b4c346afbcd62248c8f0a95e90ee58aec9f9067403bf0ff013a1ebe91bf41/build_bindings.jsonl,04806ae9352ed0217c1cfb538e41b5aab2ceae4b20cd3c781843cff73e561542,
native_test_L1_engine_v2_20260907-6a60a51-v6,unit-2eec67b3210414054294fa8b2fa932dc,native-789b4c346afbcd62248c8f0a95e90ee58aec9f9067403bf0ff013a1ebe91bf41,B4_ROOM_REPAIR_NATIVE,L0_target_only,r1,BUILD_FAILED,True,False,,/group/worldcept/code/SimAny/outputs/icra2027/20260907-4f5c745-v2/sim_recon_sim/scale_up/test_dispatch/instances/native-789b4c346afbcd62248c8f0a95e90ee58aec9f9067403bf0ff013a1ebe91bf41/build_bindings.jsonl,04806ae9352ed0217c1cfb538e41b5aab2ceae4b20cd3c781843cff73e561542,
native_test_L1_engine_v2_20260907-6a60a51-v6,unit-c5231c02a95027b40f8f212ab48e5a5b,native-789b4c346afbcd62248c8f0a95e90ee58aec9f9067403bf0ff013a1ebe91bf41,B4_ROOM_REPAIR_NATIVE,L0_target_only,r2,BUILD_FAILED,True,False,,/group/worldcept/code/SimAny/outputs/icra2027/20260907-4f5c745-v2/sim_recon_sim/scale_up/test_dispatch/instances/native-789b4c346afbcd62248c8f0a95e90ee58aec9f9067403bf0ff013a1ebe91bf41/build_bindings.jsonl,04806ae9352ed0217c1cfb538e41b5aab2ceae4b20cd3c781843cff73e561542,
native_test_L1_engine_v2_20260907-6a60a51-v6,unit-d84b868a97908c95f2c8f7d8bac28782,native-789b4c346afbcd62248c8f0a95e90ee58aec9f9067403bf0ff013a1ebe91bf41,B4_ROOM_REPAIR_NATIVE,L0_target_only,r3,BUILD_FAILED,True,False,,/group/worldcept/code/SimAny/outputs/icra2027/20260907-4f5c745-v2/sim_recon_sim/scale_up/test_dispatch/instances/native-789b4c346afbcd62248c8f0a95e90ee58aec9f9067403bf0ff013a1ebe91bf41/build_bindings.jsonl,04806ae9352ed0217c1cfb538e41b5aab2ceae4b20cd3c781843cff73e561542,
native_test_L1_engine_v2_20260907-6a60a51-v6,unit-4aa94852eb6e1028784d63d2b88ae3ef,native-789b4c346afbcd62248c8f0a95e90ee58aec9f9067403bf0ff013a1ebe91bf41,B4_ROOM_REPAIR_NATIVE,L0_target_only,r4,BUILD_FAILED,True,False,,/group/worldcept/code/SimAny/outputs/icra2027/20260907-4f5c745-v2/sim_recon_sim/scale_up/test_dispatch/instances/native-789b4c346afbcd62248c8f0a95e90ee58aec9f9067403bf0ff013a1ebe91bf41/build_bindings.jsonl,04806ae9352ed0217c1cfb538e41b5aab2ceae4b20cd3c781843cff73e561542,
native_test_L1_engine_v2_20260907-6a60a51-v6,unit-fabc17d9a452a2546bb6095607989b38,native-789b4c346afbcd62248c8f0a95e90ee58aec9f9067403bf0ff013a1ebe91bf41,B4_ROOM_REPAIR_NATIVE,L0_target_only,r5,BUILD_FAILED,True,False,,/group/worldcept/code/SimAny/outputs/icra2027/20260907-4f5c745-v2/sim_recon_sim/scale_up/test_dispatch/instances/native-789b4c346afbcd62248c8f0a95e90ee58aec9f9067403bf0ff013a1ebe91bf41/build_bindings.jsonl,04806ae9352ed0217c1cfb538e41b5aab2ceae4b20cd3c781843cff73e561542,
native_test_L1_engine_v2_20260907-6a60a51-v6,unit-ce7b7b96cda8005823ef323f7caa9e4f,native-789b4c346afbcd62248c8f0a95e90ee58aec9f9067403bf0ff013a1ebe91bf41,B4_ROOM_REPAIR_NATIVE,L0_target_only,r6,BUILD_FAILED,True,False,,/group/worldcept/code/SimAny/outputs/icra2027/20260907-4f5c745-v2/sim_recon_sim/scale_up/test_dispatch/instances/native-789b4c346afbcd62248c8f0a95e90ee58aec9f9067403bf0ff013a1ebe91bf41/build_bindings.jsonl,04806ae9352ed0217c1cfb538e41b5aab2ceae4b20cd3c781843cff73e561542,
native_test_L1_engine_v2_20260907-6a60a51-v6,unit-c4b328612e8a031b5a8fc0fc5cfcb741,native-789b4c346afbcd62248c8f0a95e90ee58aec9f9067403bf0ff013a1ebe91bf41,B4_ROOM_REPAIR_NATIVE,L0_target_only,r7,BUILD_FAILED,True,False,,/group/worldcept/code/SimAny/outputs/icra2027/20260907-4f5c745-v2/sim_recon_sim/scale_up/test_dispatch/instances/native-789b4c346afbcd62248c8f0a95e90ee58aec9f9067403bf0ff013a1ebe91bf41/build_bindings.jsonl,04806ae9352ed0217c1cfb538e41b5aab2ceae4b20cd3c781843cff73e561542,
native_test_L1_engine_v2_20260907-6a60a51-v6,unit-a25f63f4494b852c9be68c96492a77dd,native-789b4c346afbcd62248c8f0a95e90ee58aec9f9067403bf0ff013a1ebe91bf41,B4_ROOM_REPAIR_NATIVE,L0_target_only,r8,BUILD_FAILED,True,False,,/group/worldcept/code/SimAny/outputs/icra2027/20260907-4f5c745-v2/sim_recon_sim/scale_up/test_dispatch/instances/native-789b4c346afbcd62248c8f0a95e90ee58aec9f9067403bf0ff013a1ebe91bf41/build_bindings.jsonl,04806ae9352ed0217c1cfb538e41b5aab2ceae4b20cd3c781843cff73e561542,
native_test_L1_engine_v2_20260907-6a60a51-v6,unit-be91e20a2b69e28be44ed2e74a5302ce,native-789b4c346afbcd62248c8f0a95e90ee58aec9f9067403bf0ff013a1ebe91bf41,B4_ROOM_REPAIR_NATIVE,L0_target_only,r9,BUILD_FAILED,True,False,,/group/worldcept/code/SimAny/outputs/icra2027/20260907-4f5c745-v2/sim_recon_sim/scale_up/test_dispatch/instances/native-789b4c346afbcd62248c8f0a95e90ee58aec9f9067403bf0ff013a1ebe91bf41/build_bindings.jsonl,04806ae9352ed0217c1cfb538e41b5aab2ceae4b20cd3c781843cff73e561542,
native_test_L1_engine_v2_20260907-6a60a51-v6,unit-02853b030beac133ac4bea3ccab68c9e,native-aeaf4d11ea6b4fe521db3359538981b4c6d39280bd7edd46e26fbe63ab772954,B4_ROOM_REPAIR_NATIVE,L0_target_only,r0,BUILD_FAILED,True,False,,/group/worldcept/code/SimAny/outputs/icra2027/20260907-4f5c745-v2/sim_recon_sim/scale_up/test_dispatch/instances/native-aeaf4d11ea6b4fe521db3359538981b4c6d39280bd7edd46e26fbe63ab772954/build_bindings.jsonl,10361e468a8b4f438f40d977eab7570531fe2ac124040ec2152e7ea1e1709104,
native_test_L1_engine_v2_20260907-6a60a51-v6,unit-d3efcbaa4c8f1909623fc5f140207cf4,native-aeaf4d11ea6b4fe521db3359538981b4c6d39280bd7edd46e26fbe63ab772954,B4_ROOM_REPAIR_NATIVE,L0_target_only,r1,BUILD_FAILED,True,False,,/group/worldcept/code/SimAny/outputs/icra2027/20260907-4f5c745-v2/sim_recon_sim/scale_up/test_dispatch/instances/native-aeaf4d11ea6b4fe521db3359538981b4c6d39280bd7edd46e26fbe63ab772954/build_bindings.jsonl,10361e468a8b4f438f40d977eab7570531fe2ac124040ec2152e7ea1e1709104,
native_test_L1_engine_v2_20260907-6a60a51-v6,unit-7fe5e31cadad45c2713b4f17d16b5423,native-aeaf4d11ea6b4fe521db3359538981b4c6d39280bd7edd46e26fbe63ab772954,B4_ROOM_REPAIR_NATIVE,L0_target_only,r2,BUILD_FAILED,True,False,,/group/worldcept/code/SimAny/outputs/icra2027/20260907-4f5c745-v2/sim_recon_sim/scale_up/test_dispatch/instances/native-aeaf4d11ea6b4fe521db3359538981b4c6d39280bd7edd46e26fbe63ab772954/build_bindings.jsonl,10361e468a8b4f438f40d977eab7570531fe2ac124040ec2152e7ea1e1709104,
native_test_L1_engine_v2_20260907-6a60a51-v6,unit-080b19a1b970601c91097922c58b8488,native-aeaf4d11ea6b4fe521db3359538981b4c6d39280bd7edd46e26fbe63ab772954,B4_ROOM_REPAIR_NATIVE,L0_target_only,r3,BUILD_FAILED,True,False,,/group/worldcept/code/SimAny/outputs/icra2027/20260907-4f5c745-v2/sim_recon_sim/scale_up/test_dispatch/instances/native-aeaf4d11ea6b4fe521db3359538981b4c6d39280bd7edd46e26fbe63ab772954/build_bindings.jsonl,10361e468a8b4f438f40d977eab7570531fe2ac124040ec2152e7ea1e1709104,
native_test_L1_engine_v2_20260907-6a60a51-v6,unit-078f12904acb2e10f148cc26db1eb662,native-aeaf4d11ea6b4fe521db3359538981b4c6d39280bd7edd46e26fbe63ab772954,B4_ROOM_REPAIR_NATIVE,L0_target_only,r4,BUILD_FAILED,True,False,,/group/worldcept/code/SimAny/outputs/icra2027/20260907-4f5c745-v2/sim_recon_sim/scale_up/test_dispatch/instances/native-aeaf4d11ea6b4fe521db3359538981b4c6d39280bd7edd46e26fbe63ab772954/build_bindings.jsonl,10361e468a8b4f438f40d977eab7570531fe2ac124040ec2152e7ea1e1709104,
native_test_L1_engine_v2_20260907-6a60a51-v6,unit-43d4f921fa94e976c1652882149f8685,native-aeaf4d11ea6b4fe521db3359538981b4c6d39280bd7edd46e26fbe63ab772954,B4_ROOM_REPAIR_NATIVE,L0_target_only,r5,BUILD_FAILED,True,False,,/group/worldcept/code/SimAny/outputs/icra2027/20260907-4f5c745-v2/sim_recon_sim/scale_up/test_dispatch/instances/native-aeaf4d11ea6b4fe521db3359538981b4c6d39280bd7edd46e26fbe63ab772954/build_bindings.jsonl,10361e468a8b4f438f40d977eab7570531fe2ac124040ec2152e7ea1e1709104,
native_test_L1_engine_v2_20260907-6a60a51-v6,unit-d915258f3f10495ef4d4711b9bf2e07b,native-aeaf4d11ea6b4fe521db3359538981b4c6d39280bd7edd46e26fbe63ab772954,B4_ROOM_REPAIR_NATIVE,L0_target_only,r6,BUILD_FAILED,True,False,,/group/worldcept/code/SimAny/outputs/icra2027/20260907-4f5c745-v2/sim_recon_sim/scale_up/test_dispatch/instances/native-aeaf4d11ea6b4fe521db3359538981b4c6d39280bd7edd46e26fbe63ab772954/build_bindings.jsonl,10361e468a8b4f438f40d977eab7570531fe2ac124040ec2152e7ea1e1709104,
native_test_L1_engine_v2_20260907-6a60a51-v6,unit-0acf5f50923143ee3cdc98899640ba5f,native-aeaf4d11ea6b4fe521db3359538981b4c6d39280bd7edd46e26fbe63ab772954,B4_ROOM_REPAIR_NATIVE,L0_target_only,r7,BUILD_FAILED,True,False,,/group/worldcept/code/SimAny/outputs/icra2027/20260907-4f5c745-v2/sim_recon_sim/scale_up/test_dispatch/instances/native-aeaf4d11ea6b4fe521db3359538981b4c6d39280bd7edd46e26fbe63ab772954/build_bindings.jsonl,10361e468a8b4f438f40d977eab7570531fe2ac124040ec2152e7ea1e1709104,
native_test_L1_engine_v2_20260907-6a60a51-v6,unit-1ab0e50f8df948ad119083141fcb5c73,native-aeaf4d11ea6b4fe521db3359538981b4c6d39280bd7edd46e26fbe63ab772954,B4_ROOM_REPAIR_NATIVE,L0_target_only,r8,BUILD_FAILED,True,False,,/group/worldcept/code/SimAny/outputs/icra2027/20260907-4f5c745-v2/sim_recon_sim/scale_up/test_dispatch/instances/native-aeaf4d11ea6b4fe521db3359538981b4c6d39280bd7edd46e26fbe63ab772954/build_bindings.jsonl,10361e468a8b4f438f40d977eab7570531fe2ac124040ec2152e7ea1e1709104,
native_test_L1_engine_v2_20260907-6a60a51-v6,unit-c4ada10ff73850e24ec1fcb7d658443e,native-aeaf4d11ea6b4fe521db3359538981b4c6d39280bd7edd46e26fbe63ab772954,B4_ROOM_REPAIR_NATIVE,L0_target_only,r9,BUILD_FAILED,True,False,,/group/worldcept/code/SimAny/outputs/icra2027/20260907-4f5c745-v2/sim_recon_sim/scale_up/test_dispatch/instances/native-aeaf4d11ea6b4fe521db3359538981b4c6d39280bd7edd46e26fbe63ab772954/build_bindings.jsonl,10361e468a8b4f438f40d977eab7570531fe2ac124040ec2152e7ea1e1709104,
native_test_L1_engine_v2_20260907-6a60a51-v6,unit-bb53e817118fc01abf3325f3951a1e2e,native-5f490be21d6e904fe80762b505fd718d87d81a416c5165e7080dd6811f4e670b,B4_ROOM_REPAIR_NATIVE,L0_target_only,r0,ABSTAINED,True,False,,/group/worldcept/code/SimAny/outputs/icra2027/20260907-4f5c745-v2/sim_recon_sim/scale_up/test_dispatch/instances/native-5f490be21d6e904fe80762b505fd718d87d81a416c5165e7080dd6811f4e670b/build_bindings.jsonl,d7faedb9267ae1637357e5bd8d890e4c813ab2ad6cc0aa8637622d7d41025ca7,
native_test_L1_engine_v2_20260907-6a60a51-v6,unit-88b4add32073a9f176473070174f4e6e,native-5f490be21d6e904fe80762b505fd718d87d81a416c5165e7080dd6811f4e670b,B4_ROOM_REPAIR_NATIVE,L0_target_only,r1,ABSTAINED,True,False,,/group/worldcept/code/SimAny/outputs/icra2027/20260907-4f5c745-v2/sim_recon_sim/scale_up/test_dispatch/instances/native-5f490be21d6e904fe80762b505fd718d87d81a416c5165e7080dd6811f4e670b/build_bindings.jsonl,d7faedb9267ae1637357e5bd8d890e4c813ab2ad6cc0aa8637622d7d41025ca7,
native_test_L1_engine_v2_20260907-6a60a51-v6,unit-b8ff815fd1d2af73e2650d22e95a9183,native-5f490be21d6e904fe80762b505fd718d87d81a416c5165e7080dd6811f4e670b,B4_ROOM_REPAIR_NATIVE,L0_target_only,r2,ABSTAINED,True,False,,/group/worldcept/code/SimAny/outputs/icra2027/20260907-4f5c745-v2/sim_recon_sim/scale_up/test_dispatch/instances/native-5f490be21d6e904fe80762b505fd718d87d81a416c5165e7080dd6811f4e670b/build_bindings.jsonl,d7faedb9267ae1637357e5bd8d890e4c813ab2ad6cc0aa8637622d7d41025ca7,
native_test_L1_engine_v2_20260907-6a60a51-v6,unit-3f4b8a84d503d875cea9f486dcc5fc63,native-5f490be21d6e904fe80762b505fd718d87d81a416c5165e7080dd6811f4e670b,B4_ROOM_REPAIR_NATIVE,L0_target_only,r3,ABSTAINED,True,False,,/group/worldcept/code/SimAny/outputs/icra2027/20260907-4f5c745-v2/sim_recon_sim/scale_up/test_dispatch/instances/native-5f490be21d6e904fe80762b505fd718d87d81a416c5165e7080dd6811f4e670b/build_bindings.jsonl,d7faedb9267ae1637357e5bd8d890e4c813ab2ad6cc0aa8637622d7d41025ca7,
native_test_L1_engine_v2_20260907-6a60a51-v6,unit-4a8925510a738e87452e06f8e4fe552d,native-5f490be21d6e904fe80762b505fd718d87d81a416c5165e7080dd6811f4e670b,B4_ROOM_REPAIR_NATIVE,L0_target_only,r4,ABSTAINED,True,False,,/group/worldcept/code/SimAny/outputs/icra2027/20260907-4f5c745-v2/sim_recon_sim/scale_up/test_dispatch/instances/native-5f490be21d6e904fe80762b505fd718d87d81a416c5165e7080dd6811f4e670b/build_bindings.jsonl,d7faedb9267ae1637357e5bd8d890e4c813ab2ad6cc0aa8637622d7d41025ca7,
native_test_L1_engine_v2_20260907-6a60a51-v6,unit-3de1d4e850c98c352eb463f7c1dea63b,native-5f490be21d6e904fe80762b505fd718d87d81a416c5165e7080dd6811f4e670b,B4_ROOM_REPAIR_NATIVE,L0_target_only,r5,ABSTAINED,True,False,,/group/worldcept/code/SimAny/outputs/icra2027/20260907-4f5c745-v2/sim_recon_sim/scale_up/test_dispatch/instances/native-5f490be21d6e904fe80762b505fd718d87d81a416c5165e7080dd6811f4e670b/build_bindings.jsonl,d7faedb9267ae1637357e5bd8d890e4c813ab2ad6cc0aa8637622d7d41025ca7,
native_test_L1_engine_v2_20260907-6a60a51-v6,unit-1e7ac3c6c747bbb4d8b544d497599dac,native-5f490be21d6e904fe80762b505fd718d87d81a416c5165e7080dd6811f4e670b,B4_ROOM_REPAIR_NATIVE,L0_target_only,r6,ABSTAINED,True,False,,/group/worldcept/code/SimAny/outputs/icra2027/20260907-4f5c745-v2/sim_recon_sim/scale_up/test_dispatch/instances/native-5f490be21d6e904fe80762b505fd718d87d81a416c5165e7080dd6811f4e670b/build_bindings.jsonl,d7faedb9267ae1637357e5bd8d890e4c813ab2ad6cc0aa8637622d7d41025ca7,
native_test_L1_engine_v2_20260907-6a60a51-v6,unit-dc20ce48825e2d9aedc15baa03401053,native-5f490be21d6e904fe80762b505fd718d87d81a416c5165e7080dd6811f4e670b,B4_ROOM_REPAIR_NATIVE,L0_target_only,r7,ABSTAINED,True,False,,/group/worldcept/code/SimAny/outputs/icra2027/20260907-4f5c745-v2/sim_recon_sim/scale_up/test_dispatch/instances/native-5f490be21d6e904fe80762b505fd718d87d81a416c5165e7080dd6811f4e670b/build_bindings.jsonl,d7faedb9267ae1637357e5bd8d890e4c813ab2ad6cc0aa8637622d7d41025ca7,
native_test_L1_engine_v2_20260907-6a60a51-v6,unit-2b522bcfeddccb2ad3e93f325ce70c05,native-5f490be21d6e904fe80762b505fd718d87d81a416c5165e7080dd6811f4e670b,B4_ROOM_REPAIR_NATIVE,L0_target_only,r8,ABSTAINED,True,False,,/group/worldcept/code/SimAny/outputs/icra2027/20260907-4f5c745-v2/sim_recon_sim/scale_up/test_dispatch/instances/native-5f490be21d6e904fe80762b505fd718d87d81a416c5165e7080dd6811f4e670b/build_bindings.jsonl,d7faedb9267ae1637357e5bd8d890e4c813ab2ad6cc0aa8637622d7d41025ca7,
native_test_L1_engine_v2_20260907-6a60a51-v6,unit-0116554169e2ca9f4b8e74241d32fdff,native-5f490be21d6e904fe80762b505fd718d87d81a416c5165e7080dd6811f4e670b,B4_ROOM_REPAIR_NATIVE,L0_target_only,r9,ABSTAINED,True,False,,/group/worldcept/code/SimAny/outputs/icra2027/20260907-4f5c745-v2/sim_recon_sim/scale_up/test_dispatch/instances/native-5f490be21d6e904fe80762b505fd718d87d81a416c5165e7080dd6811f4e670b/build_bindings.jsonl,d7faedb9267ae1637357e5bd8d890e4c813ab2ad6cc0aa8637622d7d41025ca7,
native_test_L1_engine_v2_20260907-6a60a51-v6,unit-7611739de0e6eb57af1c736883c09f78,native-05f06fc08dfc46d3c93892adda6663e80ac01b546d942f48fe2ea4b01f25c279,B4_ROOM_REPAIR_NATIVE,L0_target_only,r0,ABSTAINED,True,False,,/group/worldcept/code/SimAny/outputs/icra2027/20260907-4f5c745-v2/sim_recon_sim/scale_up/test_dispatch/instances/native-05f06fc08dfc46d3c93892adda6663e80ac01b546d942f48fe2ea4b01f25c279/build_bindings.jsonl,3db9a3ce1df758f6035a41558e13fb5e914ec2b44ae91682e2ba5bdf15279504,
native_test_L1_engine_v2_20260907-6a60a51-v6,unit-3eb4ed176b9323f5f9e2a6a423e40090,native-05f06fc08dfc46d3c93892adda6663e80ac01b546d942f48fe2ea4b01f25c279,B4_ROOM_REPAIR_NATIVE,L0_target_only,r1,ABSTAINED,True,False,,/group/worldcept/code/SimAny/outputs/icra2027/20260907-4f5c745-v2/sim_recon_sim/scale_up/test_dispatch/instances/native-05f06fc08dfc46d3c93892adda6663e80ac01b546d942f48fe2ea4b01f25c279/build_bindings.jsonl,3db9a3ce1df758f6035a41558e13fb5e914ec2b44ae91682e2ba5bdf15279504,
native_test_L1_engine_v2_20260907-6a60a51-v6,unit-47f872f8bbdb208e13069e7f17707ae7,native-05f06fc08dfc46d3c93892adda6663e80ac01b546d942f48fe2ea4b01f25c279,B4_ROOM_REPAIR_NATIVE,L0_target_only,r2,ABSTAINED,True,False,,/group/worldcept/code/SimAny/outputs/icra2027/20260907-4f5c745-v2/sim_recon_sim/scale_up/test_dispatch/instances/native-05f06fc08dfc46d3c93892adda6663e80ac01b546d942f48fe2ea4b01f25c279/build_bindings.jsonl,3db9a3ce1df758f6035a41558e13fb5e914ec2b44ae91682e2ba5bdf15279504,
native_test_L1_engine_v2_20260907-6a60a51-v6,unit-852d60ba7f61096beae31d97b636d9a7,native-05f06fc08dfc46d3c93892adda6663e80ac01b546d942f48fe2ea4b01f25c279,B4_ROOM_REPAIR_NATIVE,L0_target_only,r3,ABSTAINED,True,False,,/group/worldcept/code/SimAny/outputs/icra2027/20260907-4f5c745-v2/sim_recon_sim/scale_up/test_dispatch/instances/native-05f06fc08dfc46d3c93892adda6663e80ac01b546d942f48fe2ea4b01f25c279/build_bindings.jsonl,3db9a3ce1df758f6035a41558e13fb5e914ec2b44ae91682e2ba5bdf15279504,
native_test_L1_engine_v2_20260907-6a60a51-v6,unit-2754ac645936637dcd109546ab160c7f,native-05f06fc08dfc46d3c93892adda6663e80ac01b546d942f48fe2ea4b01f25c279,B4_ROOM_REPAIR_NATIVE,L0_target_only,r4,ABSTAINED,True,False,,/group/worldcept/code/SimAny/outputs/icra2027/20260907-4f5c745-v2/sim_recon_sim/scale_up/test_dispatch/instances/native-05f06fc08dfc46d3c93892adda6663e80ac01b546d942f48fe2ea4b01f25c279/build_bindings.jsonl,3db9a3ce1df758f6035a41558e13fb5e914ec2b44ae91682e2ba5bdf15279504,
native_test_L1_engine_v2_20260907-6a60a51-v6,unit-fb295ca2cf07c45551c9c0342699ad80,native-05f06fc08dfc46d3c93892adda6663e80ac01b546d942f48fe2ea4b01f25c279,B4_ROOM_REPAIR_NATIVE,L0_target_only,r5,ABSTAINED,True,False,,/group/worldcept/code/SimAny/outputs/icra2027/20260907-4f5c745-v2/sim_recon_sim/scale_up/test_dispatch/instances/native-05f06fc08dfc46d3c93892adda6663e80ac01b546d942f48fe2ea4b01f25c279/build_bindings.jsonl,3db9a3ce1df758f6035a41558e13fb5e914ec2b44ae91682e2ba5bdf15279504,
native_test_L1_engine_v2_20260907-6a60a51-v6,unit-82fb57e3feade451e53e4e51bc1a4dc3,native-05f06fc08dfc46d3c93892adda6663e80ac01b546d942f48fe2ea4b01f25c279,B4_ROOM_REPAIR_NATIVE,L0_target_only,r6,ABSTAINED,True,False,,/group/worldcept/code/SimAny/outputs/icra2027/20260907-4f5c745-v2/sim_recon_sim/scale_up/test_dispatch/instances/native-05f06fc08dfc46d3c93892adda6663e80ac01b546d942f48fe2ea4b01f25c279/build_bindings.jsonl,3db9a3ce1df758f6035a41558e13fb5e914ec2b44ae91682e2ba5bdf15279504,
native_test_L1_engine_v2_20260907-6a60a51-v6,unit-ff2b9953b0e384e26b2052f0eb41925d,native-05f06fc08dfc46d3c93892adda6663e80ac01b546d942f48fe2ea4b01f25c279,B4_ROOM_REPAIR_NATIVE,L0_target_only,r7,ABSTAINED,True,False,,/group/worldcept/code/SimAny/outputs/icra2027/20260907-4f5c745-v2/sim_recon_sim/scale_up/test_dispatch/instances/native-05f06fc08dfc46d3c93892adda6663e80ac01b546d942f48fe2ea4b01f25c279/build_bindings.jsonl,3db9a3ce1df758f6035a41558e13fb5e914ec2b44ae91682e2ba5bdf15279504,
native_test_L1_engine_v2_20260907-6a60a51-v6,unit-2b60ddd4eef26b6823821667199af5ec,native-05f06fc08dfc46d3c93892adda6663e80ac01b546d942f48fe2ea4b01f25c279,B4_ROOM_REPAIR_NATIVE,L0_target_only,r8,ABSTAINED,True,False,,/group/worldcept/code/SimAny/outputs/icra2027/20260907-4f5c745-v2/sim_recon_sim/scale_up/test_dispatch/instances/native-05f06fc08dfc46d3c93892adda6663e80ac01b546d942f48fe2ea4b01f25c279/build_bindings.jsonl,3db9a3ce1df758f6035a41558e13fb5e914ec2b44ae91682e2ba5bdf15279504,
native_test_L1_engine_v2_20260907-6a60a51-v6,unit-6fb6fbcbc6b1ee503dfcc86895d9c110,native-05f06fc08dfc46d3c93892adda6663e80ac01b546d942f48fe2ea4b01f25c279,B4_ROOM_REPAIR_NATIVE,L0_target_only,r9,ABSTAINED,True,False,,/group/worldcept/code/SimAny/outputs/icra2027/20260907-4f5c745-v2/sim_recon_sim/scale_up/test_dispatch/instances/native-05f06fc08dfc46d3c93892adda6663e80ac01b546d942f48fe2ea4b01f25c279/build_bindings.jsonl,3db9a3ce1df758f6035a41558e13fb5e914ec2b44ae91682e2ba5bdf15279504,
native_test_L1_engine_v2_20260907-6a60a51-v6,unit-8be62e2e648af655a94b4254cb5e118b,native-5697c97e9d208786578b9b8b92e95a27161fb1b6fdf41b532f6a4b7cf1bcb6dd,B4_ROOM_REPAIR_NATIVE,L0_target_only,r0,NOT_SCHEDULED,False,,,,,
native_test_L1_engine_v2_20260907-6a60a51-v6,unit-4996b36441e524c9765437c0d47007a4,native-5697c97e9d208786578b9b8b92e95a27161fb1b6fdf41b532f6a4b7cf1bcb6dd,B4_ROOM_REPAIR_NATIVE,L0_target_only,r1,NOT_SCHEDULED,False,,,,,
native_test_L1_engine_v2_20260907-6a60a51-v6,unit-dd65dc39b087484b1114015722fb20f7,native-5697c97e9d208786578b9b8b92e95a27161fb1b6fdf41b532f6a4b7cf1bcb6dd,B4_ROOM_REPAIR_NATIVE,L0_target_only,r2,NOT_SCHEDULED,False,,,,,
native_test_L1_engine_v2_20260907-6a60a51-v6,unit-3df0f0886aa3774e2863e871ed005051,native-5697c97e9d208786578b9b8b92e95a27161fb1b6fdf41b532f6a4b7cf1bcb6dd,B4_ROOM_REPAIR_NATIVE,L0_target_only,r3,NOT_SCHEDULED,False,,,,,
native_test_L1_engine_v2_20260907-6a60a51-v6,unit-1c0bf9e662989ef7e47f7f2c9b4a390a,native-5697c97e9d208786578b9b8b92e95a27161fb1b6fdf41b532f6a4b7cf1bcb6dd,B4_ROOM_REPAIR_NATIVE,L0_target_only,r4,NOT_SCHEDULED,False,,,,,
native_test_L1_engine_v2_20260907-6a60a51-v6,unit-07f51bf272f2eeb1ca36ec6a3e09bb2b,native-5697c97e9d208786578b9b8b92e95a27161fb1b6fdf41b532f6a4b7cf1bcb6dd,B4_ROOM_REPAIR_NATIVE,L0_target_only,r5,NOT_SCHEDULED,False,,,,,
native_test_L1_engine_v2_20260907-6a60a51-v6,unit-967ef29b67ed405947207c29853609f6,native-5697c97e9d208786578b9b8b92e95a27161fb1b6fdf41b532f6a4b7cf1bcb6dd,B4_ROOM_REPAIR_NATIVE,L0_target_only,r6,NOT_SCHEDULED,False,,,,,
native_test_L1_engine_v2_20260907-6a60a51-v6,unit-fe46804a1dc45bca57fe34f0f9389487,native-5697c97e9d208786578b9b8b92e95a27161fb1b6fdf41b532f6a4b7cf1bcb6dd,B4_ROOM_REPAIR_NATIVE,L0_target_only,r7,NOT_SCHEDULED,False,,,,,
native_test_L1_engine_v2_20260907-6a60a51-v6,unit-224caf55097049acf0cbe9e830e28b72,native-5697c97e9d208786578b9b8b92e95a27161fb1b6fdf41b532f6a4b7cf1bcb6dd,B4_ROOM_REPAIR_NATIVE,L0_target_only,r8,NOT_SCHEDULED,False,,,,,
native_test_L1_engine_v2_20260907-6a60a51-v6,unit-d4cd67935c093d4b6534079d874b796b,native-5697c97e9d208786578b9b8b92e95a27161fb1b6fdf41b532f6a4b7cf1bcb6dd,B4_ROOM_REPAIR_NATIVE,L0_target_only,r9,NOT_SCHEDULED,False,,,,,
native_test_L1_engine_v2_20260907-6a60a51-v6,unit-3f6e1f1ec250ba25959dddc6bcbe1f56,native-55a23f0c97ee7672f66552b77660344880fafb6ce36a25433d19e58b15ed3aa5,B4_ROOM_REPAIR_NATIVE,L0_target_only,r0,BUILD_FAILED,True,False,,/group/worldcept/code/SimAny/outputs/icra2027/20260907-4f5c745-v2/sim_recon_sim/scale_up/test_dispatch/instances/native-55a23f0c97ee7672f66552b77660344880fafb6ce36a25433d19e58b15ed3aa5/build_bindings.jsonl,1f40e753e9da279449d4c72f48debacb2c82702cb6eacc2374afc4da03843085,
native_test_L1_engine_v2_20260907-6a60a51-v6,unit-48782442633acbe054ddecf063645e1f,native-55a23f0c97ee7672f66552b77660344880fafb6ce36a25433d19e58b15ed3aa5,B4_ROOM_REPAIR_NATIVE,L0_target_only,r1,BUILD_FAILED,True,False,,/group/worldcept/code/SimAny/outputs/icra2027/20260907-4f5c745-v2/sim_recon_sim/scale_up/test_dispatch/instances/native-55a23f0c97ee7672f66552b77660344880fafb6ce36a25433d19e58b15ed3aa5/build_bindings.jsonl,1f40e753e9da279449d4c72f48debacb2c82702cb6eacc2374afc4da03843085,
native_test_L1_engine_v2_20260907-6a60a51-v6,unit-ba67a0af412504ee54cb0a094d7dc423,native-55a23f0c97ee7672f66552b77660344880fafb6ce36a25433d19e58b15ed3aa5,B4_ROOM_REPAIR_NATIVE,L0_target_only,r2,BUILD_FAILED,True,False,,/group/worldcept/code/SimAny/outputs/icra2027/20260907-4f5c745-v2/sim_recon_sim/scale_up/test_dispatch/instances/native-55a23f0c97ee7672f66552b77660344880fafb6ce36a25433d19e58b15ed3aa5/build_bindings.jsonl,1f40e753e9da279449d4c72f48debacb2c82702cb6eacc2374afc4da03843085,
native_test_L1_engine_v2_20260907-6a60a51-v6,unit-0ac244fce060b47fdc67f80a89c1ac42,native-55a23f0c97ee7672f66552b77660344880fafb6ce36a25433d19e58b15ed3aa5,B4_ROOM_REPAIR_NATIVE,L0_target_only,r3,BUILD_FAILED,True,False,,/group/worldcept/code/SimAny/outputs/icra2027/20260907-4f5c745-v2/sim_recon_sim/scale_up/test_dispatch/instances/native-55a23f0c97ee7672f66552b77660344880fafb6ce36a25433d19e58b15ed3aa5/build_bindings.jsonl,1f40e753e9da279449d4c72f48debacb2c82702cb6eacc2374afc4da03843085,
native_test_L1_engine_v2_20260907-6a60a51-v6,unit-c7af6d2c6466a121b29c85f42947d999,native-55a23f0c97ee7672f66552b77660344880fafb6ce36a25433d19e58b15ed3aa5,B4_ROOM_REPAIR_NATIVE,L0_target_only,r4,BUILD_FAILED,True,False,,/group/worldcept/code/SimAny/outputs/icra2027/20260907-4f5c745-v2/sim_recon_sim/scale_up/test_dispatch/instances/native-55a23f0c97ee7672f66552b77660344880fafb6ce36a25433d19e58b15ed3aa5/build_bindings.jsonl,1f40e753e9da279449d4c72f48debacb2c82702cb6eacc2374afc4da03843085,
native_test_L1_engine_v2_20260907-6a60a51-v6,unit-a6d7eba74e9a63451edf0be49c891aea,native-55a23f0c97ee7672f66552b77660344880fafb6ce36a25433d19e58b15ed3aa5,B4_ROOM_REPAIR_NATIVE,L0_target_only,r5,BUILD_FAILED,True,False,,/group/worldcept/code/SimAny/outputs/icra2027/20260907-4f5c745-v2/sim_recon_sim/scale_up/test_dispatch/instances/native-55a23f0c97ee7672f66552b77660344880fafb6ce36a25433d19e58b15ed3aa5/build_bindings.jsonl,1f40e753e9da279449d4c72f48debacb2c82702cb6eacc2374afc4da03843085,
native_test_L1_engine_v2_20260907-6a60a51-v6,unit-23137b287818c26c2a76961bed453f14,native-55a23f0c97ee7672f66552b77660344880fafb6ce36a25433d19e58b15ed3aa5,B4_ROOM_REPAIR_NATIVE,L0_target_only,r6,BUILD_FAILED,True,False,,/group/worldcept/code/SimAny/outputs/icra2027/20260907-4f5c745-v2/sim_recon_sim/scale_up/test_dispatch/instances/native-55a23f0c97ee7672f66552b77660344880fafb6ce36a25433d19e58b15ed3aa5/build_bindings.jsonl,1f40e753e9da279449d4c72f48debacb2c82702cb6eacc2374afc4da03843085,
native_test_L1_engine_v2_20260907-6a60a51-v6,unit-35ebaa49a66fc9476a7653d6a8aa3f85,native-55a23f0c97ee7672f66552b77660344880fafb6ce36a25433d19e58b15ed3aa5,B4_ROOM_REPAIR_NATIVE,L0_target_only,r7,BUILD_FAILED,True,False,,/group/worldcept/code/SimAny/outputs/icra2027/20260907-4f5c745-v2/sim_recon_sim/scale_up/test_dispatch/instances/native-55a23f0c97ee7672f66552b77660344880fafb6ce36a25433d19e58b15ed3aa5/build_bindings.jsonl,1f40e753e9da279449d4c72f48debacb2c82702cb6eacc2374afc4da03843085,
native_test_L1_engine_v2_20260907-6a60a51-v6,unit-58f5e5df85be360d24153b95d5b8248a,native-55a23f0c97ee7672f66552b77660344880fafb6ce36a25433d19e58b15ed3aa5,B4_ROOM_REPAIR_NATIVE,L0_target_only,r8,BUILD_FAILED,True,False,,/group/worldcept/code/SimAny/outputs/icra2027/20260907-4f5c745-v2/sim_recon_sim/scale_up/test_dispatch/instances/native-55a23f0c97ee7672f66552b77660344880fafb6ce36a25433d19e58b15ed3aa5/build_bindings.jsonl,1f40e753e9da279449d4c72f48debacb2c82702cb6eacc2374afc4da03843085,
native_test_L1_engine_v2_20260907-6a60a51-v6,unit-9d520ecf07e73a34705f98e3a327ff3c,native-55a23f0c97ee7672f66552b77660344880fafb6ce36a25433d19e58b15ed3aa5,B4_ROOM_REPAIR_NATIVE,L0_target_only,r9,BUILD_FAILED,True,False,,/group/worldcept/code/SimAny/outputs/icra2027/20260907-4f5c745-v2/sim_recon_sim/scale_up/test_dispatch/instances/native-55a23f0c97ee7672f66552b77660344880fafb6ce36a25433d19e58b15ed3aa5/build_bindings.jsonl,1f40e753e9da279449d4c72f48debacb2c82702cb6eacc2374afc4da03843085,
native_test_L1_engine_v2_20260907-6a60a51-v6,unit-7e69e16a5d8f40c39504f421582f3704,native-fd102487ad05f67cadd75d54e90d93b7e54500ee005b6acad9e031f034a4dc0e,B4_ROOM_REPAIR_NATIVE,L0_target_only,r0,NOT_SCHEDULED,False,,,,,
native_test_L1_engine_v2_20260907-6a60a51-v6,unit-dbd399dae4a8094a9ee8fe88024f4848,native-fd102487ad05f67cadd75d54e90d93b7e54500ee005b6acad9e031f034a4dc0e,B4_ROOM_REPAIR_NATIVE,L0_target_only,r1,NOT_SCHEDULED,False,,,,,
native_test_L1_engine_v2_20260907-6a60a51-v6,unit-5d65cd4a77dbb7fc19ce9e6c05fdf756,native-fd102487ad05f67cadd75d54e90d93b7e54500ee005b6acad9e031f034a4dc0e,B4_ROOM_REPAIR_NATIVE,L0_target_only,r2,NOT_SCHEDULED,False,,,,,
native_test_L1_engine_v2_20260907-6a60a51-v6,unit-70692731887b0fd0cc7999ab95337b8f,native-fd102487ad05f67cadd75d54e90d93b7e54500ee005b6acad9e031f034a4dc0e,B4_ROOM_REPAIR_NATIVE,L0_target_only,r3,NOT_SCHEDULED,False,,,,,
native_test_L1_engine_v2_20260907-6a60a51-v6,unit-9931dd8781576f04014442308185fb93,native-fd102487ad05f67cadd75d54e90d93b7e54500ee005b6acad9e031f034a4dc0e,B4_ROOM_REPAIR_NATIVE,L0_target_only,r4,NOT_SCHEDULED,False,,,,,
native_test_L1_engine_v2_20260907-6a60a51-v6,unit-535ba97aabe629d9dd8c3d75351ad012,native-fd102487ad05f67cadd75d54e90d93b7e54500ee005b6acad9e031f034a4dc0e,B4_ROOM_REPAIR_NATIVE,L0_target_only,r5,NOT_SCHEDULED,False,,,,,
native_test_L1_engine_v2_20260907-6a60a51-v6,unit-8371de0f5eea6527be2d66203e31767c,native-fd102487ad05f67cadd75d54e90d93b7e54500ee005b6acad9e031f034a4dc0e,B4_ROOM_REPAIR_NATIVE,L0_target_only,r6,NOT_SCHEDULED,False,,,,,
native_test_L1_engine_v2_20260907-6a60a51-v6,unit-5ea8c279f1e3ae11eadc4e5619f4e955,native-fd102487ad05f67cadd75d54e90d93b7e54500ee005b6acad9e031f034a4dc0e,B4_ROOM_REPAIR_NATIVE,L0_target_only,r7,NOT_SCHEDULED,False,,,,,
native_test_L1_engine_v2_20260907-6a60a51-v6,unit-3103bcc4551ea8fcb45a805920ab5289,native-fd102487ad05f67cadd75d54e90d93b7e54500ee005b6acad9e031f034a4dc0e,B4_ROOM_REPAIR_NATIVE,L0_target_only,r8,NOT_SCHEDULED,False,,,,,
native_test_L1_engine_v2_20260907-6a60a51-v6,unit-a319a774c7dd5cd879a670d3ed29898f,native-fd102487ad05f67cadd75d54e90d93b7e54500ee005b6acad9e031f034a4dc0e,B4_ROOM_REPAIR_NATIVE,L0_target_only,r9,NOT_SCHEDULED,False,,,,,
native_test_L1_engine_v2_20260907-6a60a51-v6,unit-8fc847475eb8d59fbe56d492e8ae4b54,native-169cab94f10291685d9311677f1accbf5eb51d5cdbe02697ea6a8c880afbf87f,B4_ROOM_REPAIR_NATIVE,L0_target_only,r0,ABSTAINED,True,False,,/group/worldcept/code/SimAny/outputs/icra2027/20260907-4f5c745-v2/sim_recon_sim/scale_up/test_dispatch/instances/native-169cab94f10291685d9311677f1accbf5eb51d5cdbe02697ea6a8c880afbf87f/build_bindings.jsonl,d08a7385e1fcc3e9315a970e22f4c8c71a4a15f1030c088c1a2f3295ea1b52d3,
native_test_L1_engine_v2_20260907-6a60a51-v6,unit-6038c1585e5f3d443ba1604878342168,native-169cab94f10291685d9311677f1accbf5eb51d5cdbe02697ea6a8c880afbf87f,B4_ROOM_REPAIR_NATIVE,L0_target_only,r1,ABSTAINED,True,False,,/group/worldcept/code/SimAny/outputs/icra2027/20260907-4f5c745-v2/sim_recon_sim/scale_up/test_dispatch/instances/native-169cab94f10291685d9311677f1accbf5eb51d5cdbe02697ea6a8c880afbf87f/build_bindings.jsonl,d08a7385e1fcc3e9315a970e22f4c8c71a4a15f1030c088c1a2f3295ea1b52d3,
native_test_L1_engine_v2_20260907-6a60a51-v6,unit-35af63237f214518ab64dc6b4ea1a9a7,native-169cab94f10291685d9311677f1accbf5eb51d5cdbe02697ea6a8c880afbf87f,B4_ROOM_REPAIR_NATIVE,L0_target_only,r2,ABSTAINED,True,False,,/group/worldcept/code/SimAny/outputs/icra2027/20260907-4f5c745-v2/sim_recon_sim/scale_up/test_dispatch/instances/native-169cab94f10291685d9311677f1accbf5eb51d5cdbe02697ea6a8c880afbf87f/build_bindings.jsonl,d08a7385e1fcc3e9315a970e22f4c8c71a4a15f1030c088c1a2f3295ea1b52d3,
native_test_L1_engine_v2_20260907-6a60a51-v6,unit-26f69fc8fbcd7e2294b8ffb1e20e3462,native-169cab94f10291685d9311677f1accbf5eb51d5cdbe02697ea6a8c880afbf87f,B4_ROOM_REPAIR_NATIVE,L0_target_only,r3,ABSTAINED,True,False,,/group/worldcept/code/SimAny/outputs/icra2027/20260907-4f5c745-v2/sim_recon_sim/scale_up/test_dispatch/instances/native-169cab94f10291685d9311677f1accbf5eb51d5cdbe02697ea6a8c880afbf87f/build_bindings.jsonl,d08a7385e1fcc3e9315a970e22f4c8c71a4a15f1030c088c1a2f3295ea1b52d3,
native_test_L1_engine_v2_20260907-6a60a51-v6,unit-3c60a8490b2931e485a5d657c212df6e,native-169cab94f10291685d9311677f1accbf5eb51d5cdbe02697ea6a8c880afbf87f,B4_ROOM_REPAIR_NATIVE,L0_target_only,r4,ABSTAINED,True,False,,/group/worldcept/code/SimAny/outputs/icra2027/20260907-4f5c745-v2/sim_recon_sim/scale_up/test_dispatch/instances/native-169cab94f10291685d9311677f1accbf5eb51d5cdbe02697ea6a8c880afbf87f/build_bindings.jsonl,d08a7385e1fcc3e9315a970e22f4c8c71a4a15f1030c088c1a2f3295ea1b52d3,
native_test_L1_engine_v2_20260907-6a60a51-v6,unit-2d6f0fb7a3118cd37957242114733fe2,native-169cab94f10291685d9311677f1accbf5eb51d5cdbe02697ea6a8c880afbf87f,B4_ROOM_REPAIR_NATIVE,L0_target_only,r5,ABSTAINED,True,False,,/group/worldcept/code/SimAny/outputs/icra2027/20260907-4f5c745-v2/sim_recon_sim/scale_up/test_dispatch/instances/native-169cab94f10291685d9311677f1accbf5eb51d5cdbe02697ea6a8c880afbf87f/build_bindings.jsonl,d08a7385e1fcc3e9315a970e22f4c8c71a4a15f1030c088c1a2f3295ea1b52d3,
native_test_L1_engine_v2_20260907-6a60a51-v6,unit-b0daaa81b7890f841e6bf0429ce1be63,native-169cab94f10291685d9311677f1accbf5eb51d5cdbe02697ea6a8c880afbf87f,B4_ROOM_REPAIR_NATIVE,L0_target_only,r6,ABSTAINED,True,False,,/group/worldcept/code/SimAny/outputs/icra2027/20260907-4f5c745-v2/sim_recon_sim/scale_up/test_dispatch/instances/native-169cab94f10291685d9311677f1accbf5eb51d5cdbe02697ea6a8c880afbf87f/build_bindings.jsonl,d08a7385e1fcc3e9315a970e22f4c8c71a4a15f1030c088c1a2f3295ea1b52d3,
native_test_L1_engine_v2_20260907-6a60a51-v6,unit-8b51dc30455130f3f5c1997a1c0c077f,native-169cab94f10291685d9311677f1accbf5eb51d5cdbe02697ea6a8c880afbf87f,B4_ROOM_REPAIR_NATIVE,L0_target_only,r7,ABSTAINED,True,False,,/group/worldcept/code/SimAny/outputs/icra2027/20260907-4f5c745-v2/sim_recon_sim/scale_up/test_dispatch/instances/native-169cab94f10291685d9311677f1accbf5eb51d5cdbe02697ea6a8c880afbf87f/build_bindings.jsonl,d08a7385e1fcc3e9315a970e22f4c8c71a4a15f1030c088c1a2f3295ea1b52d3,
native_test_L1_engine_v2_20260907-6a60a51-v6,unit-4ad68e4f16a8f4ab622107c42da18868,native-169cab94f10291685d9311677f1accbf5eb51d5cdbe02697ea6a8c880afbf87f,B4_ROOM_REPAIR_NATIVE,L0_target_only,r8,ABSTAINED,True,False,,/group/worldcept/code/SimAny/outputs/icra2027/20260907-4f5c745-v2/sim_recon_sim/scale_up/test_dispatch/instances/native-169cab94f10291685d9311677f1accbf5eb51d5cdbe02697ea6a8c880afbf87f/build_bindings.jsonl,d08a7385e1fcc3e9315a970e22f4c8c71a4a15f1030c088c1a2f3295ea1b52d3,
native_test_L1_engine_v2_20260907-6a60a51-v6,unit-f90be99843c4524c7a8033e3a440f0f7,native-169cab94f10291685d9311677f1accbf5eb51d5cdbe02697ea6a8c880afbf87f,B4_ROOM_REPAIR_NATIVE,L0_target_only,r9,ABSTAINED,True,False,,/group/worldcept/code/SimAny/outputs/icra2027/20260907-4f5c745-v2/sim_recon_sim/scale_up/test_dispatch/instances/native-169cab94f10291685d9311677f1accbf5eb51d5cdbe02697ea6a8c880afbf87f/build_bindings.jsonl,d08a7385e1fcc3e9315a970e22f4c8c71a4a15f1030c088c1a2f3295ea1b52d3,
native_test_L1_engine_v2_20260907-6a60a51-v6,unit-758c6d6c82ca136d9cc8f98220cb1790,native-80f707c13cf12936c9d12954c2274d211a4cc79de918feac7fbc7d2c9badfb3f,B4_ROOM_REPAIR_NATIVE,L0_target_only,r0,ABSTAINED,True,False,,/group/worldcept/code/SimAny/outputs/icra2027/20260907-4f5c745-v2/sim_recon_sim/scale_up/test_dispatch/instances/native-80f707c13cf12936c9d12954c2274d211a4cc79de918feac7fbc7d2c9badfb3f/build_bindings.jsonl,fc336c6e67286e82ad74aa80b81ce2c3ba81532534ea5b1e463c40d8651126c2,
native_test_L1_engine_v2_20260907-6a60a51-v6,unit-3ce782150dd342855ce48bc3635007b5,native-80f707c13cf12936c9d12954c2274d211a4cc79de918feac7fbc7d2c9badfb3f,B4_ROOM_REPAIR_NATIVE,L0_target_only,r1,ABSTAINED,True,False,,/group/worldcept/code/SimAny/outputs/icra2027/20260907-4f5c745-v2/sim_recon_sim/scale_up/test_dispatch/instances/native-80f707c13cf12936c9d12954c2274d211a4cc79de918feac7fbc7d2c9badfb3f/build_bindings.jsonl,fc336c6e67286e82ad74aa80b81ce2c3ba81532534ea5b1e463c40d8651126c2,
native_test_L1_engine_v2_20260907-6a60a51-v6,unit-5cf6e87b5e884d177dc5e2d65f6ccf6f,native-80f707c13cf12936c9d12954c2274d211a4cc79de918feac7fbc7d2c9badfb3f,B4_ROOM_REPAIR_NATIVE,L0_target_only,r2,ABSTAINED,True,False,,/group/worldcept/code/SimAny/outputs/icra2027/20260907-4f5c745-v2/sim_recon_sim/scale_up/test_dispatch/instances/native-80f707c13cf12936c9d12954c2274d211a4cc79de918feac7fbc7d2c9badfb3f/build_bindings.jsonl,fc336c6e67286e82ad74aa80b81ce2c3ba81532534ea5b1e463c40d8651126c2,
native_test_L1_engine_v2_20260907-6a60a51-v6,unit-02a382a0f63681720abcaa032448bdfe,native-80f707c13cf12936c9d12954c2274d211a4cc79de918feac7fbc7d2c9badfb3f,B4_ROOM_REPAIR_NATIVE,L0_target_only,r3,ABSTAINED,True,False,,/group/worldcept/code/SimAny/outputs/icra2027/20260907-4f5c745-v2/sim_recon_sim/scale_up/test_dispatch/instances/native-80f707c13cf12936c9d12954c2274d211a4cc79de918feac7fbc7d2c9badfb3f/build_bindings.jsonl,fc336c6e67286e82ad74aa80b81ce2c3ba81532534ea5b1e463c40d8651126c2,
native_test_L1_engine_v2_20260907-6a60a51-v6,unit-44a8ed81681fe2047228f63c23184db5,native-80f707c13cf12936c9d12954c2274d211a4cc79de918feac7fbc7d2c9badfb3f,B4_ROOM_REPAIR_NATIVE,L0_target_only,r4,ABSTAINED,True,False,,/group/worldcept/code/SimAny/outputs/icra2027/20260907-4f5c745-v2/sim_recon_sim/scale_up/test_dispatch/instances/native-80f707c13cf12936c9d12954c2274d211a4cc79de918feac7fbc7d2c9badfb3f/build_bindings.jsonl,fc336c6e67286e82ad74aa80b81ce2c3ba81532534ea5b1e463c40d8651126c2,
native_test_L1_engine_v2_20260907-6a60a51-v6,unit-232160bed8432fca0987ee6b04a144b9,native-80f707c13cf12936c9d12954c2274d211a4cc79de918feac7fbc7d2c9badfb3f,B4_ROOM_REPAIR_NATIVE,L0_target_only,r5,ABSTAINED,True,False,,/group/worldcept/code/SimAny/outputs/icra2027/20260907-4f5c745-v2/sim_recon_sim/scale_up/test_dispatch/instances/native-80f707c13cf12936c9d12954c2274d211a4cc79de918feac7fbc7d2c9badfb3f/build_bindings.jsonl,fc336c6e67286e82ad74aa80b81ce2c3ba81532534ea5b1e463c40d8651126c2,
native_test_L1_engine_v2_20260907-6a60a51-v6,unit-668b0ca78cab3ceb92a9fb392df613dd,native-80f707c13cf12936c9d12954c2274d211a4cc79de918feac7fbc7d2c9badfb3f,B4_ROOM_REPAIR_NATIVE,L0_target_only,r6,ABSTAINED,True,False,,/group/worldcept/code/SimAny/outputs/icra2027/20260907-4f5c745-v2/sim_recon_sim/scale_up/test_dispatch/instances/native-80f707c13cf12936c9d12954c2274d211a4cc79de918feac7fbc7d2c9badfb3f/build_bindings.jsonl,fc336c6e67286e82ad74aa80b81ce2c3ba81532534ea5b1e463c40d8651126c2,
native_test_L1_engine_v2_20260907-6a60a51-v6,unit-a33408372fbd4171492d695c40d02cd0,native-80f707c13cf12936c9d12954c2274d211a4cc79de918feac7fbc7d2c9badfb3f,B4_ROOM_REPAIR_NATIVE,L0_target_only,r7,ABSTAINED,True,False,,/group/worldcept/code/SimAny/outputs/icra2027/20260907-4f5c745-v2/sim_recon_sim/scale_up/test_dispatch/instances/native-80f707c13cf12936c9d12954c2274d211a4cc79de918feac7fbc7d2c9badfb3f/build_bindings.jsonl,fc336c6e67286e82ad74aa80b81ce2c3ba81532534ea5b1e463c40d8651126c2,
native_test_L1_engine_v2_20260907-6a60a51-v6,unit-e520f502cb36bcbb2a853f7bedbbc32a,native-80f707c13cf12936c9d12954c2274d211a4cc79de918feac7fbc7d2c9badfb3f,B4_ROOM_REPAIR_NATIVE,L0_target_only,r8,ABSTAINED,True,False,,/group/worldcept/code/SimAny/outputs/icra2027/20260907-4f5c745-v2/sim_recon_sim/scale_up/test_dispatch/instances/native-80f707c13cf12936c9d12954c2274d211a4cc79de918feac7fbc7d2c9badfb3f/build_bindings.jsonl,fc336c6e67286e82ad74aa80b81ce2c3ba81532534ea5b1e463c40d8651126c2,
native_test_L1_engine_v2_20260907-6a60a51-v6,unit-889376cdef187dd4e6776a9c3a247a58,native-80f707c13cf12936c9d12954c2274d211a4cc79de918feac7fbc7d2c9badfb3f,B4_ROOM_REPAIR_NATIVE,L0_target_only,r9,ABSTAINED,True,False,,/group/worldcept/code/SimAny/outputs/icra2027/20260907-4f5c745-v2/sim_recon_sim/scale_up/test_dispatch/instances/native-80f707c13cf12936c9d12954c2274d211a4cc79de918feac7fbc7d2c9badfb3f/build_bindings.jsonl,fc336c6e67286e82ad74aa80b81ce2c3ba81532534ea5b1e463c40d8651126c2,
native_test_L1_engine_v2_20260907-6a60a51-v6,unit-441b9a63c4d50ca57e3fe245e1ce6595,native-d7714c3fec848a3bf67f6b0da7de97d52bc4b8ea7dc6a108289477cf133845c6,B4_ROOM_REPAIR_NATIVE,L0_target_only,r0,NOT_SCHEDULED,False,,,,,
native_test_L1_engine_v2_20260907-6a60a51-v6,unit-4433cd6fb48ea4b50c2b3c3161d7a3d5,native-d7714c3fec848a3bf67f6b0da7de97d52bc4b8ea7dc6a108289477cf133845c6,B4_ROOM_REPAIR_NATIVE,L0_target_only,r1,NOT_SCHEDULED,False,,,,,
native_test_L1_engine_v2_20260907-6a60a51-v6,unit-2d6f5731f9d79c7aa0f7d5cfd707cb5b,native-d7714c3fec848a3bf67f6b0da7de97d52bc4b8ea7dc6a108289477cf133845c6,B4_ROOM_REPAIR_NATIVE,L0_target_only,r2,NOT_SCHEDULED,False,,,,,
native_test_L1_engine_v2_20260907-6a60a51-v6,unit-bc7321fca961909010d96cf996dd7226,native-d7714c3fec848a3bf67f6b0da7de97d52bc4b8ea7dc6a108289477cf133845c6,B4_ROOM_REPAIR_NATIVE,L0_target_only,r3,NOT_SCHEDULED,False,,,,,
native_test_L1_engine_v2_20260907-6a60a51-v6,unit-75d6b36360bf857ae28532aa3d0067ce,native-d7714c3fec848a3bf67f6b0da7de97d52bc4b8ea7dc6a108289477cf133845c6,B4_ROOM_REPAIR_NATIVE,L0_target_only,r4,NOT_SCHEDULED,False,,,,,
native_test_L1_engine_v2_20260907-6a60a51-v6,unit-6916ab786bd65fa58e69aa9ab67451a6,native-d7714c3fec848a3bf67f6b0da7de97d52bc4b8ea7dc6a108289477cf133845c6,B4_ROOM_REPAIR_NATIVE,L0_target_only,r5,NOT_SCHEDULED,False,,,,,
native_test_L1_engine_v2_20260907-6a60a51-v6,unit-ca0785ca26b59248dc2f377f4d36b3a4,native-d7714c3fec848a3bf67f6b0da7de97d52bc4b8ea7dc6a108289477cf133845c6,B4_ROOM_REPAIR_NATIVE,L0_target_only,r6,NOT_SCHEDULED,False,,,,,
native_test_L1_engine_v2_20260907-6a60a51-v6,unit-2100d20754039f3707528b2026e98536,native-d7714c3fec848a3bf67f6b0da7de97d52bc4b8ea7dc6a108289477cf133845c6,B4_ROOM_REPAIR_NATIVE,L0_target_only,r7,NOT_SCHEDULED,False,,,,,
native_test_L1_engine_v2_20260907-6a60a51-v6,unit-d624c4bee0034ce43a0e78deea8ace20,native-d7714c3fec848a3bf67f6b0da7de97d52bc4b8ea7dc6a108289477cf133845c6,B4_ROOM_REPAIR_NATIVE,L0_target_only,r8,NOT_SCHEDULED,False,,,,,
native_test_L1_engine_v2_20260907-6a60a51-v6,unit-a1c799b2d022e4fd5c96e3ea5eed7935,native-d7714c3fec848a3bf67f6b0da7de97d52bc4b8ea7dc6a108289477cf133845c6,B4_ROOM_REPAIR_NATIVE,L0_target_only,r9,NOT_SCHEDULED,False,,,,,
native_test_L1_engine_v2_20260907-6a60a51-v6,unit-ac60b55b2fe9acd68570c31ea136b06c,native-c1d6ffb137352ef5f4f2625c933fa3a98d5801448076dc097c84c3682347eafe,B4_ROOM_REPAIR_NATIVE,L0_target_only,r0,ABSTAINED,True,False,,/group/worldcept/code/SimAny/outputs/icra2027/20260907-4f5c745-v2/sim_recon_sim/scale_up/test_dispatch/instances/native-c1d6ffb137352ef5f4f2625c933fa3a98d5801448076dc097c84c3682347eafe/build_bindings.jsonl,b4bdcdefa992d6c7233b71f69a1d7171f4a2522e94dabbd3f509b2e816a065ae,
native_test_L1_engine_v2_20260907-6a60a51-v6,unit-9fe37e745acfda3418dd437a4eb3821c,native-c1d6ffb137352ef5f4f2625c933fa3a98d5801448076dc097c84c3682347eafe,B4_ROOM_REPAIR_NATIVE,L0_target_only,r1,ABSTAINED,True,False,,/group/worldcept/code/SimAny/outputs/icra2027/20260907-4f5c745-v2/sim_recon_sim/scale_up/test_dispatch/instances/native-c1d6ffb137352ef5f4f2625c933fa3a98d5801448076dc097c84c3682347eafe/build_bindings.jsonl,b4bdcdefa992d6c7233b71f69a1d7171f4a2522e94dabbd3f509b2e816a065ae,
native_test_L1_engine_v2_20260907-6a60a51-v6,unit-121b6fc5f6d1e63ceb412048cf4d88e0,native-c1d6ffb137352ef5f4f2625c933fa3a98d5801448076dc097c84c3682347eafe,B4_ROOM_REPAIR_NATIVE,L0_target_only,r2,ABSTAINED,True,False,,/group/worldcept/code/SimAny/outputs/icra2027/20260907-4f5c745-v2/sim_recon_sim/scale_up/test_dispatch/instances/native-c1d6ffb137352ef5f4f2625c933fa3a98d5801448076dc097c84c3682347eafe/build_bindings.jsonl,b4bdcdefa992d6c7233b71f69a1d7171f4a2522e94dabbd3f509b2e816a065ae,
native_test_L1_engine_v2_20260907-6a60a51-v6,unit-19e9143fde5bb00d2940ddc65661d8c3,native-c1d6ffb137352ef5f4f2625c933fa3a98d5801448076dc097c84c3682347eafe,B4_ROOM_REPAIR_NATIVE,L0_target_only,r3,ABSTAINED,True,False,,/group/worldcept/code/SimAny/outputs/icra2027/20260907-4f5c745-v2/sim_recon_sim/scale_up/test_dispatch/instances/native-c1d6ffb137352ef5f4f2625c933fa3a98d5801448076dc097c84c3682347eafe/build_bindings.jsonl,b4bdcdefa992d6c7233b71f69a1d7171f4a2522e94dabbd3f509b2e816a065ae,
native_test_L1_engine_v2_20260907-6a60a51-v6,unit-292a192f08de17d7bb629846d022f9c1,native-c1d6ffb137352ef5f4f2625c933fa3a98d5801448076dc097c84c3682347eafe,B4_ROOM_REPAIR_NATIVE,L0_target_only,r4,ABSTAINED,True,False,,/group/worldcept/code/SimAny/outputs/icra2027/20260907-4f5c745-v2/sim_recon_sim/scale_up/test_dispatch/instances/native-c1d6ffb137352ef5f4f2625c933fa3a98d5801448076dc097c84c3682347eafe/build_bindings.jsonl,b4bdcdefa992d6c7233b71f69a1d7171f4a2522e94dabbd3f509b2e816a065ae,
native_test_L1_engine_v2_20260907-6a60a51-v6,unit-f0f8e8ef58f298c5ad8d30e75011dada,native-c1d6ffb137352ef5f4f2625c933fa3a98d5801448076dc097c84c3682347eafe,B4_ROOM_REPAIR_NATIVE,L0_target_only,r5,ABSTAINED,True,False,,/group/worldcept/code/SimAny/outputs/icra2027/20260907-4f5c745-v2/sim_recon_sim/scale_up/test_dispatch/instances/native-c1d6ffb137352ef5f4f2625c933fa3a98d5801448076dc097c84c3682347eafe/build_bindings.jsonl,b4bdcdefa992d6c7233b71f69a1d7171f4a2522e94dabbd3f509b2e816a065ae,
native_test_L1_engine_v2_20260907-6a60a51-v6,unit-7bade52e50b576fdcd60b009a0d2cc88,native-c1d6ffb137352ef5f4f2625c933fa3a98d5801448076dc097c84c3682347eafe,B4_ROOM_REPAIR_NATIVE,L0_target_only,r6,ABSTAINED,True,False,,/group/worldcept/code/SimAny/outputs/icra2027/20260907-4f5c745-v2/sim_recon_sim/scale_up/test_dispatch/instances/native-c1d6ffb137352ef5f4f2625c933fa3a98d5801448076dc097c84c3682347eafe/build_bindings.jsonl,b4bdcdefa992d6c7233b71f69a1d7171f4a2522e94dabbd3f509b2e816a065ae,
native_test_L1_engine_v2_20260907-6a60a51-v6,unit-058d11343a037d62a27586eefb5cdeb4,native-c1d6ffb137352ef5f4f2625c933fa3a98d5801448076dc097c84c3682347eafe,B4_ROOM_REPAIR_NATIVE,L0_target_only,r7,ABSTAINED,True,False,,/group/worldcept/code/SimAny/outputs/icra2027/20260907-4f5c745-v2/sim_recon_sim/scale_up/test_dispatch/instances/native-c1d6ffb137352ef5f4f2625c933fa3a98d5801448076dc097c84c3682347eafe/build_bindings.jsonl,b4bdcdefa992d6c7233b71f69a1d7171f4a2522e94dabbd3f509b2e816a065ae,
native_test_L1_engine_v2_20260907-6a60a51-v6,unit-87769934f4d0bf2efde3866c2e51a13a,native-c1d6ffb137352ef5f4f2625c933fa3a98d5801448076dc097c84c3682347eafe,B4_ROOM_REPAIR_NATIVE,L0_target_only,r8,ABSTAINED,True,False,,/group/worldcept/code/SimAny/outputs/icra2027/20260907-4f5c745-v2/sim_recon_sim/scale_up/test_dispatch/instances/native-c1d6ffb137352ef5f4f2625c933fa3a98d5801448076dc097c84c3682347eafe/build_bindings.jsonl,b4bdcdefa992d6c7233b71f69a1d7171f4a2522e94dabbd3f509b2e816a065ae,
native_test_L1_engine_v2_20260907-6a60a51-v6,unit-e7721cbe0f6fa15f2a2b8aa2dc55a4ad,native-c1d6ffb137352ef5f4f2625c933fa3a98d5801448076dc097c84c3682347eafe,B4_ROOM_REPAIR_NATIVE,L0_target_only,r9,ABSTAINED,True,False,,/group/worldcept/code/SimAny/outputs/icra2027/20260907-4f5c745-v2/sim_recon_sim/scale_up/test_dispatch/instances/native-c1d6ffb137352ef5f4f2625c933fa3a98d5801448076dc097c84c3682347eafe/build_bindings.jsonl,b4bdcdefa992d6c7233b71f69a1d7171f4a2522e94dabbd3f509b2e816a065ae,
native_test_L1_engine_v2_20260907-6a60a51-v6,unit-95b1f0bffd792ca7a7aefed6b7de1cf1,native-a12fe0e2847088d392dce3bcce13e2c38b9b44fdee64c033b391ca4033780c40,B4_ROOM_REPAIR_NATIVE,L0_target_only,r0,BUILD_FAILED,True,False,,/group/worldcept/code/SimAny/outputs/icra2027/20260907-4f5c745-v2/sim_recon_sim/scale_up/test_dispatch/instances/native-a12fe0e2847088d392dce3bcce13e2c38b9b44fdee64c033b391ca4033780c40/build_bindings.jsonl,eca95c62f9257e228611190896d29503e03fb2046dc739a48582d9eb62c22567,
native_test_L1_engine_v2_20260907-6a60a51-v6,unit-1b8f84b9be3b6b89a0de4e1485fcd79e,native-a12fe0e2847088d392dce3bcce13e2c38b9b44fdee64c033b391ca4033780c40,B4_ROOM_REPAIR_NATIVE,L0_target_only,r1,BUILD_FAILED,True,False,,/group/worldcept/code/SimAny/outputs/icra2027/20260907-4f5c745-v2/sim_recon_sim/scale_up/test_dispatch/instances/native-a12fe0e2847088d392dce3bcce13e2c38b9b44fdee64c033b391ca4033780c40/build_bindings.jsonl,eca95c62f9257e228611190896d29503e03fb2046dc739a48582d9eb62c22567,
native_test_L1_engine_v2_20260907-6a60a51-v6,unit-ee3374bf2d88ef664666cea7d26a5a46,native-a12fe0e2847088d392dce3bcce13e2c38b9b44fdee64c033b391ca4033780c40,B4_ROOM_REPAIR_NATIVE,L0_target_only,r2,BUILD_FAILED,True,False,,/group/worldcept/code/SimAny/outputs/icra2027/20260907-4f5c745-v2/sim_recon_sim/scale_up/test_dispatch/instances/native-a12fe0e2847088d392dce3bcce13e2c38b9b44fdee64c033b391ca4033780c40/build_bindings.jsonl,eca95c62f9257e228611190896d29503e03fb2046dc739a48582d9eb62c22567,
native_test_L1_engine_v2_20260907-6a60a51-v6,unit-89b3d6e80ddf06695e707038722cfa37,native-a12fe0e2847088d392dce3bcce13e2c38b9b44fdee64c033b391ca4033780c40,B4_ROOM_REPAIR_NATIVE,L0_target_only,r3,BUILD_FAILED,True,False,,/group/worldcept/code/SimAny/outputs/icra2027/20260907-4f5c745-v2/sim_recon_sim/scale_up/test_dispatch/instances/native-a12fe0e2847088d392dce3bcce13e2c38b9b44fdee64c033b391ca4033780c40/build_bindings.jsonl,eca95c62f9257e228611190896d29503e03fb2046dc739a48582d9eb62c22567,
native_test_L1_engine_v2_20260907-6a60a51-v6,unit-7ec716039fc9884a91131d3881327cb7,native-a12fe0e2847088d392dce3bcce13e2c38b9b44fdee64c033b391ca4033780c40,B4_ROOM_REPAIR_NATIVE,L0_target_only,r4,BUILD_FAILED,True,False,,/group/worldcept/code/SimAny/outputs/icra2027/20260907-4f5c745-v2/sim_recon_sim/scale_up/test_dispatch/instances/native-a12fe0e2847088d392dce3bcce13e2c38b9b44fdee64c033b391ca4033780c40/build_bindings.jsonl,eca95c62f9257e228611190896d29503e03fb2046dc739a48582d9eb62c22567,
native_test_L1_engine_v2_20260907-6a60a51-v6,unit-bf0d1890ebe4505d35a4d450711c8650,native-a12fe0e2847088d392dce3bcce13e2c38b9b44fdee64c033b391ca4033780c40,B4_ROOM_REPAIR_NATIVE,L0_target_only,r5,BUILD_FAILED,True,False,,/group/worldcept/code/SimAny/outputs/icra2027/20260907-4f5c745-v2/sim_recon_sim/scale_up/test_dispatch/instances/native-a12fe0e2847088d392dce3bcce13e2c38b9b44fdee64c033b391ca4033780c40/build_bindings.jsonl,eca95c62f9257e228611190896d29503e03fb2046dc739a48582d9eb62c22567,
native_test_L1_engine_v2_20260907-6a60a51-v6,unit-703c4f1d7379fe76be8ea1c29b8735b7,native-a12fe0e2847088d392dce3bcce13e2c38b9b44fdee64c033b391ca4033780c40,B4_ROOM_REPAIR_NATIVE,L0_target_only,r6,BUILD_FAILED,True,False,,/group/worldcept/code/SimAny/outputs/icra2027/20260907-4f5c745-v2/sim_recon_sim/scale_up/test_dispatch/instances/native-a12fe0e2847088d392dce3bcce13e2c38b9b44fdee64c033b391ca4033780c40/build_bindings.jsonl,eca95c62f9257e228611190896d29503e03fb2046dc739a48582d9eb62c22567,
native_test_L1_engine_v2_20260907-6a60a51-v6,unit-4a85781e9e99a997e40b0509ea2a287c,native-a12fe0e2847088d392dce3bcce13e2c38b9b44fdee64c033b391ca4033780c40,B4_ROOM_REPAIR_NATIVE,L0_target_only,r7,BUILD_FAILED,True,False,,/group/worldcept/code/SimAny/outputs/icra2027/20260907-4f5c745-v2/sim_recon_sim/scale_up/test_dispatch/instances/native-a12fe0e2847088d392dce3bcce13e2c38b9b44fdee64c033b391ca4033780c40/build_bindings.jsonl,eca95c62f9257e228611190896d29503e03fb2046dc739a48582d9eb62c22567,
native_test_L1_engine_v2_20260907-6a60a51-v6,unit-11b17805b8148697d774d13ed803ecfb,native-a12fe0e2847088d392dce3bcce13e2c38b9b44fdee64c033b391ca4033780c40,B4_ROOM_REPAIR_NATIVE,L0_target_only,r8,BUILD_FAILED,True,False,,/group/worldcept/code/SimAny/outputs/icra2027/20260907-4f5c745-v2/sim_recon_sim/scale_up/test_dispatch/instances/native-a12fe0e2847088d392dce3bcce13e2c38b9b44fdee64c033b391ca4033780c40/build_bindings.jsonl,eca95c62f9257e228611190896d29503e03fb2046dc739a48582d9eb62c22567,
native_test_L1_engine_v2_20260907-6a60a51-v6,unit-30cff8ea75833ae2c18e2b7ab2925de6,native-a12fe0e2847088d392dce3bcce13e2c38b9b44fdee64c033b391ca4033780c40,B4_ROOM_REPAIR_NATIVE,L0_target_only,r9,BUILD_FAILED,True,False,,/group/worldcept/code/SimAny/outputs/icra2027/20260907-4f5c745-v2/sim_recon_sim/scale_up/test_dispatch/instances/native-a12fe0e2847088d392dce3bcce13e2c38b9b44fdee64c033b391ca4033780c40/build_bindings.jsonl,eca95c62f9257e228611190896d29503e03fb2046dc739a48582d9eb62c22567,
native_test_L1_engine_v2_20260907-6a60a51-v6,unit-0b11c1ea357355c6c8d94aa4473cccc5,native-3438e9650ba6757891d3d71c1156b527a4a8e997ce65a3be1d1490db3ac19e43,B4_ROOM_REPAIR_NATIVE,L0_target_only,r0,BUILD_FAILED,True,False,,/group/worldcept/code/SimAny/outputs/icra2027/20260907-4f5c745-v2/sim_recon_sim/scale_up/test_dispatch/instances/native-3438e9650ba6757891d3d71c1156b527a4a8e997ce65a3be1d1490db3ac19e43/build_bindings.jsonl,576ef8da20fed7522145630ae124424051c46c2fea7696ac8f109e7ef686ecd1,
native_test_L1_engine_v2_20260907-6a60a51-v6,unit-6a81fe85d36d4402cad5f7903f0cebcf,native-3438e9650ba6757891d3d71c1156b527a4a8e997ce65a3be1d1490db3ac19e43,B4_ROOM_REPAIR_NATIVE,L0_target_only,r1,BUILD_FAILED,True,False,,/group/worldcept/code/SimAny/outputs/icra2027/20260907-4f5c745-v2/sim_recon_sim/scale_up/test_dispatch/instances/native-3438e9650ba6757891d3d71c1156b527a4a8e997ce65a3be1d1490db3ac19e43/build_bindings.jsonl,576ef8da20fed7522145630ae124424051c46c2fea7696ac8f109e7ef686ecd1,
native_test_L1_engine_v2_20260907-6a60a51-v6,unit-5883919dd5b168389b38938371cfb104,native-3438e9650ba6757891d3d71c1156b527a4a8e997ce65a3be1d1490db3ac19e43,B4_ROOM_REPAIR_NATIVE,L0_target_only,r2,BUILD_FAILED,True,False,,/group/worldcept/code/SimAny/outputs/icra2027/20260907-4f5c745-v2/sim_recon_sim/scale_up/test_dispatch/instances/native-3438e9650ba6757891d3d71c1156b527a4a8e997ce65a3be1d1490db3ac19e43/build_bindings.jsonl,576ef8da20fed7522145630ae124424051c46c2fea7696ac8f109e7ef686ecd1,
native_test_L1_engine_v2_20260907-6a60a51-v6,unit-db971ca59b42f801a99a956486aed3ed,native-3438e9650ba6757891d3d71c1156b527a4a8e997ce65a3be1d1490db3ac19e43,B4_ROOM_REPAIR_NATIVE,L0_target_only,r3,BUILD_FAILED,True,False,,/group/worldcept/code/SimAny/outputs/icra2027/20260907-4f5c745-v2/sim_recon_sim/scale_up/test_dispatch/instances/native-3438e9650ba6757891d3d71c1156b527a4a8e997ce65a3be1d1490db3ac19e43/build_bindings.jsonl,576ef8da20fed7522145630ae124424051c46c2fea7696ac8f109e7ef686ecd1,
native_test_L1_engine_v2_20260907-6a60a51-v6,unit-f0f156ca51f60e87dd097c3e631b6481,native-3438e9650ba6757891d3d71c1156b527a4a8e997ce65a3be1d1490db3ac19e43,B4_ROOM_REPAIR_NATIVE,L0_target_only,r4,BUILD_FAILED,True,False,,/group/worldcept/code/SimAny/outputs/icra2027/20260907-4f5c745-v2/sim_recon_sim/scale_up/test_dispatch/instances/native-3438e9650ba6757891d3d71c1156b527a4a8e997ce65a3be1d1490db3ac19e43/build_bindings.jsonl,576ef8da20fed7522145630ae124424051c46c2fea7696ac8f109e7ef686ecd1,
native_test_L1_engine_v2_20260907-6a60a51-v6,unit-5e7b888e745e1067760e4e07a3532842,native-3438e9650ba6757891d3d71c1156b527a4a8e997ce65a3be1d1490db3ac19e43,B4_ROOM_REPAIR_NATIVE,L0_target_only,r5,BUILD_FAILED,True,False,,/group/worldcept/code/SimAny/outputs/icra2027/20260907-4f5c745-v2/sim_recon_sim/scale_up/test_dispatch/instances/native-3438e9650ba6757891d3d71c1156b527a4a8e997ce65a3be1d1490db3ac19e43/build_bindings.jsonl,576ef8da20fed7522145630ae124424051c46c2fea7696ac8f109e7ef686ecd1,
native_test_L1_engine_v2_20260907-6a60a51-v6,unit-274fea8ed9e5bc20b684c09031aa24e0,native-3438e9650ba6757891d3d71c1156b527a4a8e997ce65a3be1d1490db3ac19e43,B4_ROOM_REPAIR_NATIVE,L0_target_only,r6,BUILD_FAILED,True,False,,/group/worldcept/code/SimAny/outputs/icra2027/20260907-4f5c745-v2/sim_recon_sim/scale_up/test_dispatch/instances/native-3438e9650ba6757891d3d71c1156b527a4a8e997ce65a3be1d1490db3ac19e43/build_bindings.jsonl,576ef8da20fed7522145630ae124424051c46c2fea7696ac8f109e7ef686ecd1,
native_test_L1_engine_v2_20260907-6a60a51-v6,unit-a8905a140e0ac873c42f34fa4a566d6b,native-3438e9650ba6757891d3d71c1156b527a4a8e997ce65a3be1d1490db3ac19e43,B4_ROOM_REPAIR_NATIVE,L0_target_only,r7,BUILD_FAILED,True,False,,/group/worldcept/code/SimAny/outputs/icra2027/20260907-4f5c745-v2/sim_recon_sim/scale_up/test_dispatch/instances/native-3438e9650ba6757891d3d71c1156b527a4a8e997ce65a3be1d1490db3ac19e43/build_bindings.jsonl,576ef8da20fed7522145630ae124424051c46c2fea7696ac8f109e7ef686ecd1,
native_test_L1_engine_v2_20260907-6a60a51-v6,unit-773b292dd0cc7c6a39cd778635c28187,native-3438e9650ba6757891d3d71c1156b527a4a8e997ce65a3be1d1490db3ac19e43,B4_ROOM_REPAIR_NATIVE,L0_target_only,r8,BUILD_FAILED,True,False,,/group/worldcept/code/SimAny/outputs/icra2027/20260907-4f5c745-v2/sim_recon_sim/scale_up/test_dispatch/instances/native-3438e9650ba6757891d3d71c1156b527a4a8e997ce65a3be1d1490db3ac19e43/build_bindings.jsonl,576ef8da20fed7522145630ae124424051c46c2fea7696ac8f109e7ef686ecd1,
native_test_L1_engine_v2_20260907-6a60a51-v6,unit-0619b9d3e3f2b1a1af0ed4e38abf396f,native-3438e9650ba6757891d3d71c1156b527a4a8e997ce65a3be1d1490db3ac19e43,B4_ROOM_REPAIR_NATIVE,L0_target_only,r9,BUILD_FAILED,True,False,,/group/worldcept/code/SimAny/outputs/icra2027/20260907-4f5c745-v2/sim_recon_sim/scale_up/test_dispatch/instances/native-3438e9650ba6757891d3d71c1156b527a4a8e997ce65a3be1d1490db3ac19e43/build_bindings.jsonl,576ef8da20fed7522145630ae124424051c46c2fea7696ac8f109e7ef686ecd1,
native_test_L1_engine_v2_20260907-6a60a51-v6,unit-482ef33d9512c0d62d4c88146f363faf,native-0f2e77b6fa5316e3c64b6b85dee8d7e7960ac05e5c460bf4ef6f13b1ad62a34d,B4_ROOM_REPAIR_NATIVE,L0_target_only,r1,RECORDED,True,True,False,,,
native_test_L1_engine_v2_20260907-6a60a51-v6,unit-83ce565119ee4a2bb27943aef7820d63,native-0f2e77b6fa5316e3c64b6b85dee8d7e7960ac05e5c460bf4ef6f13b1ad62a34d,B4_ROOM_REPAIR_NATIVE,L0_target_only,r4,RECORDED,True,True,False,,,
native_test_L1_engine_v2_20260907-6a60a51-v6,unit-b4993a821323761d26125d6dd6834ea1,native-0f2e77b6fa5316e3c64b6b85dee8d7e7960ac05e5c460bf4ef6f13b1ad62a34d,B4_ROOM_REPAIR_NATIVE,L0_target_only,r7,NOT_SCHEDULED,False,,,,,
native_test_L1_engine_v2_20260907-6a60a51-v6,unit-2267c8bc60a4acd6be6e1b35cfbd3b6b,native-0f2e77b6fa5316e3c64b6b85dee8d7e7960ac05e5c460bf4ef6f13b1ad62a34d,B4_ROOM_REPAIR_NATIVE,L0_target_only,r8,NOT_SCHEDULED,False,,,,,
native_test_L1_engine_v2_20260907-6a60a51-v6,unit-5833fa4bb457dd46d72384c8e9dab5db,native-0f2e77b6fa5316e3c64b6b85dee8d7e7960ac05e5c460bf4ef6f13b1ad62a34d,B4_ROOM_REPAIR_NATIVE,L0_target_only,r9,NOT_SCHEDULED,False,,,,,
native_test_L1_engine_v2_20260907-6a60a51-v6,unit-3503476f8443cf22fdf728a6741b0da4,native-c4174ea32309fcb64348aec128ee3365bbbd3fe1f46e0428b3bc369f09bd6486,B4_ROOM_REPAIR_NATIVE,L0_target_only,r0,NOT_SCHEDULED,False,,,,,
native_test_L1_engine_v2_20260907-6a60a51-v6,unit-e4fdc71d4b233512c116de6d6a24567b,native-c4174ea32309fcb64348aec128ee3365bbbd3fe1f46e0428b3bc369f09bd6486,B4_ROOM_REPAIR_NATIVE,L0_target_only,r1,NOT_SCHEDULED,False,,,,,
native_test_L1_engine_v2_20260907-6a60a51-v6,unit-7e0258afce736f93991c325fc73aa350,native-c4174ea32309fcb64348aec128ee3365bbbd3fe1f46e0428b3bc369f09bd6486,B4_ROOM_REPAIR_NATIVE,L0_target_only,r2,NOT_SCHEDULED,False,,,,,
native_test_L1_engine_v2_20260907-6a60a51-v6,unit-dcb7b39a26a93c582a4000e36f5c6551,native-c4174ea32309fcb64348aec128ee3365bbbd3fe1f46e0428b3bc369f09bd6486,B4_ROOM_REPAIR_NATIVE,L0_target_only,r3,NOT_SCHEDULED,False,,,,,
native_test_L1_engine_v2_20260907-6a60a51-v6,unit-55c0e5e910c5275233b25472531e719d,native-c4174ea32309fcb64348aec128ee3365bbbd3fe1f46e0428b3bc369f09bd6486,B4_ROOM_REPAIR_NATIVE,L0_target_only,r4,NOT_SCHEDULED,False,,,,,
native_test_L1_engine_v2_20260907-6a60a51-v6,unit-efda5f17a3d93a87c095f3efb2b66b78,native-c4174ea32309fcb64348aec128ee3365bbbd3fe1f46e0428b3bc369f09bd6486,B4_ROOM_REPAIR_NATIVE,L0_target_only,r5,NOT_SCHEDULED,False,,,,,
native_test_L1_engine_v2_20260907-6a60a51-v6,unit-375332fc4ce8d06acff4c1a595ef4a48,native-c4174ea32309fcb64348aec128ee3365bbbd3fe1f46e0428b3bc369f09bd6486,B4_ROOM_REPAIR_NATIVE,L0_target_only,r6,NOT_SCHEDULED,False,,,,,
native_test_L1_engine_v2_20260907-6a60a51-v6,unit-ab778b3a7881a04176084a2da2d553c4,native-c4174ea32309fcb64348aec128ee3365bbbd3fe1f46e0428b3bc369f09bd6486,B4_ROOM_REPAIR_NATIVE,L0_target_only,r7,NOT_SCHEDULED,False,,,,,
native_test_L1_engine_v2_20260907-6a60a51-v6,unit-19c26c92cf444d48948bae18863b31bc,native-c4174ea32309fcb64348aec128ee3365bbbd3fe1f46e0428b3bc369f09bd6486,B4_ROOM_REPAIR_NATIVE,L0_target_only,r8,NOT_SCHEDULED,False,,,,,
native_test_L1_engine_v2_20260907-6a60a51-v6,unit-3ccb31d4ef8084db1c7747d81b5021ab,native-c4174ea32309fcb64348aec128ee3365bbbd3fe1f46e0428b3bc369f09bd6486,B4_ROOM_REPAIR_NATIVE,L0_target_only,r9,NOT_SCHEDULED,False,,,,,
native_test_L1_engine_v2_20260907-6a60a51-v6,unit-fc2ef9c63921f846492b902629139883,native-cfcb44d635255d3a292d64d3af7a8daad31c33edcb3a5b6af5055867b6381bcd,B4_ROOM_REPAIR_NATIVE,L0_target_only,r0,BUILD_FAILED,True,False,,/group/worldcept/code/SimAny/outputs/icra2027/20260907-4f5c745-v2/sim_recon_sim/scale_up/test_dispatch/instances/native-cfcb44d635255d3a292d64d3af7a8daad31c33edcb3a5b6af5055867b6381bcd/build_bindings.jsonl,491f69eb5372373b0925915f52e99ab7eb9aa8e5cc607cb7ebec40a7d091ccb2,
native_test_L1_engine_v2_20260907-6a60a51-v6,unit-370e304ac56b9f91ff502b11609e1ee0,native-cfcb44d635255d3a292d64d3af7a8daad31c33edcb3a5b6af5055867b6381bcd,B4_ROOM_REPAIR_NATIVE,L0_target_only,r1,BUILD_FAILED,True,False,,/group/worldcept/code/SimAny/outputs/icra2027/20260907-4f5c745-v2/sim_recon_sim/scale_up/test_dispatch/instances/native-cfcb44d635255d3a292d64d3af7a8daad31c33edcb3a5b6af5055867b6381bcd/build_bindings.jsonl,491f69eb5372373b0925915f52e99ab7eb9aa8e5cc607cb7ebec40a7d091ccb2,
native_test_L1_engine_v2_20260907-6a60a51-v6,unit-3df806caa776d688737206589631458f,native-cfcb44d635255d3a292d64d3af7a8daad31c33edcb3a5b6af5055867b6381bcd,B4_ROOM_REPAIR_NATIVE,L0_target_only,r2,BUILD_FAILED,True,False,,/group/worldcept/code/SimAny/outputs/icra2027/20260907-4f5c745-v2/sim_recon_sim/scale_up/test_dispatch/instances/native-cfcb44d635255d3a292d64d3af7a8daad31c33edcb3a5b6af5055867b6381bcd/build_bindings.jsonl,491f69eb5372373b0925915f52e99ab7eb9aa8e5cc607cb7ebec40a7d091ccb2,
native_test_L1_engine_v2_20260907-6a60a51-v6,unit-3cefed35018e24e9439f5ac244591557,native-cfcb44d635255d3a292d64d3af7a8daad31c33edcb3a5b6af5055867b6381bcd,B4_ROOM_REPAIR_NATIVE,L0_target_only,r3,BUILD_FAILED,True,False,,/group/worldcept/code/SimAny/outputs/icra2027/20260907-4f5c745-v2/sim_recon_sim/scale_up/test_dispatch/instances/native-cfcb44d635255d3a292d64d3af7a8daad31c33edcb3a5b6af5055867b6381bcd/build_bindings.jsonl,491f69eb5372373b0925915f52e99ab7eb9aa8e5cc607cb7ebec40a7d091ccb2,
native_test_L1_engine_v2_20260907-6a60a51-v6,unit-8c2c235ad4d359431cf7a2adec3aa2c9,native-cfcb44d635255d3a292d64d3af7a8daad31c33edcb3a5b6af5055867b6381bcd,B4_ROOM_REPAIR_NATIVE,L0_target_only,r4,BUILD_FAILED,True,False,,/group/worldcept/code/SimAny/outputs/icra2027/20260907-4f5c745-v2/sim_recon_sim/scale_up/test_dispatch/instances/native-cfcb44d635255d3a292d64d3af7a8daad31c33edcb3a5b6af5055867b6381bcd/build_bindings.jsonl,491f69eb5372373b0925915f52e99ab7eb9aa8e5cc607cb7ebec40a7d091ccb2,
native_test_L1_engine_v2_20260907-6a60a51-v6,unit-2c28af28f54f5f859266af60fc97a769,native-cfcb44d635255d3a292d64d3af7a8daad31c33edcb3a5b6af5055867b6381bcd,B4_ROOM_REPAIR_NATIVE,L0_target_only,r5,BUILD_FAILED,True,False,,/group/worldcept/code/SimAny/outputs/icra2027/20260907-4f5c745-v2/sim_recon_sim/scale_up/test_dispatch/instances/native-cfcb44d635255d3a292d64d3af7a8daad31c33edcb3a5b6af5055867b6381bcd/build_bindings.jsonl,491f69eb5372373b0925915f52e99ab7eb9aa8e5cc607cb7ebec40a7d091ccb2,
native_test_L1_engine_v2_20260907-6a60a51-v6,unit-3565a197c9b819218249b987a7757b3d,native-cfcb44d635255d3a292d64d3af7a8daad31c33edcb3a5b6af5055867b6381bcd,B4_ROOM_REPAIR_NATIVE,L0_target_only,r6,BUILD_FAILED,True,False,,/group/worldcept/code/SimAny/outputs/icra2027/20260907-4f5c745-v2/sim_recon_sim/scale_up/test_dispatch/instances/native-cfcb44d635255d3a292d64d3af7a8daad31c33edcb3a5b6af5055867b6381bcd/build_bindings.jsonl,491f69eb5372373b0925915f52e99ab7eb9aa8e5cc607cb7ebec40a7d091ccb2,
native_test_L1_engine_v2_20260907-6a60a51-v6,unit-68ae59e10be81489d8c21720a43dd4d5,native-cfcb44d635255d3a292d64d3af7a8daad31c33edcb3a5b6af5055867b6381bcd,B4_ROOM_REPAIR_NATIVE,L0_target_only,r7,BUILD_FAILED,True,False,,/group/worldcept/code/SimAny/outputs/icra2027/20260907-4f5c745-v2/sim_recon_sim/scale_up/test_dispatch/instances/native-cfcb44d635255d3a292d64d3af7a8daad31c33edcb3a5b6af5055867b6381bcd/build_bindings.jsonl,491f69eb5372373b0925915f52e99ab7eb9aa8e5cc607cb7ebec40a7d091ccb2,
native_test_L1_engine_v2_20260907-6a60a51-v6,unit-5047ecf1938a10426fb1f8f22af67640,native-cfcb44d635255d3a292d64d3af7a8daad31c33edcb3a5b6af5055867b6381bcd,B4_ROOM_REPAIR_NATIVE,L0_target_only,r8,BUILD_FAILED,True,False,,/group/worldcept/code/SimAny/outputs/icra2027/20260907-4f5c745-v2/sim_recon_sim/scale_up/test_dispatch/instances/native-cfcb44d635255d3a292d64d3af7a8daad31c33edcb3a5b6af5055867b6381bcd/build_bindings.jsonl,491f69eb5372373b0925915f52e99ab7eb9aa8e5cc607cb7ebec40a7d091ccb2,
native_test_L1_engine_v2_20260907-6a60a51-v6,unit-bfa4f4bb5b0bc7edfd18999b6ff6350f,native-cfcb44d635255d3a292d64d3af7a8daad31c33edcb3a5b6af5055867b6381bcd,B4_ROOM_REPAIR_NATIVE,L0_target_only,r9,BUILD_FAILED,True,False,,/group/worldcept/code/SimAny/outputs/icra2027/20260907-4f5c745-v2/sim_recon_sim/scale_up/test_dispatch/instances/native-cfcb44d635255d3a292d64d3af7a8daad31c33edcb3a5b6af5055867b6381bcd/build_bindings.jsonl,491f69eb5372373b0925915f52e99ab7eb9aa8e5cc607cb7ebec40a7d091ccb2,
native_test_L1_engine_v2_20260907-6a60a51-v6,unit-1cde37c43c6a2b68df7913664264ae8c,native-16965d36aef6ce17e83f682a29a04213367b09e0443b5ee4495fdfb33da1d8e9,B4_ROOM_REPAIR_NATIVE,L0_target_only,r0,BUILD_FAILED,True,False,,/group/worldcept/code/SimAny/outputs/icra2027/20260907-4f5c745-v2/sim_recon_sim/scale_up/test_dispatch/instances/native-16965d36aef6ce17e83f682a29a04213367b09e0443b5ee4495fdfb33da1d8e9/build_bindings.jsonl,0241d53eb012e20613fab1ea7f093e42c64e89b6c78ecd1f1dce0b99cb4d8b25,
native_test_L1_engine_v2_20260907-6a60a51-v6,unit-80d666bf22e60f11aabb2ad9d1367c5c,native-16965d36aef6ce17e83f682a29a04213367b09e0443b5ee4495fdfb33da1d8e9,B4_ROOM_REPAIR_NATIVE,L0_target_only,r1,BUILD_FAILED,True,False,,/group/worldcept/code/SimAny/outputs/icra2027/20260907-4f5c745-v2/sim_recon_sim/scale_up/test_dispatch/instances/native-16965d36aef6ce17e83f682a29a04213367b09e0443b5ee4495fdfb33da1d8e9/build_bindings.jsonl,0241d53eb012e20613fab1ea7f093e42c64e89b6c78ecd1f1dce0b99cb4d8b25,
native_test_L1_engine_v2_20260907-6a60a51-v6,unit-b7a92d999751e66448fc4d7531e24b94,native-16965d36aef6ce17e83f682a29a04213367b09e0443b5ee4495fdfb33da1d8e9,B4_ROOM_REPAIR_NATIVE,L0_target_only,r2,BUILD_FAILED,True,False,,/group/worldcept/code/SimAny/outputs/icra2027/20260907-4f5c745-v2/sim_recon_sim/scale_up/test_dispatch/instances/native-16965d36aef6ce17e83f682a29a04213367b09e0443b5ee4495fdfb33da1d8e9/build_bindings.jsonl,0241d53eb012e20613fab1ea7f093e42c64e89b6c78ecd1f1dce0b99cb4d8b25,
native_test_L1_engine_v2_20260907-6a60a51-v6,unit-45d57ff7070ddc372e817dd536ea012c,native-16965d36aef6ce17e83f682a29a04213367b09e0443b5ee4495fdfb33da1d8e9,B4_ROOM_REPAIR_NATIVE,L0_target_only,r3,BUILD_FAILED,True,False,,/group/worldcept/code/SimAny/outputs/icra2027/20260907-4f5c745-v2/sim_recon_sim/scale_up/test_dispatch/instances/native-16965d36aef6ce17e83f682a29a04213367b09e0443b5ee4495fdfb33da1d8e9/build_bindings.jsonl,0241d53eb012e20613fab1ea7f093e42c64e89b6c78ecd1f1dce0b99cb4d8b25,
native_test_L1_engine_v2_20260907-6a60a51-v6,unit-69b7d095921f7c4d9158072c87cbbd29,native-16965d36aef6ce17e83f682a29a04213367b09e0443b5ee4495fdfb33da1d8e9,B4_ROOM_REPAIR_NATIVE,L0_target_only,r4,BUILD_FAILED,True,False,,/group/worldcept/code/SimAny/outputs/icra2027/20260907-4f5c745-v2/sim_recon_sim/scale_up/test_dispatch/instances/native-16965d36aef6ce17e83f682a29a04213367b09e0443b5ee4495fdfb33da1d8e9/build_bindings.jsonl,0241d53eb012e20613fab1ea7f093e42c64e89b6c78ecd1f1dce0b99cb4d8b25,
native_test_L1_engine_v2_20260907-6a60a51-v6,unit-4e74e4fb03245d22499fdad8186cf1e9,native-16965d36aef6ce17e83f682a29a04213367b09e0443b5ee4495fdfb33da1d8e9,B4_ROOM_REPAIR_NATIVE,L0_target_only,r5,BUILD_FAILED,True,False,,/group/worldcept/code/SimAny/outputs/icra2027/20260907-4f5c745-v2/sim_recon_sim/scale_up/test_dispatch/instances/native-16965d36aef6ce17e83f682a29a04213367b09e0443b5ee4495fdfb33da1d8e9/build_bindings.jsonl,0241d53eb012e20613fab1ea7f093e42c64e89b6c78ecd1f1dce0b99cb4d8b25,
native_test_L1_engine_v2_20260907-6a60a51-v6,unit-4473a54ad6291dbf3648cff6c55eed9c,native-16965d36aef6ce17e83f682a29a04213367b09e0443b5ee4495fdfb33da1d8e9,B4_ROOM_REPAIR_NATIVE,L0_target_only,r6,BUILD_FAILED,True,False,,/group/worldcept/code/SimAny/outputs/icra2027/20260907-4f5c745-v2/sim_recon_sim/scale_up/test_dispatch/instances/native-16965d36aef6ce17e83f682a29a04213367b09e0443b5ee4495fdfb33da1d8e9/build_bindings.jsonl,0241d53eb012e20613fab1ea7f093e42c64e89b6c78ecd1f1dce0b99cb4d8b25,
native_test_L1_engine_v2_20260907-6a60a51-v6,unit-9e7da6d7e625c25d74dfc3904a80120c,native-16965d36aef6ce17e83f682a29a04213367b09e0443b5ee4495fdfb33da1d8e9,B4_ROOM_REPAIR_NATIVE,L0_target_only,r7,BUILD_FAILED,True,False,,/group/worldcept/code/SimAny/outputs/icra2027/20260907-4f5c745-v2/sim_recon_sim/scale_up/test_dispatch/instances/native-16965d36aef6ce17e83f682a29a04213367b09e0443b5ee4495fdfb33da1d8e9/build_bindings.jsonl,0241d53eb012e20613fab1ea7f093e42c64e89b6c78ecd1f1dce0b99cb4d8b25,
native_test_L1_engine_v2_20260907-6a60a51-v6,unit-8ad9812e72892751d1618254af2cb04a,native-16965d36aef6ce17e83f682a29a04213367b09e0443b5ee4495fdfb33da1d8e9,B4_ROOM_REPAIR_NATIVE,L0_target_only,r8,BUILD_FAILED,True,False,,/group/worldcept/code/SimAny/outputs/icra2027/20260907-4f5c745-v2/sim_recon_sim/scale_up/test_dispatch/instances/native-16965d36aef6ce17e83f682a29a04213367b09e0443b5ee4495fdfb33da1d8e9/build_bindings.jsonl,0241d53eb012e20613fab1ea7f093e42c64e89b6c78ecd1f1dce0b99cb4d8b25,
native_test_L1_engine_v2_20260907-6a60a51-v6,unit-caa2db2e896c30238201bf3543c69a5b,native-16965d36aef6ce17e83f682a29a04213367b09e0443b5ee4495fdfb33da1d8e9,B4_ROOM_REPAIR_NATIVE,L0_target_only,r9,BUILD_FAILED,True,False,,/group/worldcept/code/SimAny/outputs/icra2027/20260907-4f5c745-v2/sim_recon_sim/scale_up/test_dispatch/instances/native-16965d36aef6ce17e83f682a29a04213367b09e0443b5ee4495fdfb33da1d8e9/build_bindings.jsonl,0241d53eb012e20613fab1ea7f093e42c64e89b6c78ecd1f1dce0b99cb4d8b25,
native_test_L1_engine_v2_20260907-6a60a51-v6,unit-bb4a342c57b255d4d178396f89ae3439,native-ca01034d4dab28f6b97bf687b9052888004f9b0cba85f63c70ee47f4683a1864,B4_ROOM_REPAIR_NATIVE,L0_target_only,r0,ABSTAINED,True,False,,/group/worldcept/code/SimAny/outputs/icra2027/20260907-4f5c745-v2/sim_recon_sim/scale_up/test_dispatch/instances/native-ca01034d4dab28f6b97bf687b9052888004f9b0cba85f63c70ee47f4683a1864/build_bindings.jsonl,783747ea132b5ef4f6119ea361decbe3d3b76f15abc3b630be0141b7088fed4b,
native_test_L1_engine_v2_20260907-6a60a51-v6,unit-31b5ea410a792626ce6dba00b680f006,native-ca01034d4dab28f6b97bf687b9052888004f9b0cba85f63c70ee47f4683a1864,B4_ROOM_REPAIR_NATIVE,L0_target_only,r1,ABSTAINED,True,False,,/group/worldcept/code/SimAny/outputs/icra2027/20260907-4f5c745-v2/sim_recon_sim/scale_up/test_dispatch/instances/native-ca01034d4dab28f6b97bf687b9052888004f9b0cba85f63c70ee47f4683a1864/build_bindings.jsonl,783747ea132b5ef4f6119ea361decbe3d3b76f15abc3b630be0141b7088fed4b,
native_test_L1_engine_v2_20260907-6a60a51-v6,unit-b27b141380abca06125f4e35d8c7ddd7,native-ca01034d4dab28f6b97bf687b9052888004f9b0cba85f63c70ee47f4683a1864,B4_ROOM_REPAIR_NATIVE,L0_target_only,r2,ABSTAINED,True,False,,/group/worldcept/code/SimAny/outputs/icra2027/20260907-4f5c745-v2/sim_recon_sim/scale_up/test_dispatch/instances/native-ca01034d4dab28f6b97bf687b9052888004f9b0cba85f63c70ee47f4683a1864/build_bindings.jsonl,783747ea132b5ef4f6119ea361decbe3d3b76f15abc3b630be0141b7088fed4b,
native_test_L1_engine_v2_20260907-6a60a51-v6,unit-0e0d99fc7f08e692fdcd3bb6340859ec,native-ca01034d4dab28f6b97bf687b9052888004f9b0cba85f63c70ee47f4683a1864,B4_ROOM_REPAIR_NATIVE,L0_target_only,r3,ABSTAINED,True,False,,/group/worldcept/code/SimAny/outputs/icra2027/20260907-4f5c745-v2/sim_recon_sim/scale_up/test_dispatch/instances/native-ca01034d4dab28f6b97bf687b9052888004f9b0cba85f63c70ee47f4683a1864/build_bindings.jsonl,783747ea132b5ef4f6119ea361decbe3d3b76f15abc3b630be0141b7088fed4b,
native_test_L1_engine_v2_20260907-6a60a51-v6,unit-8dd2d0184179d8ce3db831c0b02f8491,native-ca01034d4dab28f6b97bf687b9052888004f9b0cba85f63c70ee47f4683a1864,B4_ROOM_REPAIR_NATIVE,L0_target_only,r4,ABSTAINED,True,False,,/group/worldcept/code/SimAny/outputs/icra2027/20260907-4f5c745-v2/sim_recon_sim/scale_up/test_dispatch/instances/native-ca01034d4dab28f6b97bf687b9052888004f9b0cba85f63c70ee47f4683a1864/build_bindings.jsonl,783747ea132b5ef4f6119ea361decbe3d3b76f15abc3b630be0141b7088fed4b,
native_test_L1_engine_v2_20260907-6a60a51-v6,unit-bcafd04adaf9b9e83dce1e30ef37466e,native-ca01034d4dab28f6b97bf687b9052888004f9b0cba85f63c70ee47f4683a1864,B4_ROOM_REPAIR_NATIVE,L0_target_only,r5,ABSTAINED,True,False,,/group/worldcept/code/SimAny/outputs/icra2027/20260907-4f5c745-v2/sim_recon_sim/scale_up/test_dispatch/instances/native-ca01034d4dab28f6b97bf687b9052888004f9b0cba85f63c70ee47f4683a1864/build_bindings.jsonl,783747ea132b5ef4f6119ea361decbe3d3b76f15abc3b630be0141b7088fed4b,
native_test_L1_engine_v2_20260907-6a60a51-v6,unit-dd5706a43601f3c1de0a1ba80aa21253,native-ca01034d4dab28f6b97bf687b9052888004f9b0cba85f63c70ee47f4683a1864,B4_ROOM_REPAIR_NATIVE,L0_target_only,r6,ABSTAINED,True,False,,/group/worldcept/code/SimAny/outputs/icra2027/20260907-4f5c745-v2/sim_recon_sim/scale_up/test_dispatch/instances/native-ca01034d4dab28f6b97bf687b9052888004f9b0cba85f63c70ee47f4683a1864/build_bindings.jsonl,783747ea132b5ef4f6119ea361decbe3d3b76f15abc3b630be0141b7088fed4b,
native_test_L1_engine_v2_20260907-6a60a51-v6,unit-a2f80dabc94ea2d12d42b6e15b6eccc3,native-ca01034d4dab28f6b97bf687b9052888004f9b0cba85f63c70ee47f4683a1864,B4_ROOM_REPAIR_NATIVE,L0_target_only,r7,ABSTAINED,True,False,,/group/worldcept/code/SimAny/outputs/icra2027/20260907-4f5c745-v2/sim_recon_sim/scale_up/test_dispatch/instances/native-ca01034d4dab28f6b97bf687b9052888004f9b0cba85f63c70ee47f4683a1864/build_bindings.jsonl,783747ea132b5ef4f6119ea361decbe3d3b76f15abc3b630be0141b7088fed4b,
native_test_L1_engine_v2_20260907-6a60a51-v6,unit-b65f80595cb8d5bbce84db27f3b3e5ef,native-ca01034d4dab28f6b97bf687b9052888004f9b0cba85f63c70ee47f4683a1864,B4_ROOM_REPAIR_NATIVE,L0_target_only,r8,ABSTAINED,True,False,,/group/worldcept/code/SimAny/outputs/icra2027/20260907-4f5c745-v2/sim_recon_sim/scale_up/test_dispatch/instances/native-ca01034d4dab28f6b97bf687b9052888004f9b0cba85f63c70ee47f4683a1864/build_bindings.jsonl,783747ea132b5ef4f6119ea361decbe3d3b76f15abc3b630be0141b7088fed4b,
native_test_L1_engine_v2_20260907-6a60a51-v6,unit-048479bc09e9f9917f08a56af8fc1227,native-ca01034d4dab28f6b97bf687b9052888004f9b0cba85f63c70ee47f4683a1864,B4_ROOM_REPAIR_NATIVE,L0_target_only,r9,ABSTAINED,True,False,,/group/worldcept/code/SimAny/outputs/icra2027/20260907-4f5c745-v2/sim_recon_sim/scale_up/test_dispatch/instances/native-ca01034d4dab28f6b97bf687b9052888004f9b0cba85f63c70ee47f4683a1864/build_bindings.jsonl,783747ea132b5ef4f6119ea361decbe3d3b76f15abc3b630be0141b7088fed4b,
native_test_L1_engine_v2_20260907-6a60a51-v6,unit-67774bdd053dfc8d6432c939297df0c8,native-13f5298a0fba7dcbc205c0858fd4b893535887e84a1dda9ac1f00ede52742d30,B4_ROOM_REPAIR_NATIVE,L0_target_only,r0,NOT_SCHEDULED,False,,,,,
native_test_L1_engine_v2_20260907-6a60a51-v6,unit-f8a535a951e318dd7298a0ebe3dee706,native-13f5298a0fba7dcbc205c0858fd4b893535887e84a1dda9ac1f00ede52742d30,B4_ROOM_REPAIR_NATIVE,L0_target_only,r1,NOT_SCHEDULED,False,,,,,
native_test_L1_engine_v2_20260907-6a60a51-v6,unit-327f904331865f4c553e5f3fb7cdc38d,native-13f5298a0fba7dcbc205c0858fd4b893535887e84a1dda9ac1f00ede52742d30,B4_ROOM_REPAIR_NATIVE,L0_target_only,r2,NOT_SCHEDULED,False,,,,,
native_test_L1_engine_v2_20260907-6a60a51-v6,unit-c09f5f52e058544c3481fcc68f69c596,native-13f5298a0fba7dcbc205c0858fd4b893535887e84a1dda9ac1f00ede52742d30,B4_ROOM_REPAIR_NATIVE,L0_target_only,r3,NOT_SCHEDULED,False,,,,,
native_test_L1_engine_v2_20260907-6a60a51-v6,unit-b42fac521ca34b9c06a632054bc19a86,native-13f5298a0fba7dcbc205c0858fd4b893535887e84a1dda9ac1f00ede52742d30,B4_ROOM_REPAIR_NATIVE,L0_target_only,r4,NOT_SCHEDULED,False,,,,,
native_test_L1_engine_v2_20260907-6a60a51-v6,unit-c36f1fff1168a2a5f9b4a5eac379923f,native-13f5298a0fba7dcbc205c0858fd4b893535887e84a1dda9ac1f00ede52742d30,B4_ROOM_REPAIR_NATIVE,L0_target_only,r5,NOT_SCHEDULED,False,,,,,
native_test_L1_engine_v2_20260907-6a60a51-v6,unit-e90a47c2d28d7b0498cbece67e0b683b,native-13f5298a0fba7dcbc205c0858fd4b893535887e84a1dda9ac1f00ede52742d30,B4_ROOM_REPAIR_NATIVE,L0_target_only,r6,NOT_SCHEDULED,False,,,,,
native_test_L1_engine_v2_20260907-6a60a51-v6,unit-21678b5dc57cec0904e9bd7103afaa7d,native-13f5298a0fba7dcbc205c0858fd4b893535887e84a1dda9ac1f00ede52742d30,B4_ROOM_REPAIR_NATIVE,L0_target_only,r7,NOT_SCHEDULED,False,,,,,
native_test_L1_engine_v2_20260907-6a60a51-v6,unit-587a7eaab1b858b3c6c6c70b20b36ded,native-13f5298a0fba7dcbc205c0858fd4b893535887e84a1dda9ac1f00ede52742d30,B4_ROOM_REPAIR_NATIVE,L0_target_only,r8,NOT_SCHEDULED,False,,,,,
native_test_L1_engine_v2_20260907-6a60a51-v6,unit-99e403bd4330a7c018f2e2fc5b275257,native-13f5298a0fba7dcbc205c0858fd4b893535887e84a1dda9ac1f00ede52742d30,B4_ROOM_REPAIR_NATIVE,L0_target_only,r9,NOT_SCHEDULED,False,,,,,
native_test_L1_engine_v2_20260907-6a60a51-v6,unit-9e120b0239ef8d8e2e0b48f0305f08de,native-29385b26f4a5c4b4a50eb708dff767aff9483f106e4b2e03e92043eab6e43ba3,B4_ROOM_REPAIR_NATIVE,L0_target_only,r0,ABSTAINED,True,False,,/group/worldcept/code/SimAny/outputs/icra2027/20260907-4f5c745-v2/sim_recon_sim/scale_up/test_dispatch/instances/native-29385b26f4a5c4b4a50eb708dff767aff9483f106e4b2e03e92043eab6e43ba3/build_bindings.jsonl,97ef809c314af0ae99c015c5e1fb3f6e29a3f3cda63eb2f866b95641943795e2,
native_test_L1_engine_v2_20260907-6a60a51-v6,unit-d9327becd69f427f43852a8d5be93c70,native-29385b26f4a5c4b4a50eb708dff767aff9483f106e4b2e03e92043eab6e43ba3,B4_ROOM_REPAIR_NATIVE,L0_target_only,r1,ABSTAINED,True,False,,/group/worldcept/code/SimAny/outputs/icra2027/20260907-4f5c745-v2/sim_recon_sim/scale_up/test_dispatch/instances/native-29385b26f4a5c4b4a50eb708dff767aff9483f106e4b2e03e92043eab6e43ba3/build_bindings.jsonl,97ef809c314af0ae99c015c5e1fb3f6e29a3f3cda63eb2f866b95641943795e2,
native_test_L1_engine_v2_20260907-6a60a51-v6,unit-0174c1af2e30a1f73477e372ff7c4e1c,native-29385b26f4a5c4b4a50eb708dff767aff9483f106e4b2e03e92043eab6e43ba3,B4_ROOM_REPAIR_NATIVE,L0_target_only,r2,ABSTAINED,True,False,,/group/worldcept/code/SimAny/outputs/icra2027/20260907-4f5c745-v2/sim_recon_sim/scale_up/test_dispatch/instances/native-29385b26f4a5c4b4a50eb708dff767aff9483f106e4b2e03e92043eab6e43ba3/build_bindings.jsonl,97ef809c314af0ae99c015c5e1fb3f6e29a3f3cda63eb2f866b95641943795e2,
native_test_L1_engine_v2_20260907-6a60a51-v6,unit-d78b09fe84b0c61288d3c6d9513630ca,native-29385b26f4a5c4b4a50eb708dff767aff9483f106e4b2e03e92043eab6e43ba3,B4_ROOM_REPAIR_NATIVE,L0_target_only,r3,ABSTAINED,True,False,,/group/worldcept/code/SimAny/outputs/icra2027/20260907-4f5c745-v2/sim_recon_sim/scale_up/test_dispatch/instances/native-29385b26f4a5c4b4a50eb708dff767aff9483f106e4b2e03e92043eab6e43ba3/build_bindings.jsonl,97ef809c314af0ae99c015c5e1fb3f6e29a3f3cda63eb2f866b95641943795e2,
native_test_L1_engine_v2_20260907-6a60a51-v6,unit-084e382c1bd2159c642f1a6061544f46,native-29385b26f4a5c4b4a50eb708dff767aff9483f106e4b2e03e92043eab6e43ba3,B4_ROOM_REPAIR_NATIVE,L0_target_only,r4,ABSTAINED,True,False,,/group/worldcept/code/SimAny/outputs/icra2027/20260907-4f5c745-v2/sim_recon_sim/scale_up/test_dispatch/instances/native-29385b26f4a5c4b4a50eb708dff767aff9483f106e4b2e03e92043eab6e43ba3/build_bindings.jsonl,97ef809c314af0ae99c015c5e1fb3f6e29a3f3cda63eb2f866b95641943795e2,
native_test_L1_engine_v2_20260907-6a60a51-v6,unit-e6c6d3587d7bf1a88aa93d2495d75895,native-29385b26f4a5c4b4a50eb708dff767aff9483f106e4b2e03e92043eab6e43ba3,B4_ROOM_REPAIR_NATIVE,L0_target_only,r5,ABSTAINED,True,False,,/group/worldcept/code/SimAny/outputs/icra2027/20260907-4f5c745-v2/sim_recon_sim/scale_up/test_dispatch/instances/native-29385b26f4a5c4b4a50eb708dff767aff9483f106e4b2e03e92043eab6e43ba3/build_bindings.jsonl,97ef809c314af0ae99c015c5e1fb3f6e29a3f3cda63eb2f866b95641943795e2,
native_test_L1_engine_v2_20260907-6a60a51-v6,unit-9d34a3b1010d8d20ebea727565415440,native-29385b26f4a5c4b4a50eb708dff767aff9483f106e4b2e03e92043eab6e43ba3,B4_ROOM_REPAIR_NATIVE,L0_target_only,r6,ABSTAINED,True,False,,/group/worldcept/code/SimAny/outputs/icra2027/20260907-4f5c745-v2/sim_recon_sim/scale_up/test_dispatch/instances/native-29385b26f4a5c4b4a50eb708dff767aff9483f106e4b2e03e92043eab6e43ba3/build_bindings.jsonl,97ef809c314af0ae99c015c5e1fb3f6e29a3f3cda63eb2f866b95641943795e2,
native_test_L1_engine_v2_20260907-6a60a51-v6,unit-b0a077ea67acdf1fdc87b50d28dd4799,native-29385b26f4a5c4b4a50eb708dff767aff9483f106e4b2e03e92043eab6e43ba3,B4_ROOM_REPAIR_NATIVE,L0_target_only,r7,ABSTAINED,True,False,,/group/worldcept/code/SimAny/outputs/icra2027/20260907-4f5c745-v2/sim_recon_sim/scale_up/test_dispatch/instances/native-29385b26f4a5c4b4a50eb708dff767aff9483f106e4b2e03e92043eab6e43ba3/build_bindings.jsonl,97ef809c314af0ae99c015c5e1fb3f6e29a3f3cda63eb2f866b95641943795e2,
native_test_L1_engine_v2_20260907-6a60a51-v6,unit-24bd77ed63e651e753428f237f3f8c73,native-29385b26f4a5c4b4a50eb708dff767aff9483f106e4b2e03e92043eab6e43ba3,B4_ROOM_REPAIR_NATIVE,L0_target_only,r8,ABSTAINED,True,False,,/group/worldcept/code/SimAny/outputs/icra2027/20260907-4f5c745-v2/sim_recon_sim/scale_up/test_dispatch/instances/native-29385b26f4a5c4b4a50eb708dff767aff9483f106e4b2e03e92043eab6e43ba3/build_bindings.jsonl,97ef809c314af0ae99c015c5e1fb3f6e29a3f3cda63eb2f866b95641943795e2,
native_test_L1_engine_v2_20260907-6a60a51-v6,unit-78a01c84baee8f1674cff363debf1c50,native-29385b26f4a5c4b4a50eb708dff767aff9483f106e4b2e03e92043eab6e43ba3,B4_ROOM_REPAIR_NATIVE,L0_target_only,r9,ABSTAINED,True,False,,/group/worldcept/code/SimAny/outputs/icra2027/20260907-4f5c745-v2/sim_recon_sim/scale_up/test_dispatch/instances/native-29385b26f4a5c4b4a50eb708dff767aff9483f106e4b2e03e92043eab6e43ba3/build_bindings.jsonl,97ef809c314af0ae99c015c5e1fb3f6e29a3f3cda63eb2f866b95641943795e2,
native_test_L1_engine_v2_20260907-6a60a51-v6,unit-b83893a15e99d5886d20e4f0cffd3e25,native-bc62c163118295cb959755287ab4eaf5b5c8208e9987a8e3ea4bc03631fb21fb,B3_AGENT_NATIVE,L1_target_destination,r0,RECORDED,True,True,False,,,
native_test_L1_engine_v2_20260907-6a60a51-v6,unit-08fdd9d9eb6cbafb5c1712029de68614,native-bc62c163118295cb959755287ab4eaf5b5c8208e9987a8e3ea4bc03631fb21fb,B3_AGENT_NATIVE,L1_target_destination,r1,RECORDED,True,True,False,,,
native_test_L1_engine_v2_20260907-6a60a51-v6,unit-ba56c0bf5b0536497bd4b378ddde4556,native-bc62c163118295cb959755287ab4eaf5b5c8208e9987a8e3ea4bc03631fb21fb,B3_AGENT_NATIVE,L1_target_destination,r2,RECORDED,True,True,False,,,
native_test_L1_engine_v2_20260907-6a60a51-v6,unit-e4d71e3cfb7c40a70bfaf64ddc93e824,native-bc62c163118295cb959755287ab4eaf5b5c8208e9987a8e3ea4bc03631fb21fb,B3_AGENT_NATIVE,L1_target_destination,r3,RECORDED,True,True,False,,,
native_test_L1_engine_v2_20260907-6a60a51-v6,unit-881ad7487ee03d2d5df830a721f86a81,native-bc62c163118295cb959755287ab4eaf5b5c8208e9987a8e3ea4bc03631fb21fb,B3_AGENT_NATIVE,L1_target_destination,r4,RECORDED,True,True,False,,,
native_test_L1_engine_v2_20260907-6a60a51-v6,unit-6aa3b4bb22f09d16ae2952a3dff73d41,native-bc62c163118295cb959755287ab4eaf5b5c8208e9987a8e3ea4bc03631fb21fb,B3_AGENT_NATIVE,L1_target_destination,r5,RECORDED,True,True,False,,,
native_test_L1_engine_v2_20260907-6a60a51-v6,unit-93f8ccb97afc12605949bcdeb642e2f7,native-bc62c163118295cb959755287ab4eaf5b5c8208e9987a8e3ea4bc03631fb21fb,B3_AGENT_NATIVE,L1_target_destination,r6,RECORDED,True,True,False,,,
native_test_L1_engine_v2_20260907-6a60a51-v6,unit-79d38572c5f45732c620d8bb1592c38d,native-bc62c163118295cb959755287ab4eaf5b5c8208e9987a8e3ea4bc03631fb21fb,B3_AGENT_NATIVE,L1_target_destination,r7,RECORDED,True,True,False,,,
native_test_L1_engine_v2_20260907-6a60a51-v6,unit-2429bb374ca6e8346000ee8733f19d59,native-bc62c163118295cb959755287ab4eaf5b5c8208e9987a8e3ea4bc03631fb21fb,B3_AGENT_NATIVE,L1_target_destination,r8,RECORDED,True,True,False,,,
native_test_L1_engine_v2_20260907-6a60a51-v6,unit-819e443457eedc510749f17d10cf3246,native-bc62c163118295cb959755287ab4eaf5b5c8208e9987a8e3ea4bc03631fb21fb,B3_AGENT_NATIVE,L1_target_destination,r9,RECORDED,True,True,False,,,
native_test_L1_engine_v2_20260907-6a60a51-v6,unit-057c4137ce01c4afcfcdae529d1f763f,native-5644ccc3513a6015e787e9698468b719ec757ef7f59f908364289d80673fa474,B3_AGENT_NATIVE,L1_target_destination,r0,NOT_SCHEDULED,False,,,,,
native_test_L1_engine_v2_20260907-6a60a51-v6,unit-a7c5e188da19be7a496880c507c23b47,native-5644ccc3513a6015e787e9698468b719ec757ef7f59f908364289d80673fa474,B3_AGENT_NATIVE,L1_target_destination,r1,NOT_SCHEDULED,False,,,,,
native_test_L1_engine_v2_20260907-6a60a51-v6,unit-475e944c8b5e886c0e6b63d2fbdb9cbe,native-5644ccc3513a6015e787e9698468b719ec757ef7f59f908364289d80673fa474,B3_AGENT_NATIVE,L1_target_destination,r2,NOT_SCHEDULED,False,,,,,
native_test_L1_engine_v2_20260907-6a60a51-v6,unit-3adee8e5ac43a9b5adca06c962d5322b,native-5644ccc3513a6015e787e9698468b719ec757ef7f59f908364289d80673fa474,B3_AGENT_NATIVE,L1_target_destination,r3,NOT_SCHEDULED,False,,,,,
native_test_L1_engine_v2_20260907-6a60a51-v6,unit-1919cde66a9c18323a9ded9e77a03680,native-5644ccc3513a6015e787e9698468b719ec757ef7f59f908364289d80673fa474,B3_AGENT_NATIVE,L1_target_destination,r4,NOT_SCHEDULED,False,,,,,
native_test_L1_engine_v2_20260907-6a60a51-v6,unit-7ad4a60fa591a3e920b20068eeb4e53a,native-5644ccc3513a6015e787e9698468b719ec757ef7f59f908364289d80673fa474,B3_AGENT_NATIVE,L1_target_destination,r5,NOT_SCHEDULED,False,,,,,
native_test_L1_engine_v2_20260907-6a60a51-v6,unit-a96b143e0f4e9443e14243c820b2080f,native-5644ccc3513a6015e787e9698468b719ec757ef7f59f908364289d80673fa474,B3_AGENT_NATIVE,L1_target_destination,r6,NOT_SCHEDULED,False,,,,,
native_test_L1_engine_v2_20260907-6a60a51-v6,unit-c03f94afbd8e86bfff391fed8ec56bf9,native-5644ccc3513a6015e787e9698468b719ec757ef7f59f908364289d80673fa474,B3_AGENT_NATIVE,L1_target_destination,r7,NOT_SCHEDULED,False,,,,,
native_test_L1_engine_v2_20260907-6a60a51-v6,unit-e0831fe8a9cc49f60eba2521046aa87e,native-5644ccc3513a6015e787e9698468b719ec757ef7f59f908364289d80673fa474,B3_AGENT_NATIVE,L1_target_destination,r8,NOT_SCHEDULED,False,,,,,
native_test_L1_engine_v2_20260907-6a60a51-v6,unit-4fc7e8b95f197ba10a1a55a2465130e3,native-5644ccc3513a6015e787e9698468b719ec757ef7f59f908364289d80673fa474,B3_AGENT_NATIVE,L1_target_destination,r9,NOT_SCHEDULED,False,,,,,
native_test_L1_engine_v2_20260907-6a60a51-v6,unit-630fd8f1494bc20ff11fc53982abf122,native-6472a1eb5d52a97d7b657b6e4ded936f32701d9b9fdeaebe7ff8478f571eac77,B3_AGENT_NATIVE,L1_target_destination,r0,BUILD_FAILED,True,False,,/group/worldcept/code/SimAny/outputs/icra2027/20260907-4f5c745-v2/sim_recon_sim/scale_up/test_dispatch/instances/native-6472a1eb5d52a97d7b657b6e4ded936f32701d9b9fdeaebe7ff8478f571eac77/build_bindings.jsonl,0f6b382c26ce0ea49854c019095b5931acecffa9976dc4810b03ac264a943dc2,inherited_target
native_test_L1_engine_v2_20260907-6a60a51-v6,unit-f3f0b191549f2ac0bfec944082b0dda8,native-6472a1eb5d52a97d7b657b6e4ded936f32701d9b9fdeaebe7ff8478f571eac77,B3_AGENT_NATIVE,L1_target_destination,r1,BUILD_FAILED,True,False,,/group/worldcept/code/SimAny/outputs/icra2027/20260907-4f5c745-v2/sim_recon_sim/scale_up/test_dispatch/instances/native-6472a1eb5d52a97d7b657b6e4ded936f32701d9b9fdeaebe7ff8478f571eac77/build_bindings.jsonl,0f6b382c26ce0ea49854c019095b5931acecffa9976dc4810b03ac264a943dc2,inherited_target
native_test_L1_engine_v2_20260907-6a60a51-v6,unit-7d2ce5719dd4c0d9d1103ae8d27efaab,native-6472a1eb5d52a97d7b657b6e4ded936f32701d9b9fdeaebe7ff8478f571eac77,B3_AGENT_NATIVE,L1_target_destination,r2,BUILD_FAILED,True,False,,/group/worldcept/code/SimAny/outputs/icra2027/20260907-4f5c745-v2/sim_recon_sim/scale_up/test_dispatch/instances/native-6472a1eb5d52a97d7b657b6e4ded936f32701d9b9fdeaebe7ff8478f571eac77/build_bindings.jsonl,0f6b382c26ce0ea49854c019095b5931acecffa9976dc4810b03ac264a943dc2,inherited_target
native_test_L1_engine_v2_20260907-6a60a51-v6,unit-25eed899ac2ca3c9c3238dab58e063a3,native-6472a1eb5d52a97d7b657b6e4ded936f32701d9b9fdeaebe7ff8478f571eac77,B3_AGENT_NATIVE,L1_target_destination,r3,BUILD_FAILED,True,False,,/group/worldcept/code/SimAny/outputs/icra2027/20260907-4f5c745-v2/sim_recon_sim/scale_up/test_dispatch/instances/native-6472a1eb5d52a97d7b657b6e4ded936f32701d9b9fdeaebe7ff8478f571eac77/build_bindings.jsonl,0f6b382c26ce0ea49854c019095b5931acecffa9976dc4810b03ac264a943dc2,inherited_target
native_test_L1_engine_v2_20260907-6a60a51-v6,unit-c3cd77a5808fdb107cbbb7fee57d5bd0,native-6472a1eb5d52a97d7b657b6e4ded936f32701d9b9fdeaebe7ff8478f571eac77,B3_AGENT_NATIVE,L1_target_destination,r4,BUILD_FAILED,True,False,,/group/worldcept/code/SimAny/outputs/icra2027/20260907-4f5c745-v2/sim_recon_sim/scale_up/test_dispatch/instances/native-6472a1eb5d52a97d7b657b6e4ded936f32701d9b9fdeaebe7ff8478f571eac77/build_bindings.jsonl,0f6b382c26ce0ea49854c019095b5931acecffa9976dc4810b03ac264a943dc2,inherited_target
native_test_L1_engine_v2_20260907-6a60a51-v6,unit-02108af20c32a5148572e2912b4a1aa0,native-6472a1eb5d52a97d7b657b6e4ded936f32701d9b9fdeaebe7ff8478f571eac77,B3_AGENT_NATIVE,L1_target_destination,r5,BUILD_FAILED,True,False,,/group/worldcept/code/SimAny/outputs/icra2027/20260907-4f5c745-v2/sim_recon_sim/scale_up/test_dispatch/instances/native-6472a1eb5d52a97d7b657b6e4ded936f32701d9b9fdeaebe7ff8478f571eac77/build_bindings.jsonl,0f6b382c26ce0ea49854c019095b5931acecffa9976dc4810b03ac264a943dc2,inherited_target
native_test_L1_engine_v2_20260907-6a60a51-v6,unit-d226487d5c7e74666288fb5f621a3881,native-6472a1eb5d52a97d7b657b6e4ded936f32701d9b9fdeaebe7ff8478f571eac77,B3_AGENT_NATIVE,L1_target_destination,r6,BUILD_FAILED,True,False,,/group/worldcept/code/SimAny/outputs/icra2027/20260907-4f5c745-v2/sim_recon_sim/scale_up/test_dispatch/instances/native-6472a1eb5d52a97d7b657b6e4ded936f32701d9b9fdeaebe7ff8478f571eac77/build_bindings.jsonl,0f6b382c26ce0ea49854c019095b5931acecffa9976dc4810b03ac264a943dc2,inherited_target
native_test_L1_engine_v2_20260907-6a60a51-v6,unit-4957e8a1043cb7e6c83c593207fd28c8,native-6472a1eb5d52a97d7b657b6e4ded936f32701d9b9fdeaebe7ff8478f571eac77,B3_AGENT_NATIVE,L1_target_destination,r7,BUILD_FAILED,True,False,,/group/worldcept/code/SimAny/outputs/icra2027/20260907-4f5c745-v2/sim_recon_sim/scale_up/test_dispatch/instances/native-6472a1eb5d52a97d7b657b6e4ded936f32701d9b9fdeaebe7ff8478f571eac77/build_bindings.jsonl,0f6b382c26ce0ea49854c019095b5931acecffa9976dc4810b03ac264a943dc2,inherited_target
native_test_L1_engine_v2_20260907-6a60a51-v6,unit-77dea2b18c59bd05122cf21cc109c77b,native-6472a1eb5d52a97d7b657b6e4ded936f32701d9b9fdeaebe7ff8478f571eac77,B3_AGENT_NATIVE,L1_target_destination,r8,BUILD_FAILED,True,False,,/group/worldcept/code/SimAny/outputs/icra2027/20260907-4f5c745-v2/sim_recon_sim/scale_up/test_dispatch/instances/native-6472a1eb5d52a97d7b657b6e4ded936f32701d9b9fdeaebe7ff8478f571eac77/build_bindings.jsonl,0f6b382c26ce0ea49854c019095b5931acecffa9976dc4810b03ac264a943dc2,inherited_target
native_test_L1_engine_v2_20260907-6a60a51-v6,unit-1af833a4a8f4523abc3565afadf0974c,native-6472a1eb5d52a97d7b657b6e4ded936f32701d9b9fdeaebe7ff8478f571eac77,B3_AGENT_NATIVE,L1_target_destination,r9,BUILD_FAILED,True,False,,/group/worldcept/code/SimAny/outputs/icra2027/20260907-4f5c745-v2/sim_recon_sim/scale_up/test_dispatch/instances/native-6472a1eb5d52a97d7b657b6e4ded936f32701d9b9fdeaebe7ff8478f571eac77/build_bindings.jsonl,0f6b382c26ce0ea49854c019095b5931acecffa9976dc4810b03ac264a943dc2,inherited_target
native_test_L1_engine_v2_20260907-6a60a51-v6,unit-e618983cb4943fbedb5d2870c7508ef7,native-5683112f9a83449e494300495db2a9d00260e6d219171ccfc787a7f0d62c8504,B3_AGENT_NATIVE,L1_target_destination,r0,BUILD_FAILED,True,False,,/group/worldcept/code/SimAny/outputs/icra2027/20260907-4f5c745-v2/sim_recon_sim/scale_up/test_dispatch/instances/native-5683112f9a83449e494300495db2a9d00260e6d219171ccfc787a7f0d62c8504/build_bindings.jsonl,0dd939e000492b129ee6728eda07a7c8b8bef7aa209291ea692374a3dd3d96d3,inherited_target
native_test_L1_engine_v2_20260907-6a60a51-v6,unit-06bc8110fe8adbfa582d83e0e264f6df,native-5683112f9a83449e494300495db2a9d00260e6d219171ccfc787a7f0d62c8504,B3_AGENT_NATIVE,L1_target_destination,r1,BUILD_FAILED,True,False,,/group/worldcept/code/SimAny/outputs/icra2027/20260907-4f5c745-v2/sim_recon_sim/scale_up/test_dispatch/instances/native-5683112f9a83449e494300495db2a9d00260e6d219171ccfc787a7f0d62c8504/build_bindings.jsonl,0dd939e000492b129ee6728eda07a7c8b8bef7aa209291ea692374a3dd3d96d3,inherited_target
native_test_L1_engine_v2_20260907-6a60a51-v6,unit-3afe5b12c2e7905b03547ff3ce932bb9,native-5683112f9a83449e494300495db2a9d00260e6d219171ccfc787a7f0d62c8504,B3_AGENT_NATIVE,L1_target_destination,r2,BUILD_FAILED,True,False,,/group/worldcept/code/SimAny/outputs/icra2027/20260907-4f5c745-v2/sim_recon_sim/scale_up/test_dispatch/instances/native-5683112f9a83449e494300495db2a9d00260e6d219171ccfc787a7f0d62c8504/build_bindings.jsonl,0dd939e000492b129ee6728eda07a7c8b8bef7aa209291ea692374a3dd3d96d3,inherited_target
native_test_L1_engine_v2_20260907-6a60a51-v6,unit-ae7e5c7ee26fd4af391100d2c12192c6,native-5683112f9a83449e494300495db2a9d00260e6d219171ccfc787a7f0d62c8504,B3_AGENT_NATIVE,L1_target_destination,r3,BUILD_FAILED,True,False,,/group/worldcept/code/SimAny/outputs/icra2027/20260907-4f5c745-v2/sim_recon_sim/scale_up/test_dispatch/instances/native-5683112f9a83449e494300495db2a9d00260e6d219171ccfc787a7f0d62c8504/build_bindings.jsonl,0dd939e000492b129ee6728eda07a7c8b8bef7aa209291ea692374a3dd3d96d3,inherited_target
native_test_L1_engine_v2_20260907-6a60a51-v6,unit-efbeb46524dcb70bfbf0475ae84927be,native-5683112f9a83449e494300495db2a9d00260e6d219171ccfc787a7f0d62c8504,B3_AGENT_NATIVE,L1_target_destination,r4,BUILD_FAILED,True,False,,/group/worldcept/code/SimAny/outputs/icra2027/20260907-4f5c745-v2/sim_recon_sim/scale_up/test_dispatch/instances/native-5683112f9a83449e494300495db2a9d00260e6d219171ccfc787a7f0d62c8504/build_bindings.jsonl,0dd939e000492b129ee6728eda07a7c8b8bef7aa209291ea692374a3dd3d96d3,inherited_target
native_test_L1_engine_v2_20260907-6a60a51-v6,unit-2f76f783523c818b230b83d62be30e1d,native-5683112f9a83449e494300495db2a9d00260e6d219171ccfc787a7f0d62c8504,B3_AGENT_NATIVE,L1_target_destination,r5,BUILD_FAILED,True,False,,/group/worldcept/code/SimAny/outputs/icra2027/20260907-4f5c745-v2/sim_recon_sim/scale_up/test_dispatch/instances/native-5683112f9a83449e494300495db2a9d00260e6d219171ccfc787a7f0d62c8504/build_bindings.jsonl,0dd939e000492b129ee6728eda07a7c8b8bef7aa209291ea692374a3dd3d96d3,inherited_target
native_test_L1_engine_v2_20260907-6a60a51-v6,unit-3684a952b8390140c4555b1090abd96a,native-5683112f9a83449e494300495db2a9d00260e6d219171ccfc787a7f0d62c8504,B3_AGENT_NATIVE,L1_target_destination,r6,BUILD_FAILED,True,False,,/group/worldcept/code/SimAny/outputs/icra2027/20260907-4f5c745-v2/sim_recon_sim/scale_up/test_dispatch/instances/native-5683112f9a83449e494300495db2a9d00260e6d219171ccfc787a7f0d62c8504/build_bindings.jsonl,0dd939e000492b129ee6728eda07a7c8b8bef7aa209291ea692374a3dd3d96d3,inherited_target
native_test_L1_engine_v2_20260907-6a60a51-v6,unit-16fd2d40f43131888e9c856aef506c02,native-5683112f9a83449e494300495db2a9d00260e6d219171ccfc787a7f0d62c8504,B3_AGENT_NATIVE,L1_target_destination,r7,BUILD_FAILED,True,False,,/group/worldcept/code/SimAny/outputs/icra2027/20260907-4f5c745-v2/sim_recon_sim/scale_up/test_dispatch/instances/native-5683112f9a83449e494300495db2a9d00260e6d219171ccfc787a7f0d62c8504/build_bindings.jsonl,0dd939e000492b129ee6728eda07a7c8b8bef7aa209291ea692374a3dd3d96d3,inherited_target
native_test_L1_engine_v2_20260907-6a60a51-v6,unit-9787d2ae71a25382ba141d7d63a1c06b,native-5683112f9a83449e494300495db2a9d00260e6d219171ccfc787a7f0d62c8504,B3_AGENT_NATIVE,L1_target_destination,r8,BUILD_FAILED,True,False,,/group/worldcept/code/SimAny/outputs/icra2027/20260907-4f5c745-v2/sim_recon_sim/scale_up/test_dispatch/instances/native-5683112f9a83449e494300495db2a9d00260e6d219171ccfc787a7f0d62c8504/build_bindings.jsonl,0dd939e000492b129ee6728eda07a7c8b8bef7aa209291ea692374a3dd3d96d3,inherited_target
native_test_L1_engine_v2_20260907-6a60a51-v6,unit-a53b97473069471e914056068ec1aa97,native-5683112f9a83449e494300495db2a9d00260e6d219171ccfc787a7f0d62c8504,B3_AGENT_NATIVE,L1_target_destination,r9,BUILD_FAILED,True,False,,/group/worldcept/code/SimAny/outputs/icra2027/20260907-4f5c745-v2/sim_recon_sim/scale_up/test_dispatch/instances/native-5683112f9a83449e494300495db2a9d00260e6d219171ccfc787a7f0d62c8504/build_bindings.jsonl,0dd939e000492b129ee6728eda07a7c8b8bef7aa209291ea692374a3dd3d96d3,inherited_target
native_test_L1_engine_v2_20260907-6a60a51-v6,unit-0a594760edccec7b7055fb3826f57bfb,native-789b4c346afbcd62248c8f0a95e90ee58aec9f9067403bf0ff013a1ebe91bf41,B3_AGENT_NATIVE,L1_target_destination,r0,BUILD_FAILED,True,False,,/group/worldcept/code/SimAny/outputs/icra2027/20260907-4f5c745-v2/sim_recon_sim/scale_up/test_dispatch/instances/native-789b4c346afbcd62248c8f0a95e90ee58aec9f9067403bf0ff013a1ebe91bf41/build_bindings.jsonl,04806ae9352ed0217c1cfb538e41b5aab2ceae4b20cd3c781843cff73e561542,inherited_target
native_test_L1_engine_v2_20260907-6a60a51-v6,unit-4923ff1afe617f1770f261e63d812169,native-789b4c346afbcd62248c8f0a95e90ee58aec9f9067403bf0ff013a1ebe91bf41,B3_AGENT_NATIVE,L1_target_destination,r1,BUILD_FAILED,True,False,,/group/worldcept/code/SimAny/outputs/icra2027/20260907-4f5c745-v2/sim_recon_sim/scale_up/test_dispatch/instances/native-789b4c346afbcd62248c8f0a95e90ee58aec9f9067403bf0ff013a1ebe91bf41/build_bindings.jsonl,04806ae9352ed0217c1cfb538e41b5aab2ceae4b20cd3c781843cff73e561542,inherited_target
native_test_L1_engine_v2_20260907-6a60a51-v6,unit-4f65ca4ca4c98c87ebf1f1e44e783b6b,native-789b4c346afbcd62248c8f0a95e90ee58aec9f9067403bf0ff013a1ebe91bf41,B3_AGENT_NATIVE,L1_target_destination,r2,BUILD_FAILED,True,False,,/group/worldcept/code/SimAny/outputs/icra2027/20260907-4f5c745-v2/sim_recon_sim/scale_up/test_dispatch/instances/native-789b4c346afbcd62248c8f0a95e90ee58aec9f9067403bf0ff013a1ebe91bf41/build_bindings.jsonl,04806ae9352ed0217c1cfb538e41b5aab2ceae4b20cd3c781843cff73e561542,inherited_target
native_test_L1_engine_v2_20260907-6a60a51-v6,unit-e2fa36682e8d3ce6e7b94aa4b8453544,native-789b4c346afbcd62248c8f0a95e90ee58aec9f9067403bf0ff013a1ebe91bf41,B3_AGENT_NATIVE,L1_target_destination,r3,BUILD_FAILED,True,False,,/group/worldcept/code/SimAny/outputs/icra2027/20260907-4f5c745-v2/sim_recon_sim/scale_up/test_dispatch/instances/native-789b4c346afbcd62248c8f0a95e90ee58aec9f9067403bf0ff013a1ebe91bf41/build_bindings.jsonl,04806ae9352ed0217c1cfb538e41b5aab2ceae4b20cd3c781843cff73e561542,inherited_target
native_test_L1_engine_v2_20260907-6a60a51-v6,unit-5eecde645e520ed6adab337ab93ce1e6,native-789b4c346afbcd62248c8f0a95e90ee58aec9f9067403bf0ff013a1ebe91bf41,B3_AGENT_NATIVE,L1_target_destination,r4,BUILD_FAILED,True,False,,/group/worldcept/code/SimAny/outputs/icra2027/20260907-4f5c745-v2/sim_recon_sim/scale_up/test_dispatch/instances/native-789b4c346afbcd62248c8f0a95e90ee58aec9f9067403bf0ff013a1ebe91bf41/build_bindings.jsonl,04806ae9352ed0217c1cfb538e41b5aab2ceae4b20cd3c781843cff73e561542,inherited_target
native_test_L1_engine_v2_20260907-6a60a51-v6,unit-50c1b1602d9ab6515811815261d48d86,native-789b4c346afbcd62248c8f0a95e90ee58aec9f9067403bf0ff013a1ebe91bf41,B3_AGENT_NATIVE,L1_target_destination,r5,BUILD_FAILED,True,False,,/group/worldcept/code/SimAny/outputs/icra2027/20260907-4f5c745-v2/sim_recon_sim/scale_up/test_dispatch/instances/native-789b4c346afbcd62248c8f0a95e90ee58aec9f9067403bf0ff013a1ebe91bf41/build_bindings.jsonl,04806ae9352ed0217c1cfb538e41b5aab2ceae4b20cd3c781843cff73e561542,inherited_target
native_test_L1_engine_v2_20260907-6a60a51-v6,unit-93ae58d0dab284ff81ff3a960cf2626e,native-789b4c346afbcd62248c8f0a95e90ee58aec9f9067403bf0ff013a1ebe91bf41,B3_AGENT_NATIVE,L1_target_destination,r6,BUILD_FAILED,True,False,,/group/worldcept/code/SimAny/outputs/icra2027/20260907-4f5c745-v2/sim_recon_sim/scale_up/test_dispatch/instances/native-789b4c346afbcd62248c8f0a95e90ee58aec9f9067403bf0ff013a1ebe91bf41/build_bindings.jsonl,04806ae9352ed0217c1cfb538e41b5aab2ceae4b20cd3c781843cff73e561542,inherited_target
native_test_L1_engine_v2_20260907-6a60a51-v6,unit-c6cefaceb78a0b7c1b14db39faace4a8,native-789b4c346afbcd62248c8f0a95e90ee58aec9f9067403bf0ff013a1ebe91bf41,B3_AGENT_NATIVE,L1_target_destination,r7,BUILD_FAILED,True,False,,/group/worldcept/code/SimAny/outputs/icra2027/20260907-4f5c745-v2/sim_recon_sim/scale_up/test_dispatch/instances/native-789b4c346afbcd62248c8f0a95e90ee58aec9f9067403bf0ff013a1ebe91bf41/build_bindings.jsonl,04806ae9352ed0217c1cfb538e41b5aab2ceae4b20cd3c781843cff73e561542,inherited_target
native_test_L1_engine_v2_20260907-6a60a51-v6,unit-b36039aa70a556b3336d69d0fee52eb2,native-789b4c346afbcd62248c8f0a95e90ee58aec9f9067403bf0ff013a1ebe91bf41,B3_AGENT_NATIVE,L1_target_destination,r8,BUILD_FAILED,True,False,,/group/worldcept/code/SimAny/outputs/icra2027/20260907-4f5c745-v2/sim_recon_sim/scale_up/test_dispatch/instances/native-789b4c346afbcd62248c8f0a95e90ee58aec9f9067403bf0ff013a1ebe91bf41/build_bindings.jsonl,04806ae9352ed0217c1cfb538e41b5aab2ceae4b20cd3c781843cff73e561542,inherited_target
native_test_L1_engine_v2_20260907-6a60a51-v6,unit-f9046f6529a2700c0474a7abc730dddf,native-789b4c346afbcd62248c8f0a95e90ee58aec9f9067403bf0ff013a1ebe91bf41,B3_AGENT_NATIVE,L1_target_destination,r9,BUILD_FAILED,True,False,,/group/worldcept/code/SimAny/outputs/icra2027/20260907-4f5c745-v2/sim_recon_sim/scale_up/test_dispatch/instances/native-789b4c346afbcd62248c8f0a95e90ee58aec9f9067403bf0ff013a1ebe91bf41/build_bindings.jsonl,04806ae9352ed0217c1cfb538e41b5aab2ceae4b20cd3c781843cff73e561542,inherited_target
native_test_L1_engine_v2_20260907-6a60a51-v6,unit-8a341f70b31b595cb846bb47d9d08e09,native-aeaf4d11ea6b4fe521db3359538981b4c6d39280bd7edd46e26fbe63ab772954,B3_AGENT_NATIVE,L1_target_destination,r0,BUILD_FAILED,True,False,,/group/worldcept/code/SimAny/outputs/icra2027/20260907-4f5c745-v2/sim_recon_sim/scale_up/test_dispatch/instances/native-aeaf4d11ea6b4fe521db3359538981b4c6d39280bd7edd46e26fbe63ab772954/build_bindings.jsonl,10361e468a8b4f438f40d977eab7570531fe2ac124040ec2152e7ea1e1709104,inherited_target
native_test_L1_engine_v2_20260907-6a60a51-v6,unit-c0091b301c4c9d4e221766fb0794d988,native-aeaf4d11ea6b4fe521db3359538981b4c6d39280bd7edd46e26fbe63ab772954,B3_AGENT_NATIVE,L1_target_destination,r1,BUILD_FAILED,True,False,,/group/worldcept/code/SimAny/outputs/icra2027/20260907-4f5c745-v2/sim_recon_sim/scale_up/test_dispatch/instances/native-aeaf4d11ea6b4fe521db3359538981b4c6d39280bd7edd46e26fbe63ab772954/build_bindings.jsonl,10361e468a8b4f438f40d977eab7570531fe2ac124040ec2152e7ea1e1709104,inherited_target
native_test_L1_engine_v2_20260907-6a60a51-v6,unit-56d8920eb9b518dfd42233d5d642ef84,native-aeaf4d11ea6b4fe521db3359538981b4c6d39280bd7edd46e26fbe63ab772954,B3_AGENT_NATIVE,L1_target_destination,r2,BUILD_FAILED,True,False,,/group/worldcept/code/SimAny/outputs/icra2027/20260907-4f5c745-v2/sim_recon_sim/scale_up/test_dispatch/instances/native-aeaf4d11ea6b4fe521db3359538981b4c6d39280bd7edd46e26fbe63ab772954/build_bindings.jsonl,10361e468a8b4f438f40d977eab7570531fe2ac124040ec2152e7ea1e1709104,inherited_target
native_test_L1_engine_v2_20260907-6a60a51-v6,unit-8a9996f1810a168b4154437fe4d96623,native-aeaf4d11ea6b4fe521db3359538981b4c6d39280bd7edd46e26fbe63ab772954,B3_AGENT_NATIVE,L1_target_destination,r3,BUILD_FAILED,True,False,,/group/worldcept/code/SimAny/outputs/icra2027/20260907-4f5c745-v2/sim_recon_sim/scale_up/test_dispatch/instances/native-aeaf4d11ea6b4fe521db3359538981b4c6d39280bd7edd46e26fbe63ab772954/build_bindings.jsonl,10361e468a8b4f438f40d977eab7570531fe2ac124040ec2152e7ea1e1709104,inherited_target
native_test_L1_engine_v2_20260907-6a60a51-v6,unit-6022c6251d96e84167036f11d28de349,native-aeaf4d11ea6b4fe521db3359538981b4c6d39280bd7edd46e26fbe63ab772954,B3_AGENT_NATIVE,L1_target_destination,r4,BUILD_FAILED,True,False,,/group/worldcept/code/SimAny/outputs/icra2027/20260907-4f5c745-v2/sim_recon_sim/scale_up/test_dispatch/instances/native-aeaf4d11ea6b4fe521db3359538981b4c6d39280bd7edd46e26fbe63ab772954/build_bindings.jsonl,10361e468a8b4f438f40d977eab7570531fe2ac124040ec2152e7ea1e1709104,inherited_target
native_test_L1_engine_v2_20260907-6a60a51-v6,unit-b1d6e6ce3fae6b58fc6007c634f28817,native-aeaf4d11ea6b4fe521db3359538981b4c6d39280bd7edd46e26fbe63ab772954,B3_AGENT_NATIVE,L1_target_destination,r5,BUILD_FAILED,True,False,,/group/worldcept/code/SimAny/outputs/icra2027/20260907-4f5c745-v2/sim_recon_sim/scale_up/test_dispatch/instances/native-aeaf4d11ea6b4fe521db3359538981b4c6d39280bd7edd46e26fbe63ab772954/build_bindings.jsonl,10361e468a8b4f438f40d977eab7570531fe2ac124040ec2152e7ea1e1709104,inherited_target
native_test_L1_engine_v2_20260907-6a60a51-v6,unit-84dfd0c6a01882c5f93b717635bb0629,native-aeaf4d11ea6b4fe521db3359538981b4c6d39280bd7edd46e26fbe63ab772954,B3_AGENT_NATIVE,L1_target_destination,r6,BUILD_FAILED,True,False,,/group/worldcept/code/SimAny/outputs/icra2027/20260907-4f5c745-v2/sim_recon_sim/scale_up/test_dispatch/instances/native-aeaf4d11ea6b4fe521db3359538981b4c6d39280bd7edd46e26fbe63ab772954/build_bindings.jsonl,10361e468a8b4f438f40d977eab7570531fe2ac124040ec2152e7ea1e1709104,inherited_target
native_test_L1_engine_v2_20260907-6a60a51-v6,unit-bfd8a754e4d847419f8e938496d37b50,native-aeaf4d11ea6b4fe521db3359538981b4c6d39280bd7edd46e26fbe63ab772954,B3_AGENT_NATIVE,L1_target_destination,r7,BUILD_FAILED,True,False,,/group/worldcept/code/SimAny/outputs/icra2027/20260907-4f5c745-v2/sim_recon_sim/scale_up/test_dispatch/instances/native-aeaf4d11ea6b4fe521db3359538981b4c6d39280bd7edd46e26fbe63ab772954/build_bindings.jsonl,10361e468a8b4f438f40d977eab7570531fe2ac124040ec2152e7ea1e1709104,inherited_target
native_test_L1_engine_v2_20260907-6a60a51-v6,unit-0991e05199347eeff06d525425c6e233,native-aeaf4d11ea6b4fe521db3359538981b4c6d39280bd7edd46e26fbe63ab772954,B3_AGENT_NATIVE,L1_target_destination,r8,BUILD_FAILED,True,False,,/group/worldcept/code/SimAny/outputs/icra2027/20260907-4f5c745-v2/sim_recon_sim/scale_up/test_dispatch/instances/native-aeaf4d11ea6b4fe521db3359538981b4c6d39280bd7edd46e26fbe63ab772954/build_bindings.jsonl,10361e468a8b4f438f40d977eab7570531fe2ac124040ec2152e7ea1e1709104,inherited_target
native_test_L1_engine_v2_20260907-6a60a51-v6,unit-8bb3b9a4e492fec667bca18370fe9e90,native-aeaf4d11ea6b4fe521db3359538981b4c6d39280bd7edd46e26fbe63ab772954,B3_AGENT_NATIVE,L1_target_destination,r9,BUILD_FAILED,True,False,,/group/worldcept/code/SimAny/outputs/icra2027/20260907-4f5c745-v2/sim_recon_sim/scale_up/test_dispatch/instances/native-aeaf4d11ea6b4fe521db3359538981b4c6d39280bd7edd46e26fbe63ab772954/build_bindings.jsonl,10361e468a8b4f438f40d977eab7570531fe2ac124040ec2152e7ea1e1709104,inherited_target
native_test_L1_engine_v2_20260907-6a60a51-v6,unit-5625189a381fc7d56f062ca06473fae5,native-5f490be21d6e904fe80762b505fd718d87d81a416c5165e7080dd6811f4e670b,B3_AGENT_NATIVE,L1_target_destination,r0,NOT_SCHEDULED,False,,,,,
native_test_L1_engine_v2_20260907-6a60a51-v6,unit-18a214d169145a00148db89088096232,native-5f490be21d6e904fe80762b505fd718d87d81a416c5165e7080dd6811f4e670b,B3_AGENT_NATIVE,L1_target_destination,r1,NOT_SCHEDULED,False,,,,,
native_test_L1_engine_v2_20260907-6a60a51-v6,unit-855c4598d1f0071aa143556acafd1d1f,native-5f490be21d6e904fe80762b505fd718d87d81a416c5165e7080dd6811f4e670b,B3_AGENT_NATIVE,L1_target_destination,r2,NOT_SCHEDULED,False,,,,,
native_test_L1_engine_v2_20260907-6a60a51-v6,unit-70f80d0a03c399f0984be5b93c67f835,native-5f490be21d6e904fe80762b505fd718d87d81a416c5165e7080dd6811f4e670b,B3_AGENT_NATIVE,L1_target_destination,r3,NOT_SCHEDULED,False,,,,,
native_test_L1_engine_v2_20260907-6a60a51-v6,unit-39c30fce883438d053bc31ba8668a18a,native-5f490be21d6e904fe80762b505fd718d87d81a416c5165e7080dd6811f4e670b,B3_AGENT_NATIVE,L1_target_destination,r4,NOT_SCHEDULED,False,,,,,
native_test_L1_engine_v2_20260907-6a60a51-v6,unit-f0f51dc1dfb5c0e8dd05158c152c8f65,native-5f490be21d6e904fe80762b505fd718d87d81a416c5165e7080dd6811f4e670b,B3_AGENT_NATIVE,L1_target_destination,r5,NOT_SCHEDULED,False,,,,,
native_test_L1_engine_v2_20260907-6a60a51-v6,unit-53facb7dd45ae1e2f8c870f4532051ac,native-5f490be21d6e904fe80762b505fd718d87d81a416c5165e7080dd6811f4e670b,B3_AGENT_NATIVE,L1_target_destination,r6,NOT_SCHEDULED,False,,,,,
native_test_L1_engine_v2_20260907-6a60a51-v6,unit-a203e63e83904dd8c17b6fad871987a8,native-5f490be21d6e904fe80762b505fd718d87d81a416c5165e7080dd6811f4e670b,B3_AGENT_NATIVE,L1_target_destination,r7,NOT_SCHEDULED,False,,,,,
native_test_L1_engine_v2_20260907-6a60a51-v6,unit-d5e1062ef2da65174bf7e87be283f1bc,native-5f490be21d6e904fe80762b505fd718d87d81a416c5165e7080dd6811f4e670b,B3_AGENT_NATIVE,L1_target_destination,r8,NOT_SCHEDULED,False,,,,,
native_test_L1_engine_v2_20260907-6a60a51-v6,unit-88861ac1e52bd9c31410b5e5f148658d,native-5f490be21d6e904fe80762b505fd718d87d81a416c5165e7080dd6811f4e670b,B3_AGENT_NATIVE,L1_target_destination,r9,NOT_SCHEDULED,False,,,,,
native_test_L1_engine_v2_20260907-6a60a51-v6,unit-118818bf11c5dd21f936b5852fddf4c1,native-05f06fc08dfc46d3c93892adda6663e80ac01b546d942f48fe2ea4b01f25c279,B3_AGENT_NATIVE,L1_target_destination,r0,NOT_SCHEDULED,False,,,,,
native_test_L1_engine_v2_20260907-6a60a51-v6,unit-a267338f8732a56fad3687e017c38532,native-05f06fc08dfc46d3c93892adda6663e80ac01b546d942f48fe2ea4b01f25c279,B3_AGENT_NATIVE,L1_target_destination,r1,NOT_SCHEDULED,False,,,,,
native_test_L1_engine_v2_20260907-6a60a51-v6,unit-876f914b6a2824c280ca162e0024cfcb,native-05f06fc08dfc46d3c93892adda6663e80ac01b546d942f48fe2ea4b01f25c279,B3_AGENT_NATIVE,L1_target_destination,r2,NOT_SCHEDULED,False,,,,,
native_test_L1_engine_v2_20260907-6a60a51-v6,unit-299dff142009e02d182baa7d8bf54fd1,native-05f06fc08dfc46d3c93892adda6663e80ac01b546d942f48fe2ea4b01f25c279,B3_AGENT_NATIVE,L1_target_destination,r3,NOT_SCHEDULED,False,,,,,
native_test_L1_engine_v2_20260907-6a60a51-v6,unit-9200e2c0e92b2ce021ca78bf03f0d9d0,native-05f06fc08dfc46d3c93892adda6663e80ac01b546d942f48fe2ea4b01f25c279,B3_AGENT_NATIVE,L1_target_destination,r4,NOT_SCHEDULED,False,,,,,
native_test_L1_engine_v2_20260907-6a60a51-v6,unit-7b21495bc46460e89ff8d662221cccc6,native-05f06fc08dfc46d3c93892adda6663e80ac01b546d942f48fe2ea4b01f25c279,B3_AGENT_NATIVE,L1_target_destination,r5,NOT_SCHEDULED,False,,,,,
native_test_L1_engine_v2_20260907-6a60a51-v6,unit-056d3a47e1bbdcc6d8210a9c94a8594f,native-05f06fc08dfc46d3c93892adda6663e80ac01b546d942f48fe2ea4b01f25c279,B3_AGENT_NATIVE,L1_target_destination,r6,NOT_SCHEDULED,False,,,,,
native_test_L1_engine_v2_20260907-6a60a51-v6,unit-7849aca241cc09d11cdd9bd915a878a8,native-05f06fc08dfc46d3c93892adda6663e80ac01b546d942f48fe2ea4b01f25c279,B3_AGENT_NATIVE,L1_target_destination,r7,NOT_SCHEDULED,False,,,,,
native_test_L1_engine_v2_20260907-6a60a51-v6,unit-a374ad680702b22cc25167ce6d987e77,native-05f06fc08dfc46d3c93892adda6663e80ac01b546d942f48fe2ea4b01f25c279,B3_AGENT_NATIVE,L1_target_destination,r8,NOT_SCHEDULED,False,,,,,
native_test_L1_engine_v2_20260907-6a60a51-v6,unit-91f9ad7bdcb34b9fa8ff9c6284c11317,native-05f06fc08dfc46d3c93892adda6663e80ac01b546d942f48fe2ea4b01f25c279,B3_AGENT_NATIVE,L1_target_destination,r9,NOT_SCHEDULED,False,,,,,
native_test_L1_engine_v2_20260907-6a60a51-v6,unit-92eeec88f23d99b37daad0c97362c6a4,native-5697c97e9d208786578b9b8b92e95a27161fb1b6fdf41b532f6a4b7cf1bcb6dd,B3_AGENT_NATIVE,L1_target_destination,r0,NOT_SCHEDULED,False,,,,,
native_test_L1_engine_v2_20260907-6a60a51-v6,unit-43a301c9137a336a58a4f573dd3e8326,native-5697c97e9d208786578b9b8b92e95a27161fb1b6fdf41b532f6a4b7cf1bcb6dd,B3_AGENT_NATIVE,L1_target_destination,r1,NOT_SCHEDULED,False,,,,,
native_test_L1_engine_v2_20260907-6a60a51-v6,unit-1174490cc223a822ddb5ee386e47c40c,native-5697c97e9d208786578b9b8b92e95a27161fb1b6fdf41b532f6a4b7cf1bcb6dd,B3_AGENT_NATIVE,L1_target_destination,r2,NOT_SCHEDULED,False,,,,,
native_test_L1_engine_v2_20260907-6a60a51-v6,unit-cdc42c5c79310c9ca611afaf661f268e,native-5697c97e9d208786578b9b8b92e95a27161fb1b6fdf41b532f6a4b7cf1bcb6dd,B3_AGENT_NATIVE,L1_target_destination,r3,NOT_SCHEDULED,False,,,,,
native_test_L1_engine_v2_20260907-6a60a51-v6,unit-6512cb2a7783eccc88f633434e25a954,native-5697c97e9d208786578b9b8b92e95a27161fb1b6fdf41b532f6a4b7cf1bcb6dd,B3_AGENT_NATIVE,L1_target_destination,r4,NOT_SCHEDULED,False,,,,,
native_test_L1_engine_v2_20260907-6a60a51-v6,unit-d48b3d658a724bc1334e3fa7c9504816,native-5697c97e9d208786578b9b8b92e95a27161fb1b6fdf41b532f6a4b7cf1bcb6dd,B3_AGENT_NATIVE,L1_target_destination,r5,NOT_SCHEDULED,False,,,,,
native_test_L1_engine_v2_20260907-6a60a51-v6,unit-05b01a495cb557123c3d7d5cb51b8565,native-5697c97e9d208786578b9b8b92e95a27161fb1b6fdf41b532f6a4b7cf1bcb6dd,B3_AGENT_NATIVE,L1_target_destination,r6,NOT_SCHEDULED,False,,,,,
native_test_L1_engine_v2_20260907-6a60a51-v6,unit-4cf89a61aaf79067ac7d9dacd51ba80b,native-5697c97e9d208786578b9b8b92e95a27161fb1b6fdf41b532f6a4b7cf1bcb6dd,B3_AGENT_NATIVE,L1_target_destination,r7,NOT_SCHEDULED,False,,,,,
native_test_L1_engine_v2_20260907-6a60a51-v6,unit-1712baa054c7fc16f942cfd5bb5291cd,native-5697c97e9d208786578b9b8b92e95a27161fb1b6fdf41b532f6a4b7cf1bcb6dd,B3_AGENT_NATIVE,L1_target_destination,r8,NOT_SCHEDULED,False,,,,,
native_test_L1_engine_v2_20260907-6a60a51-v6,unit-71fc08ddaf8561734a44a3ef43576d45,native-5697c97e9d208786578b9b8b92e95a27161fb1b6fdf41b532f6a4b7cf1bcb6dd,B3_AGENT_NATIVE,L1_target_destination,r9,NOT_SCHEDULED,False,,,,,
native_test_L1_engine_v2_20260907-6a60a51-v6,unit-8c3696925e50fdea4b8e7f7ca1d71293,native-55a23f0c97ee7672f66552b77660344880fafb6ce36a25433d19e58b15ed3aa5,B3_AGENT_NATIVE,L1_target_destination,r0,BUILD_FAILED,True,False,,/group/worldcept/code/SimAny/outputs/icra2027/20260907-4f5c745-v2/sim_recon_sim/scale_up/test_dispatch/instances/native-55a23f0c97ee7672f66552b77660344880fafb6ce36a25433d19e58b15ed3aa5/build_bindings.jsonl,1f40e753e9da279449d4c72f48debacb2c82702cb6eacc2374afc4da03843085,inherited_target
native_test_L1_engine_v2_20260907-6a60a51-v6,unit-a861d19473dd88e39b61a36119eca9e0,native-55a23f0c97ee7672f66552b77660344880fafb6ce36a25433d19e58b15ed3aa5,B3_AGENT_NATIVE,L1_target_destination,r1,BUILD_FAILED,True,False,,/group/worldcept/code/SimAny/outputs/icra2027/20260907-4f5c745-v2/sim_recon_sim/scale_up/test_dispatch/instances/native-55a23f0c97ee7672f66552b77660344880fafb6ce36a25433d19e58b15ed3aa5/build_bindings.jsonl,1f40e753e9da279449d4c72f48debacb2c82702cb6eacc2374afc4da03843085,inherited_target
native_test_L1_engine_v2_20260907-6a60a51-v6,unit-0494a4797bd963965f29829fb28418ec,native-55a23f0c97ee7672f66552b77660344880fafb6ce36a25433d19e58b15ed3aa5,B3_AGENT_NATIVE,L1_target_destination,r2,BUILD_FAILED,True,False,,/group/worldcept/code/SimAny/outputs/icra2027/20260907-4f5c745-v2/sim_recon_sim/scale_up/test_dispatch/instances/native-55a23f0c97ee7672f66552b77660344880fafb6ce36a25433d19e58b15ed3aa5/build_bindings.jsonl,1f40e753e9da279449d4c72f48debacb2c82702cb6eacc2374afc4da03843085,inherited_target
native_test_L1_engine_v2_20260907-6a60a51-v6,unit-63860e3aeca6c0b3b5b6fe266aee2a39,native-55a23f0c97ee7672f66552b77660344880fafb6ce36a25433d19e58b15ed3aa5,B3_AGENT_NATIVE,L1_target_destination,r3,BUILD_FAILED,True,False,,/group/worldcept/code/SimAny/outputs/icra2027/20260907-4f5c745-v2/sim_recon_sim/scale_up/test_dispatch/instances/native-55a23f0c97ee7672f66552b77660344880fafb6ce36a25433d19e58b15ed3aa5/build_bindings.jsonl,1f40e753e9da279449d4c72f48debacb2c82702cb6eacc2374afc4da03843085,inherited_target
native_test_L1_engine_v2_20260907-6a60a51-v6,unit-730be35a8e70cf13600fe2c26ffeb8d1,native-55a23f0c97ee7672f66552b77660344880fafb6ce36a25433d19e58b15ed3aa5,B3_AGENT_NATIVE,L1_target_destination,r4,BUILD_FAILED,True,False,,/group/worldcept/code/SimAny/outputs/icra2027/20260907-4f5c745-v2/sim_recon_sim/scale_up/test_dispatch/instances/native-55a23f0c97ee7672f66552b77660344880fafb6ce36a25433d19e58b15ed3aa5/build_bindings.jsonl,1f40e753e9da279449d4c72f48debacb2c82702cb6eacc2374afc4da03843085,inherited_target
native_test_L1_engine_v2_20260907-6a60a51-v6,unit-4508da95a1571eee4a7bbde27c6e4ba3,native-55a23f0c97ee7672f66552b77660344880fafb6ce36a25433d19e58b15ed3aa5,B3_AGENT_NATIVE,L1_target_destination,r5,BUILD_FAILED,True,False,,/group/worldcept/code/SimAny/outputs/icra2027/20260907-4f5c745-v2/sim_recon_sim/scale_up/test_dispatch/instances/native-55a23f0c97ee7672f66552b77660344880fafb6ce36a25433d19e58b15ed3aa5/build_bindings.jsonl,1f40e753e9da279449d4c72f48debacb2c82702cb6eacc2374afc4da03843085,inherited_target
native_test_L1_engine_v2_20260907-6a60a51-v6,unit-1aad9e7ef33dcd36b122b17bed080308,native-55a23f0c97ee7672f66552b77660344880fafb6ce36a25433d19e58b15ed3aa5,B3_AGENT_NATIVE,L1_target_destination,r6,BUILD_FAILED,True,False,,/group/worldcept/code/SimAny/outputs/icra2027/20260907-4f5c745-v2/sim_recon_sim/scale_up/test_dispatch/instances/native-55a23f0c97ee7672f66552b77660344880fafb6ce36a25433d19e58b15ed3aa5/build_bindings.jsonl,1f40e753e9da279449d4c72f48debacb2c82702cb6eacc2374afc4da03843085,inherited_target
native_test_L1_engine_v2_20260907-6a60a51-v6,unit-1c8555b921181a8001bbffcae9de6aaa,native-55a23f0c97ee7672f66552b77660344880fafb6ce36a25433d19e58b15ed3aa5,B3_AGENT_NATIVE,L1_target_destination,r7,BUILD_FAILED,True,False,,/group/worldcept/code/SimAny/outputs/icra2027/20260907-4f5c745-v2/sim_recon_sim/scale_up/test_dispatch/instances/native-55a23f0c97ee7672f66552b77660344880fafb6ce36a25433d19e58b15ed3aa5/build_bindings.jsonl,1f40e753e9da279449d4c72f48debacb2c82702cb6eacc2374afc4da03843085,inherited_target
native_test_L1_engine_v2_20260907-6a60a51-v6,unit-cf270f9d7e148db2a11ef90efc4e6adc,native-55a23f0c97ee7672f66552b77660344880fafb6ce36a25433d19e58b15ed3aa5,B3_AGENT_NATIVE,L1_target_destination,r8,BUILD_FAILED,True,False,,/group/worldcept/code/SimAny/outputs/icra2027/20260907-4f5c745-v2/sim_recon_sim/scale_up/test_dispatch/instances/native-55a23f0c97ee7672f66552b77660344880fafb6ce36a25433d19e58b15ed3aa5/build_bindings.jsonl,1f40e753e9da279449d4c72f48debacb2c82702cb6eacc2374afc4da03843085,inherited_target
native_test_L1_engine_v2_20260907-6a60a51-v6,unit-b33253356067e93aaa4af512c36be481,native-55a23f0c97ee7672f66552b77660344880fafb6ce36a25433d19e58b15ed3aa5,B3_AGENT_NATIVE,L1_target_destination,r9,BUILD_FAILED,True,False,,/group/worldcept/code/SimAny/outputs/icra2027/20260907-4f5c745-v2/sim_recon_sim/scale_up/test_dispatch/instances/native-55a23f0c97ee7672f66552b77660344880fafb6ce36a25433d19e58b15ed3aa5/build_bindings.jsonl,1f40e753e9da279449d4c72f48debacb2c82702cb6eacc2374afc4da03843085,inherited_target
native_test_L1_engine_v2_20260907-6a60a51-v6,unit-fcf831ab02bd38b2165043cbcf43e084,native-fd102487ad05f67cadd75d54e90d93b7e54500ee005b6acad9e031f034a4dc0e,B3_AGENT_NATIVE,L1_target_destination,r0,BUILD_FAILED,True,False,,/group/worldcept/code/SimAny/outputs/icra2027/20260907-2cc8928-v1/sim_recon_sim/scale_up/scope_test_preparation/destination_builds/slot-84decad2e6d417ee3906/build_failure.json,af52cf0c93a4cc21cc8e830ebb96d12e174a10bdc7037dd15ce5a3ec1d90c300,additional_scope
native_test_L1_engine_v2_20260907-6a60a51-v6,unit-7bc631572446ae720a8508aa726607bf,native-fd102487ad05f67cadd75d54e90d93b7e54500ee005b6acad9e031f034a4dc0e,B3_AGENT_NATIVE,L1_target_destination,r1,BUILD_FAILED,True,False,,/group/worldcept/code/SimAny/outputs/icra2027/20260907-2cc8928-v1/sim_recon_sim/scale_up/scope_test_preparation/destination_builds/slot-84decad2e6d417ee3906/build_failure.json,af52cf0c93a4cc21cc8e830ebb96d12e174a10bdc7037dd15ce5a3ec1d90c300,additional_scope
native_test_L1_engine_v2_20260907-6a60a51-v6,unit-60ce16c45c0433ccb515133e744e9b19,native-fd102487ad05f67cadd75d54e90d93b7e54500ee005b6acad9e031f034a4dc0e,B3_AGENT_NATIVE,L1_target_destination,r2,BUILD_FAILED,True,False,,/group/worldcept/code/SimAny/outputs/icra2027/20260907-2cc8928-v1/sim_recon_sim/scale_up/scope_test_preparation/destination_builds/slot-84decad2e6d417ee3906/build_failure.json,af52cf0c93a4cc21cc8e830ebb96d12e174a10bdc7037dd15ce5a3ec1d90c300,additional_scope
native_test_L1_engine_v2_20260907-6a60a51-v6,unit-8bd8f61a445447a3e125b0d947782c13,native-fd102487ad05f67cadd75d54e90d93b7e54500ee005b6acad9e031f034a4dc0e,B3_AGENT_NATIVE,L1_target_destination,r3,BUILD_FAILED,True,False,,/group/worldcept/code/SimAny/outputs/icra2027/20260907-2cc8928-v1/sim_recon_sim/scale_up/scope_test_preparation/destination_builds/slot-84decad2e6d417ee3906/build_failure.json,af52cf0c93a4cc21cc8e830ebb96d12e174a10bdc7037dd15ce5a3ec1d90c300,additional_scope
native_test_L1_engine_v2_20260907-6a60a51-v6,unit-4d8ac8c9ece54c2e807a11a2348b69cf,native-fd102487ad05f67cadd75d54e90d93b7e54500ee005b6acad9e031f034a4dc0e,B3_AGENT_NATIVE,L1_target_destination,r4,BUILD_FAILED,True,False,,/group/worldcept/code/SimAny/outputs/icra2027/20260907-2cc8928-v1/sim_recon_sim/scale_up/scope_test_preparation/destination_builds/slot-84decad2e6d417ee3906/build_failure.json,af52cf0c93a4cc21cc8e830ebb96d12e174a10bdc7037dd15ce5a3ec1d90c300,additional_scope
native_test_L1_engine_v2_20260907-6a60a51-v6,unit-14b0ac0cb9d991e453620ec7b6e77d10,native-fd102487ad05f67cadd75d54e90d93b7e54500ee005b6acad9e031f034a4dc0e,B3_AGENT_NATIVE,L1_target_destination,r5,BUILD_FAILED,True,False,,/group/worldcept/code/SimAny/outputs/icra2027/20260907-2cc8928-v1/sim_recon_sim/scale_up/scope_test_preparation/destination_builds/slot-84decad2e6d417ee3906/build_failure.json,af52cf0c93a4cc21cc8e830ebb96d12e174a10bdc7037dd15ce5a3ec1d90c300,additional_scope
native_test_L1_engine_v2_20260907-6a60a51-v6,unit-9a9d9b468b577a495522f941123867bb,native-fd102487ad05f67cadd75d54e90d93b7e54500ee005b6acad9e031f034a4dc0e,B3_AGENT_NATIVE,L1_target_destination,r6,BUILD_FAILED,True,False,,/group/worldcept/code/SimAny/outputs/icra2027/20260907-2cc8928-v1/sim_recon_sim/scale_up/scope_test_preparation/destination_builds/slot-84decad2e6d417ee3906/build_failure.json,af52cf0c93a4cc21cc8e830ebb96d12e174a10bdc7037dd15ce5a3ec1d90c300,additional_scope
native_test_L1_engine_v2_20260907-6a60a51-v6,unit-ef45b9f2517b31b62b03f0b4c0828485,native-fd102487ad05f67cadd75d54e90d93b7e54500ee005b6acad9e031f034a4dc0e,B3_AGENT_NATIVE,L1_target_destination,r7,BUILD_FAILED,True,False,,/group/worldcept/code/SimAny/outputs/icra2027/20260907-2cc8928-v1/sim_recon_sim/scale_up/scope_test_preparation/destination_builds/slot-84decad2e6d417ee3906/build_failure.json,af52cf0c93a4cc21cc8e830ebb96d12e174a10bdc7037dd15ce5a3ec1d90c300,additional_scope
native_test_L1_engine_v2_20260907-6a60a51-v6,unit-10ebf34645aa5eb1d7b4e89901f58023,native-fd102487ad05f67cadd75d54e90d93b7e54500ee005b6acad9e031f034a4dc0e,B3_AGENT_NATIVE,L1_target_destination,r8,BUILD_FAILED,True,False,,/group/worldcept/code/SimAny/outputs/icra2027/20260907-2cc8928-v1/sim_recon_sim/scale_up/scope_test_preparation/destination_builds/slot-84decad2e6d417ee3906/build_failure.json,af52cf0c93a4cc21cc8e830ebb96d12e174a10bdc7037dd15ce5a3ec1d90c300,additional_scope
native_test_L1_engine_v2_20260907-6a60a51-v6,unit-8aad4fa7d73c221040409349a84207b2,native-fd102487ad05f67cadd75d54e90d93b7e54500ee005b6acad9e031f034a4dc0e,B3_AGENT_NATIVE,L1_target_destination,r9,BUILD_FAILED,True,False,,/group/worldcept/code/SimAny/outputs/icra2027/20260907-2cc8928-v1/sim_recon_sim/scale_up/scope_test_preparation/destination_builds/slot-84decad2e6d417ee3906/build_failure.json,af52cf0c93a4cc21cc8e830ebb96d12e174a10bdc7037dd15ce5a3ec1d90c300,additional_scope
native_test_L1_engine_v2_20260907-6a60a51-v6,unit-a05cf93faaa972f533b3d7b51b0b87fe,native-169cab94f10291685d9311677f1accbf5eb51d5cdbe02697ea6a8c880afbf87f,B3_AGENT_NATIVE,L1_target_destination,r0,NOT_SCHEDULED,False,,,,,
native_test_L1_engine_v2_20260907-6a60a51-v6,unit-0874314e3a9ab0fcf0d482722d309fba,native-169cab94f10291685d9311677f1accbf5eb51d5cdbe02697ea6a8c880afbf87f,B3_AGENT_NATIVE,L1_target_destination,r1,NOT_SCHEDULED,False,,,,,
native_test_L1_engine_v2_20260907-6a60a51-v6,unit-9f133b7b1759797d1ab7c5b63fa30598,native-169cab94f10291685d9311677f1accbf5eb51d5cdbe02697ea6a8c880afbf87f,B3_AGENT_NATIVE,L1_target_destination,r2,NOT_SCHEDULED,False,,,,,
native_test_L1_engine_v2_20260907-6a60a51-v6,unit-2305e98bb5cef798fee5ffb9482d2beb,native-169cab94f10291685d9311677f1accbf5eb51d5cdbe02697ea6a8c880afbf87f,B3_AGENT_NATIVE,L1_target_destination,r3,NOT_SCHEDULED,False,,,,,
native_test_L1_engine_v2_20260907-6a60a51-v6,unit-88fbbd750aa4d07e40e5ce28118c17c3,native-169cab94f10291685d9311677f1accbf5eb51d5cdbe02697ea6a8c880afbf87f,B3_AGENT_NATIVE,L1_target_destination,r4,NOT_SCHEDULED,False,,,,,
native_test_L1_engine_v2_20260907-6a60a51-v6,unit-e4b5b1945c68f2119fbec24525d9b94a,native-169cab94f10291685d9311677f1accbf5eb51d5cdbe02697ea6a8c880afbf87f,B3_AGENT_NATIVE,L1_target_destination,r5,NOT_SCHEDULED,False,,,,,
native_test_L1_engine_v2_20260907-6a60a51-v6,unit-6efe8311959a64b3ea0b19ff8a7ec1f8,native-169cab94f10291685d9311677f1accbf5eb51d5cdbe02697ea6a8c880afbf87f,B3_AGENT_NATIVE,L1_target_destination,r6,NOT_SCHEDULED,False,,,,,
native_test_L1_engine_v2_20260907-6a60a51-v6,unit-10579805ed38fb7b52b3488817575580,native-169cab94f10291685d9311677f1accbf5eb51d5cdbe02697ea6a8c880afbf87f,B3_AGENT_NATIVE,L1_target_destination,r7,NOT_SCHEDULED,False,,,,,
native_test_L1_engine_v2_20260907-6a60a51-v6,unit-840dd802989141c7d5ae4fe9f0466acc,native-169cab94f10291685d9311677f1accbf5eb51d5cdbe02697ea6a8c880afbf87f,B3_AGENT_NATIVE,L1_target_destination,r8,NOT_SCHEDULED,False,,,,,
native_test_L1_engine_v2_20260907-6a60a51-v6,unit-a0b9d2ccd6d48d80205222048cd29438,native-169cab94f10291685d9311677f1accbf5eb51d5cdbe02697ea6a8c880afbf87f,B3_AGENT_NATIVE,L1_target_destination,r9,NOT_SCHEDULED,False,,,,,
native_test_L1_engine_v2_20260907-6a60a51-v6,unit-d39eb93e50fc9953e3fe95188eeb22a1,native-80f707c13cf12936c9d12954c2274d211a4cc79de918feac7fbc7d2c9badfb3f,B3_AGENT_NATIVE,L1_target_destination,r0,NOT_SCHEDULED,False,,,,,
native_test_L1_engine_v2_20260907-6a60a51-v6,unit-765e7ccbab5c9374e166c1c50bdf50b4,native-80f707c13cf12936c9d12954c2274d211a4cc79de918feac7fbc7d2c9badfb3f,B3_AGENT_NATIVE,L1_target_destination,r1,NOT_SCHEDULED,False,,,,,
native_test_L1_engine_v2_20260907-6a60a51-v6,unit-3a9501c7591ea1c35a37179d1ee8f185,native-80f707c13cf12936c9d12954c2274d211a4cc79de918feac7fbc7d2c9badfb3f,B3_AGENT_NATIVE,L1_target_destination,r2,NOT_SCHEDULED,False,,,,,
native_test_L1_engine_v2_20260907-6a60a51-v6,unit-0820b0e497490202c9eca5a40e9ee5a5,native-80f707c13cf12936c9d12954c2274d211a4cc79de918feac7fbc7d2c9badfb3f,B3_AGENT_NATIVE,L1_target_destination,r3,NOT_SCHEDULED,False,,,,,
native_test_L1_engine_v2_20260907-6a60a51-v6,unit-7295e633938df051897b465bc98859e8,native-80f707c13cf12936c9d12954c2274d211a4cc79de918feac7fbc7d2c9badfb3f,B3_AGENT_NATIVE,L1_target_destination,r4,NOT_SCHEDULED,False,,,,,
native_test_L1_engine_v2_20260907-6a60a51-v6,unit-279a2bba2f34bb0e5cafbba0a2b6cc84,native-80f707c13cf12936c9d12954c2274d211a4cc79de918feac7fbc7d2c9badfb3f,B3_AGENT_NATIVE,L1_target_destination,r5,NOT_SCHEDULED,False,,,,,
native_test_L1_engine_v2_20260907-6a60a51-v6,unit-8e36734e01e4fe2a3c97684f251e5f9d,native-80f707c13cf12936c9d12954c2274d211a4cc79de918feac7fbc7d2c9badfb3f,B3_AGENT_NATIVE,L1_target_destination,r6,NOT_SCHEDULED,False,,,,,
native_test_L1_engine_v2_20260907-6a60a51-v6,unit-16e1ba1c30570375828151320d974e25,native-80f707c13cf12936c9d12954c2274d211a4cc79de918feac7fbc7d2c9badfb3f,B3_AGENT_NATIVE,L1_target_destination,r7,NOT_SCHEDULED,False,,,,,
native_test_L1_engine_v2_20260907-6a60a51-v6,unit-07600edec611f8d283d9643639ec164c,native-80f707c13cf12936c9d12954c2274d211a4cc79de918feac7fbc7d2c9badfb3f,B3_AGENT_NATIVE,L1_target_destination,r8,NOT_SCHEDULED,False,,,,,
native_test_L1_engine_v2_20260907-6a60a51-v6,unit-e8b22d4adcdf805f72274dc7727f4fed,native-80f707c13cf12936c9d12954c2274d211a4cc79de918feac7fbc7d2c9badfb3f,B3_AGENT_NATIVE,L1_target_destination,r9,NOT_SCHEDULED,False,,,,,
native_test_L1_engine_v2_20260907-6a60a51-v6,unit-24443edc894b3df22821a61111ba0844,native-d7714c3fec848a3bf67f6b0da7de97d52bc4b8ea7dc6a108289477cf133845c6,B3_AGENT_NATIVE,L1_target_destination,r0,NOT_SCHEDULED,False,,,,,
native_test_L1_engine_v2_20260907-6a60a51-v6,unit-edbab4c30dc90ccd6a6213d410f8f681,native-d7714c3fec848a3bf67f6b0da7de97d52bc4b8ea7dc6a108289477cf133845c6,B3_AGENT_NATIVE,L1_target_destination,r1,NOT_SCHEDULED,False,,,,,
native_test_L1_engine_v2_20260907-6a60a51-v6,unit-281d598adb3705962da096e9be3350a1,native-d7714c3fec848a3bf67f6b0da7de97d52bc4b8ea7dc6a108289477cf133845c6,B3_AGENT_NATIVE,L1_target_destination,r2,NOT_SCHEDULED,False,,,,,
native_test_L1_engine_v2_20260907-6a60a51-v6,unit-0a6afd52b46d9dd5bff620b908b4e4ad,native-d7714c3fec848a3bf67f6b0da7de97d52bc4b8ea7dc6a108289477cf133845c6,B3_AGENT_NATIVE,L1_target_destination,r3,NOT_SCHEDULED,False,,,,,
native_test_L1_engine_v2_20260907-6a60a51-v6,unit-930a8327d8ead5991599bd9fa163b78f,native-d7714c3fec848a3bf67f6b0da7de97d52bc4b8ea7dc6a108289477cf133845c6,B3_AGENT_NATIVE,L1_target_destination,r4,NOT_SCHEDULED,False,,,,,
native_test_L1_engine_v2_20260907-6a60a51-v6,unit-9c3c9aa2450a0f663ca8a2a64e2f7f6b,native-d7714c3fec848a3bf67f6b0da7de97d52bc4b8ea7dc6a108289477cf133845c6,B3_AGENT_NATIVE,L1_target_destination,r5,NOT_SCHEDULED,False,,,,,
native_test_L1_engine_v2_20260907-6a60a51-v6,unit-6223515a2b4580ed4c6d9f162eefcd73,native-d7714c3fec848a3bf67f6b0da7de97d52bc4b8ea7dc6a108289477cf133845c6,B3_AGENT_NATIVE,L1_target_destination,r6,NOT_SCHEDULED,False,,,,,
native_test_L1_engine_v2_20260907-6a60a51-v6,unit-f1b7bb1d224a1ec8344f657b19912eba,native-d7714c3fec848a3bf67f6b0da7de97d52bc4b8ea7dc6a108289477cf133845c6,B3_AGENT_NATIVE,L1_target_destination,r7,NOT_SCHEDULED,False,,,,,
native_test_L1_engine_v2_20260907-6a60a51-v6,unit-5cd9033ef71da04d7dfd3fe9cbe58856,native-d7714c3fec848a3bf67f6b0da7de97d52bc4b8ea7dc6a108289477cf133845c6,B3_AGENT_NATIVE,L1_target_destination,r8,NOT_SCHEDULED,False,,,,,
native_test_L1_engine_v2_20260907-6a60a51-v6,unit-78a15835ca50ce3758e1a1a83949a159,native-d7714c3fec848a3bf67f6b0da7de97d52bc4b8ea7dc6a108289477cf133845c6,B3_AGENT_NATIVE,L1_target_destination,r9,NOT_SCHEDULED,False,,,,,
native_test_L1_engine_v2_20260907-6a60a51-v6,unit-d133d0e6f09411212a1d55ea5017d296,native-c1d6ffb137352ef5f4f2625c933fa3a98d5801448076dc097c84c3682347eafe,B3_AGENT_NATIVE,L1_target_destination,r0,NOT_SCHEDULED,False,,,,,
native_test_L1_engine_v2_20260907-6a60a51-v6,unit-c042a14bfc3fd408ac93e1d790ec1dd8,native-c1d6ffb137352ef5f4f2625c933fa3a98d5801448076dc097c84c3682347eafe,B3_AGENT_NATIVE,L1_target_destination,r1,NOT_SCHEDULED,False,,,,,
native_test_L1_engine_v2_20260907-6a60a51-v6,unit-a7bd268ab45475db7957006211b019da,native-c1d6ffb137352ef5f4f2625c933fa3a98d5801448076dc097c84c3682347eafe,B3_AGENT_NATIVE,L1_target_destination,r2,NOT_SCHEDULED,False,,,,,
native_test_L1_engine_v2_20260907-6a60a51-v6,unit-3b0ff6e3f923caee8bdfc652c1ca584b,native-c1d6ffb137352ef5f4f2625c933fa3a98d5801448076dc097c84c3682347eafe,B3_AGENT_NATIVE,L1_target_destination,r3,NOT_SCHEDULED,False,,,,,
native_test_L1_engine_v2_20260907-6a60a51-v6,unit-25d25445681bba7c93bb7fb1590f0bbe,native-c1d6ffb137352ef5f4f2625c933fa3a98d5801448076dc097c84c3682347eafe,B3_AGENT_NATIVE,L1_target_destination,r4,NOT_SCHEDULED,False,,,,,
native_test_L1_engine_v2_20260907-6a60a51-v6,unit-46bb25b553455a4a4242dd6f7fbe4b7c,native-c1d6ffb137352ef5f4f2625c933fa3a98d5801448076dc097c84c3682347eafe,B3_AGENT_NATIVE,L1_target_destination,r5,NOT_SCHEDULED,False,,,,,
native_test_L1_engine_v2_20260907-6a60a51-v6,unit-d9ce692d17fac290adc5d830f959737c,native-c1d6ffb137352ef5f4f2625c933fa3a98d5801448076dc097c84c3682347eafe,B3_AGENT_NATIVE,L1_target_destination,r6,NOT_SCHEDULED,False,,,,,
native_test_L1_engine_v2_20260907-6a60a51-v6,unit-2d3ec60fa1cc93744987683550556712,native-c1d6ffb137352ef5f4f2625c933fa3a98d5801448076dc097c84c3682347eafe,B3_AGENT_NATIVE,L1_target_destination,r7,NOT_SCHEDULED,False,,,,,
native_test_L1_engine_v2_20260907-6a60a51-v6,unit-68ad57782db5bc270ffecb22bfe30cd1,native-c1d6ffb137352ef5f4f2625c933fa3a98d5801448076dc097c84c3682347eafe,B3_AGENT_NATIVE,L1_target_destination,r8,NOT_SCHEDULED,False,,,,,
native_test_L1_engine_v2_20260907-6a60a51-v6,unit-0816018ccf9bb4f339eb8922c9743355,native-c1d6ffb137352ef5f4f2625c933fa3a98d5801448076dc097c84c3682347eafe,B3_AGENT_NATIVE,L1_target_destination,r9,NOT_SCHEDULED,False,,,,,
native_test_L1_engine_v2_20260907-6a60a51-v6,unit-738f5c403c23178c55a3c0c94ec20bb2,native-a12fe0e2847088d392dce3bcce13e2c38b9b44fdee64c033b391ca4033780c40,B3_AGENT_NATIVE,L1_target_destination,r0,BUILD_FAILED,True,False,,/group/worldcept/code/SimAny/outputs/icra2027/20260907-4f5c745-v2/sim_recon_sim/scale_up/test_dispatch/instances/native-a12fe0e2847088d392dce3bcce13e2c38b9b44fdee64c033b391ca4033780c40/build_bindings.jsonl,eca95c62f9257e228611190896d29503e03fb2046dc739a48582d9eb62c22567,inherited_target
native_test_L1_engine_v2_20260907-6a60a51-v6,unit-04ffe4c48354538aaba32e08bc66a5e7,native-a12fe0e2847088d392dce3bcce13e2c38b9b44fdee64c033b391ca4033780c40,B3_AGENT_NATIVE,L1_target_destination,r1,BUILD_FAILED,True,False,,/group/worldcept/code/SimAny/outputs/icra2027/20260907-4f5c745-v2/sim_recon_sim/scale_up/test_dispatch/instances/native-a12fe0e2847088d392dce3bcce13e2c38b9b44fdee64c033b391ca4033780c40/build_bindings.jsonl,eca95c62f9257e228611190896d29503e03fb2046dc739a48582d9eb62c22567,inherited_target
native_test_L1_engine_v2_20260907-6a60a51-v6,unit-cc64b416bb2a33996cff0a1669690885,native-a12fe0e2847088d392dce3bcce13e2c38b9b44fdee64c033b391ca4033780c40,B3_AGENT_NATIVE,L1_target_destination,r2,BUILD_FAILED,True,False,,/group/worldcept/code/SimAny/outputs/icra2027/20260907-4f5c745-v2/sim_recon_sim/scale_up/test_dispatch/instances/native-a12fe0e2847088d392dce3bcce13e2c38b9b44fdee64c033b391ca4033780c40/build_bindings.jsonl,eca95c62f9257e228611190896d29503e03fb2046dc739a48582d9eb62c22567,inherited_target
native_test_L1_engine_v2_20260907-6a60a51-v6,unit-041f134d1bfeef1e4773726636e75a00,native-a12fe0e2847088d392dce3bcce13e2c38b9b44fdee64c033b391ca4033780c40,B3_AGENT_NATIVE,L1_target_destination,r3,BUILD_FAILED,True,False,,/group/worldcept/code/SimAny/outputs/icra2027/20260907-4f5c745-v2/sim_recon_sim/scale_up/test_dispatch/instances/native-a12fe0e2847088d392dce3bcce13e2c38b9b44fdee64c033b391ca4033780c40/build_bindings.jsonl,eca95c62f9257e228611190896d29503e03fb2046dc739a48582d9eb62c22567,inherited_target
native_test_L1_engine_v2_20260907-6a60a51-v6,unit-7bda268c531c7d218243e646ebd5117a,native-a12fe0e2847088d392dce3bcce13e2c38b9b44fdee64c033b391ca4033780c40,B3_AGENT_NATIVE,L1_target_destination,r4,BUILD_FAILED,True,False,,/group/worldcept/code/SimAny/outputs/icra2027/20260907-4f5c745-v2/sim_recon_sim/scale_up/test_dispatch/instances/native-a12fe0e2847088d392dce3bcce13e2c38b9b44fdee64c033b391ca4033780c40/build_bindings.jsonl,eca95c62f9257e228611190896d29503e03fb2046dc739a48582d9eb62c22567,inherited_target
native_test_L1_engine_v2_20260907-6a60a51-v6,unit-2093bf3a29f9809015d33e87ed360472,native-a12fe0e2847088d392dce3bcce13e2c38b9b44fdee64c033b391ca4033780c40,B3_AGENT_NATIVE,L1_target_destination,r5,BUILD_FAILED,True,False,,/group/worldcept/code/SimAny/outputs/icra2027/20260907-4f5c745-v2/sim_recon_sim/scale_up/test_dispatch/instances/native-a12fe0e2847088d392dce3bcce13e2c38b9b44fdee64c033b391ca4033780c40/build_bindings.jsonl,eca95c62f9257e228611190896d29503e03fb2046dc739a48582d9eb62c22567,inherited_target
native_test_L1_engine_v2_20260907-6a60a51-v6,unit-4dba0b1eea43f0b1417a8ca5bf48d94e,native-a12fe0e2847088d392dce3bcce13e2c38b9b44fdee64c033b391ca4033780c40,B3_AGENT_NATIVE,L1_target_destination,r6,BUILD_FAILED,True,False,,/group/worldcept/code/SimAny/outputs/icra2027/20260907-4f5c745-v2/sim_recon_sim/scale_up/test_dispatch/instances/native-a12fe0e2847088d392dce3bcce13e2c38b9b44fdee64c033b391ca4033780c40/build_bindings.jsonl,eca95c62f9257e228611190896d29503e03fb2046dc739a48582d9eb62c22567,inherited_target
native_test_L1_engine_v2_20260907-6a60a51-v6,unit-73e1d299b8a4ea8e22241f6f632724e2,native-a12fe0e2847088d392dce3bcce13e2c38b9b44fdee64c033b391ca4033780c40,B3_AGENT_NATIVE,L1_target_destination,r7,BUILD_FAILED,True,False,,/group/worldcept/code/SimAny/outputs/icra2027/20260907-4f5c745-v2/sim_recon_sim/scale_up/test_dispatch/instances/native-a12fe0e2847088d392dce3bcce13e2c38b9b44fdee64c033b391ca4033780c40/build_bindings.jsonl,eca95c62f9257e228611190896d29503e03fb2046dc739a48582d9eb62c22567,inherited_target
native_test_L1_engine_v2_20260907-6a60a51-v6,unit-fbbe20f31aa0fdb375828ea5a7d81904,native-a12fe0e2847088d392dce3bcce13e2c38b9b44fdee64c033b391ca4033780c40,B3_AGENT_NATIVE,L1_target_destination,r8,BUILD_FAILED,True,False,,/group/worldcept/code/SimAny/outputs/icra2027/20260907-4f5c745-v2/sim_recon_sim/scale_up/test_dispatch/instances/native-a12fe0e2847088d392dce3bcce13e2c38b9b44fdee64c033b391ca4033780c40/build_bindings.jsonl,eca95c62f9257e228611190896d29503e03fb2046dc739a48582d9eb62c22567,inherited_target
native_test_L1_engine_v2_20260907-6a60a51-v6,unit-2ef81c8add296398bc8fe6d54ac18893,native-a12fe0e2847088d392dce3bcce13e2c38b9b44fdee64c033b391ca4033780c40,B3_AGENT_NATIVE,L1_target_destination,r9,BUILD_FAILED,True,False,,/group/worldcept/code/SimAny/outputs/icra2027/20260907-4f5c745-v2/sim_recon_sim/scale_up/test_dispatch/instances/native-a12fe0e2847088d392dce3bcce13e2c38b9b44fdee64c033b391ca4033780c40/build_bindings.jsonl,eca95c62f9257e228611190896d29503e03fb2046dc739a48582d9eb62c22567,inherited_target
native_test_L1_engine_v2_20260907-6a60a51-v6,unit-4baceaa3ef0d776883a89370edee29a3,native-3438e9650ba6757891d3d71c1156b527a4a8e997ce65a3be1d1490db3ac19e43,B3_AGENT_NATIVE,L1_target_destination,r0,BUILD_FAILED,True,False,,/group/worldcept/code/SimAny/outputs/icra2027/20260907-4f5c745-v2/sim_recon_sim/scale_up/test_dispatch/instances/native-3438e9650ba6757891d3d71c1156b527a4a8e997ce65a3be1d1490db3ac19e43/build_bindings.jsonl,576ef8da20fed7522145630ae124424051c46c2fea7696ac8f109e7ef686ecd1,inherited_target
native_test_L1_engine_v2_20260907-6a60a51-v6,unit-33fae807fceb36b97ba14901da7960c9,native-3438e9650ba6757891d3d71c1156b527a4a8e997ce65a3be1d1490db3ac19e43,B3_AGENT_NATIVE,L1_target_destination,r1,BUILD_FAILED,True,False,,/group/worldcept/code/SimAny/outputs/icra2027/20260907-4f5c745-v2/sim_recon_sim/scale_up/test_dispatch/instances/native-3438e9650ba6757891d3d71c1156b527a4a8e997ce65a3be1d1490db3ac19e43/build_bindings.jsonl,576ef8da20fed7522145630ae124424051c46c2fea7696ac8f109e7ef686ecd1,inherited_target
native_test_L1_engine_v2_20260907-6a60a51-v6,unit-6dd453994bb2949eaaf2d351d61cecb4,native-3438e9650ba6757891d3d71c1156b527a4a8e997ce65a3be1d1490db3ac19e43,B3_AGENT_NATIVE,L1_target_destination,r2,BUILD_FAILED,True,False,,/group/worldcept/code/SimAny/outputs/icra2027/20260907-4f5c745-v2/sim_recon_sim/scale_up/test_dispatch/instances/native-3438e9650ba6757891d3d71c1156b527a4a8e997ce65a3be1d1490db3ac19e43/build_bindings.jsonl,576ef8da20fed7522145630ae124424051c46c2fea7696ac8f109e7ef686ecd1,inherited_target
native_test_L1_engine_v2_20260907-6a60a51-v6,unit-55c087c250693202404f2b8571205d3a,native-3438e9650ba6757891d3d71c1156b527a4a8e997ce65a3be1d1490db3ac19e43,B3_AGENT_NATIVE,L1_target_destination,r3,BUILD_FAILED,True,False,,/group/worldcept/code/SimAny/outputs/icra2027/20260907-4f5c745-v2/sim_recon_sim/scale_up/test_dispatch/instances/native-3438e9650ba6757891d3d71c1156b527a4a8e997ce65a3be1d1490db3ac19e43/build_bindings.jsonl,576ef8da20fed7522145630ae124424051c46c2fea7696ac8f109e7ef686ecd1,inherited_target
native_test_L1_engine_v2_20260907-6a60a51-v6,unit-281678aa3d0e82ad52991abfee581bb2,native-3438e9650ba6757891d3d71c1156b527a4a8e997ce65a3be1d1490db3ac19e43,B3_AGENT_NATIVE,L1_target_destination,r4,BUILD_FAILED,True,False,,/group/worldcept/code/SimAny/outputs/icra2027/20260907-4f5c745-v2/sim_recon_sim/scale_up/test_dispatch/instances/native-3438e9650ba6757891d3d71c1156b527a4a8e997ce65a3be1d1490db3ac19e43/build_bindings.jsonl,576ef8da20fed7522145630ae124424051c46c2fea7696ac8f109e7ef686ecd1,inherited_target
native_test_L1_engine_v2_20260907-6a60a51-v6,unit-f1b2adc7514790b2fcee607b36ce5aa0,native-3438e9650ba6757891d3d71c1156b527a4a8e997ce65a3be1d1490db3ac19e43,B3_AGENT_NATIVE,L1_target_destination,r5,BUILD_FAILED,True,False,,/group/worldcept/code/SimAny/outputs/icra2027/20260907-4f5c745-v2/sim_recon_sim/scale_up/test_dispatch/instances/native-3438e9650ba6757891d3d71c1156b527a4a8e997ce65a3be1d1490db3ac19e43/build_bindings.jsonl,576ef8da20fed7522145630ae124424051c46c2fea7696ac8f109e7ef686ecd1,inherited_target
native_test_L1_engine_v2_20260907-6a60a51-v6,unit-a96ceb57a88481c579b12d78f1ffa8d7,native-3438e9650ba6757891d3d71c1156b527a4a8e997ce65a3be1d1490db3ac19e43,B3_AGENT_NATIVE,L1_target_destination,r6,BUILD_FAILED,True,False,,/group/worldcept/code/SimAny/outputs/icra2027/20260907-4f5c745-v2/sim_recon_sim/scale_up/test_dispatch/instances/native-3438e9650ba6757891d3d71c1156b527a4a8e997ce65a3be1d1490db3ac19e43/build_bindings.jsonl,576ef8da20fed7522145630ae124424051c46c2fea7696ac8f109e7ef686ecd1,inherited_target
native_test_L1_engine_v2_20260907-6a60a51-v6,unit-18b72ec5301e75b2f6c0f1a345aad305,native-3438e9650ba6757891d3d71c1156b527a4a8e997ce65a3be1d1490db3ac19e43,B3_AGENT_NATIVE,L1_target_destination,r7,BUILD_FAILED,True,False,,/group/worldcept/code/SimAny/outputs/icra2027/20260907-4f5c745-v2/sim_recon_sim/scale_up/test_dispatch/instances/native-3438e9650ba6757891d3d71c1156b527a4a8e997ce65a3be1d1490db3ac19e43/build_bindings.jsonl,576ef8da20fed7522145630ae124424051c46c2fea7696ac8f109e7ef686ecd1,inherited_target
native_test_L1_engine_v2_20260907-6a60a51-v6,unit-689a121eea9842bacda7f93a0d23f95a,native-3438e9650ba6757891d3d71c1156b527a4a8e997ce65a3be1d1490db3ac19e43,B3_AGENT_NATIVE,L1_target_destination,r8,BUILD_FAILED,True,False,,/group/worldcept/code/SimAny/outputs/icra2027/20260907-4f5c745-v2/sim_recon_sim/scale_up/test_dispatch/instances/native-3438e9650ba6757891d3d71c1156b527a4a8e997ce65a3be1d1490db3ac19e43/build_bindings.jsonl,576ef8da20fed7522145630ae124424051c46c2fea7696ac8f109e7ef686ecd1,inherited_target
native_test_L1_engine_v2_20260907-6a60a51-v6,unit-b4cba05b0547dce754d863c533fd5364,native-3438e9650ba6757891d3d71c1156b527a4a8e997ce65a3be1d1490db3ac19e43,B3_AGENT_NATIVE,L1_target_destination,r9,BUILD_FAILED,True,False,,/group/worldcept/code/SimAny/outputs/icra2027/20260907-4f5c745-v2/sim_recon_sim/scale_up/test_dispatch/instances/native-3438e9650ba6757891d3d71c1156b527a4a8e997ce65a3be1d1490db3ac19e43/build_bindings.jsonl,576ef8da20fed7522145630ae124424051c46c2fea7696ac8f109e7ef686ecd1,inherited_target
native_test_L1_engine_v2_20260907-6a60a51-v6,unit-5bf4347f4b472e86f203cee67af85d80,native-0f2e77b6fa5316e3c64b6b85dee8d7e7960ac05e5c460bf4ef6f13b1ad62a34d,B3_AGENT_NATIVE,L1_target_destination,r0,BUILD_FAILED,True,False,,/group/worldcept/code/SimAny/outputs/icra2027/20260907-2cc8928-v1/sim_recon_sim/scale_up/scope_test_preparation/destination_builds/slot-b71bfe57283b5544b303/build_failure.json,af52cf0c93a4cc21cc8e830ebb96d12e174a10bdc7037dd15ce5a3ec1d90c300,additional_scope
native_test_L1_engine_v2_20260907-6a60a51-v6,unit-d9f3b9971c93694421e547de90cefe2a,native-0f2e77b6fa5316e3c64b6b85dee8d7e7960ac05e5c460bf4ef6f13b1ad62a34d,B3_AGENT_NATIVE,L1_target_destination,r1,BUILD_FAILED,True,False,,/group/worldcept/code/SimAny/outputs/icra2027/20260907-2cc8928-v1/sim_recon_sim/scale_up/scope_test_preparation/destination_builds/slot-b71bfe57283b5544b303/build_failure.json,af52cf0c93a4cc21cc8e830ebb96d12e174a10bdc7037dd15ce5a3ec1d90c300,additional_scope
native_test_L1_engine_v2_20260907-6a60a51-v6,unit-feb01d91dd27e0849fb07b0aab2c65e0,native-0f2e77b6fa5316e3c64b6b85dee8d7e7960ac05e5c460bf4ef6f13b1ad62a34d,B3_AGENT_NATIVE,L1_target_destination,r2,BUILD_FAILED,True,False,,/group/worldcept/code/SimAny/outputs/icra2027/20260907-2cc8928-v1/sim_recon_sim/scale_up/scope_test_preparation/destination_builds/slot-b71bfe57283b5544b303/build_failure.json,af52cf0c93a4cc21cc8e830ebb96d12e174a10bdc7037dd15ce5a3ec1d90c300,additional_scope
native_test_L1_engine_v2_20260907-6a60a51-v6,unit-5fe0683e4899c871451db00e73b7d79d,native-0f2e77b6fa5316e3c64b6b85dee8d7e7960ac05e5c460bf4ef6f13b1ad62a34d,B3_AGENT_NATIVE,L1_target_destination,r3,BUILD_FAILED,True,False,,/group/worldcept/code/SimAny/outputs/icra2027/20260907-2cc8928-v1/sim_recon_sim/scale_up/scope_test_preparation/destination_builds/slot-b71bfe57283b5544b303/build_failure.json,af52cf0c93a4cc21cc8e830ebb96d12e174a10bdc7037dd15ce5a3ec1d90c300,additional_scope
native_test_L1_engine_v2_20260907-6a60a51-v6,unit-b0ac804747d217808906cf0cdf1a4cd4,native-0f2e77b6fa5316e3c64b6b85dee8d7e7960ac05e5c460bf4ef6f13b1ad62a34d,B3_AGENT_NATIVE,L1_target_destination,r4,BUILD_FAILED,True,False,,/group/worldcept/code/SimAny/outputs/icra2027/20260907-2cc8928-v1/sim_recon_sim/scale_up/scope_test_preparation/destination_builds/slot-b71bfe57283b5544b303/build_failure.json,af52cf0c93a4cc21cc8e830ebb96d12e174a10bdc7037dd15ce5a3ec1d90c300,additional_scope
native_test_L1_engine_v2_20260907-6a60a51-v6,unit-d58cee269f0a503ca69034b5ec05efc8,native-0f2e77b6fa5316e3c64b6b85dee8d7e7960ac05e5c460bf4ef6f13b1ad62a34d,B3_AGENT_NATIVE,L1_target_destination,r5,BUILD_FAILED,True,False,,/group/worldcept/code/SimAny/outputs/icra2027/20260907-2cc8928-v1/sim_recon_sim/scale_up/scope_test_preparation/destination_builds/slot-b71bfe57283b5544b303/build_failure.json,af52cf0c93a4cc21cc8e830ebb96d12e174a10bdc7037dd15ce5a3ec1d90c300,additional_scope
native_test_L1_engine_v2_20260907-6a60a51-v6,unit-3a3c09ae35d80e7a5553c22c517fc40e,native-0f2e77b6fa5316e3c64b6b85dee8d7e7960ac05e5c460bf4ef6f13b1ad62a34d,B3_AGENT_NATIVE,L1_target_destination,r6,BUILD_FAILED,True,False,,/group/worldcept/code/SimAny/outputs/icra2027/20260907-2cc8928-v1/sim_recon_sim/scale_up/scope_test_preparation/destination_builds/slot-b71bfe57283b5544b303/build_failure.json,af52cf0c93a4cc21cc8e830ebb96d12e174a10bdc7037dd15ce5a3ec1d90c300,additional_scope
native_test_L1_engine_v2_20260907-6a60a51-v6,unit-fd63676eb06ef5cab170280886c9e21d,native-0f2e77b6fa5316e3c64b6b85dee8d7e7960ac05e5c460bf4ef6f13b1ad62a34d,B3_AGENT_NATIVE,L1_target_destination,r7,BUILD_FAILED,True,False,,/group/worldcept/code/SimAny/outputs/icra2027/20260907-2cc8928-v1/sim_recon_sim/scale_up/scope_test_preparation/destination_builds/slot-b71bfe57283b5544b303/build_failure.json,af52cf0c93a4cc21cc8e830ebb96d12e174a10bdc7037dd15ce5a3ec1d90c300,additional_scope
native_test_L1_engine_v2_20260907-6a60a51-v6,unit-b0ee6d51dd156ebc42aebb201bc36b85,native-0f2e77b6fa5316e3c64b6b85dee8d7e7960ac05e5c460bf4ef6f13b1ad62a34d,B3_AGENT_NATIVE,L1_target_destination,r8,BUILD_FAILED,True,False,,/group/worldcept/code/SimAny/outputs/icra2027/20260907-2cc8928-v1/sim_recon_sim/scale_up/scope_test_preparation/destination_builds/slot-b71bfe57283b5544b303/build_failure.json,af52cf0c93a4cc21cc8e830ebb96d12e174a10bdc7037dd15ce5a3ec1d90c300,additional_scope
native_test_L1_engine_v2_20260907-6a60a51-v6,unit-12ebea9556192638c08b0df818cfe747,native-0f2e77b6fa5316e3c64b6b85dee8d7e7960ac05e5c460bf4ef6f13b1ad62a34d,B3_AGENT_NATIVE,L1_target_destination,r9,BUILD_FAILED,True,False,,/group/worldcept/code/SimAny/outputs/icra2027/20260907-2cc8928-v1/sim_recon_sim/scale_up/scope_test_preparation/destination_builds/slot-b71bfe57283b5544b303/build_failure.json,af52cf0c93a4cc21cc8e830ebb96d12e174a10bdc7037dd15ce5a3ec1d90c300,additional_scope
native_test_L1_engine_v2_20260907-6a60a51-v6,unit-6b87ad4317d2da1d8d79be4182f29cd9,native-c4174ea32309fcb64348aec128ee3365bbbd3fe1f46e0428b3bc369f09bd6486,B3_AGENT_NATIVE,L1_target_destination,r0,NOT_SCHEDULED,False,,,,,
native_test_L1_engine_v2_20260907-6a60a51-v6,unit-b9ae23342a083f56dd5d10c2681a1936,native-c4174ea32309fcb64348aec128ee3365bbbd3fe1f46e0428b3bc369f09bd6486,B3_AGENT_NATIVE,L1_target_destination,r1,NOT_SCHEDULED,False,,,,,
native_test_L1_engine_v2_20260907-6a60a51-v6,unit-a960559f6d36f10f5ca6359f90f03b0d,native-c4174ea32309fcb64348aec128ee3365bbbd3fe1f46e0428b3bc369f09bd6486,B3_AGENT_NATIVE,L1_target_destination,r2,NOT_SCHEDULED,False,,,,,
native_test_L1_engine_v2_20260907-6a60a51-v6,unit-14f1a237a8a4207db798c8ee10fa53e4,native-c4174ea32309fcb64348aec128ee3365bbbd3fe1f46e0428b3bc369f09bd6486,B3_AGENT_NATIVE,L1_target_destination,r3,NOT_SCHEDULED,False,,,,,
native_test_L1_engine_v2_20260907-6a60a51-v6,unit-fc0ad7b834af1f7fe494297647b714a6,native-c4174ea32309fcb64348aec128ee3365bbbd3fe1f46e0428b3bc369f09bd6486,B3_AGENT_NATIVE,L1_target_destination,r4,NOT_SCHEDULED,False,,,,,
native_test_L1_engine_v2_20260907-6a60a51-v6,unit-76c8d2479b9219ee30051c3707a134b1,native-c4174ea32309fcb64348aec128ee3365bbbd3fe1f46e0428b3bc369f09bd6486,B3_AGENT_NATIVE,L1_target_destination,r5,NOT_SCHEDULED,False,,,,,
native_test_L1_engine_v2_20260907-6a60a51-v6,unit-610fbd2022652223b001c0b6919815fc,native-c4174ea32309fcb64348aec128ee3365bbbd3fe1f46e0428b3bc369f09bd6486,B3_AGENT_NATIVE,L1_target_destination,r6,NOT_SCHEDULED,False,,,,,
native_test_L1_engine_v2_20260907-6a60a51-v6,unit-31236ce028c398e25bab8788bc9a13fc,native-c4174ea32309fcb64348aec128ee3365bbbd3fe1f46e0428b3bc369f09bd6486,B3_AGENT_NATIVE,L1_target_destination,r7,NOT_SCHEDULED,False,,,,,
native_test_L1_engine_v2_20260907-6a60a51-v6,unit-e708b65b2072f8c130e5e5ec9928c07b,native-c4174ea32309fcb64348aec128ee3365bbbd3fe1f46e0428b3bc369f09bd6486,B3_AGENT_NATIVE,L1_target_destination,r8,NOT_SCHEDULED,False,,,,,
native_test_L1_engine_v2_20260907-6a60a51-v6,unit-c3eb858e30342527074e8a5b2c485d67,native-c4174ea32309fcb64348aec128ee3365bbbd3fe1f46e0428b3bc369f09bd6486,B3_AGENT_NATIVE,L1_target_destination,r9,NOT_SCHEDULED,False,,,,,
native_test_L1_engine_v2_20260907-6a60a51-v6,unit-55b7a83066d44d580b83306d8e3afc25,native-cfcb44d635255d3a292d64d3af7a8daad31c33edcb3a5b6af5055867b6381bcd,B3_AGENT_NATIVE,L1_target_destination,r0,BUILD_FAILED,True,False,,/group/worldcept/code/SimAny/outputs/icra2027/20260907-4f5c745-v2/sim_recon_sim/scale_up/test_dispatch/instances/native-cfcb44d635255d3a292d64d3af7a8daad31c33edcb3a5b6af5055867b6381bcd/build_bindings.jsonl,491f69eb5372373b0925915f52e99ab7eb9aa8e5cc607cb7ebec40a7d091ccb2,inherited_target
native_test_L1_engine_v2_20260907-6a60a51-v6,unit-906c65f744991b3d4119b650e4868ca8,native-cfcb44d635255d3a292d64d3af7a8daad31c33edcb3a5b6af5055867b6381bcd,B3_AGENT_NATIVE,L1_target_destination,r1,BUILD_FAILED,True,False,,/group/worldcept/code/SimAny/outputs/icra2027/20260907-4f5c745-v2/sim_recon_sim/scale_up/test_dispatch/instances/native-cfcb44d635255d3a292d64d3af7a8daad31c33edcb3a5b6af5055867b6381bcd/build_bindings.jsonl,491f69eb5372373b0925915f52e99ab7eb9aa8e5cc607cb7ebec40a7d091ccb2,inherited_target
native_test_L1_engine_v2_20260907-6a60a51-v6,unit-525f7d433e6631f1b09b5605338b8457,native-cfcb44d635255d3a292d64d3af7a8daad31c33edcb3a5b6af5055867b6381bcd,B3_AGENT_NATIVE,L1_target_destination,r2,BUILD_FAILED,True,False,,/group/worldcept/code/SimAny/outputs/icra2027/20260907-4f5c745-v2/sim_recon_sim/scale_up/test_dispatch/instances/native-cfcb44d635255d3a292d64d3af7a8daad31c33edcb3a5b6af5055867b6381bcd/build_bindings.jsonl,491f69eb5372373b0925915f52e99ab7eb9aa8e5cc607cb7ebec40a7d091ccb2,inherited_target
native_test_L1_engine_v2_20260907-6a60a51-v6,unit-fda837aefa341d852e4634f84e989965,native-cfcb44d635255d3a292d64d3af7a8daad31c33edcb3a5b6af5055867b6381bcd,B3_AGENT_NATIVE,L1_target_destination,r3,BUILD_FAILED,True,False,,/group/worldcept/code/SimAny/outputs/icra2027/20260907-4f5c745-v2/sim_recon_sim/scale_up/test_dispatch/instances/native-cfcb44d635255d3a292d64d3af7a8daad31c33edcb3a5b6af5055867b6381bcd/build_bindings.jsonl,491f69eb5372373b0925915f52e99ab7eb9aa8e5cc607cb7ebec40a7d091ccb2,inherited_target
native_test_L1_engine_v2_20260907-6a60a51-v6,unit-b3cff034eeac054c4138b774ac9bb9bb,native-cfcb44d635255d3a292d64d3af7a8daad31c33edcb3a5b6af5055867b6381bcd,B3_AGENT_NATIVE,L1_target_destination,r4,BUILD_FAILED,True,False,,/group/worldcept/code/SimAny/outputs/icra2027/20260907-4f5c745-v2/sim_recon_sim/scale_up/test_dispatch/instances/native-cfcb44d635255d3a292d64d3af7a8daad31c33edcb3a5b6af5055867b6381bcd/build_bindings.jsonl,491f69eb5372373b0925915f52e99ab7eb9aa8e5cc607cb7ebec40a7d091ccb2,inherited_target
native_test_L1_engine_v2_20260907-6a60a51-v6,unit-63ee6646b94b4580d06a197fdd2216b7,native-cfcb44d635255d3a292d64d3af7a8daad31c33edcb3a5b6af5055867b6381bcd,B3_AGENT_NATIVE,L1_target_destination,r5,BUILD_FAILED,True,False,,/group/worldcept/code/SimAny/outputs/icra2027/20260907-4f5c745-v2/sim_recon_sim/scale_up/test_dispatch/instances/native-cfcb44d635255d3a292d64d3af7a8daad31c33edcb3a5b6af5055867b6381bcd/build_bindings.jsonl,491f69eb5372373b0925915f52e99ab7eb9aa8e5cc607cb7ebec40a7d091ccb2,inherited_target
native_test_L1_engine_v2_20260907-6a60a51-v6,unit-44e4067f9f5136d55304a56612653e37,native-cfcb44d635255d3a292d64d3af7a8daad31c33edcb3a5b6af5055867b6381bcd,B3_AGENT_NATIVE,L1_target_destination,r6,BUILD_FAILED,True,False,,/group/worldcept/code/SimAny/outputs/icra2027/20260907-4f5c745-v2/sim_recon_sim/scale_up/test_dispatch/instances/native-cfcb44d635255d3a292d64d3af7a8daad31c33edcb3a5b6af5055867b6381bcd/build_bindings.jsonl,491f69eb5372373b0925915f52e99ab7eb9aa8e5cc607cb7ebec40a7d091ccb2,inherited_target
native_test_L1_engine_v2_20260907-6a60a51-v6,unit-e456e9a36706296f64cbdf941af54077,native-cfcb44d635255d3a292d64d3af7a8daad31c33edcb3a5b6af5055867b6381bcd,B3_AGENT_NATIVE,L1_target_destination,r7,BUILD_FAILED,True,False,,/group/worldcept/code/SimAny/outputs/icra2027/20260907-4f5c745-v2/sim_recon_sim/scale_up/test_dispatch/instances/native-cfcb44d635255d3a292d64d3af7a8daad31c33edcb3a5b6af5055867b6381bcd/build_bindings.jsonl,491f69eb5372373b0925915f52e99ab7eb9aa8e5cc607cb7ebec40a7d091ccb2,inherited_target
native_test_L1_engine_v2_20260907-6a60a51-v6,unit-e91e5b64f72062ebec1cc4d8b332cef9,native-cfcb44d635255d3a292d64d3af7a8daad31c33edcb3a5b6af5055867b6381bcd,B3_AGENT_NATIVE,L1_target_destination,r8,BUILD_FAILED,True,False,,/group/worldcept/code/SimAny/outputs/icra2027/20260907-4f5c745-v2/sim_recon_sim/scale_up/test_dispatch/instances/native-cfcb44d635255d3a292d64d3af7a8daad31c33edcb3a5b6af5055867b6381bcd/build_bindings.jsonl,491f69eb5372373b0925915f52e99ab7eb9aa8e5cc607cb7ebec40a7d091ccb2,inherited_target
native_test_L1_engine_v2_20260907-6a60a51-v6,unit-6c05d150512b7a0a6b4dd478b05d00f5,native-cfcb44d635255d3a292d64d3af7a8daad31c33edcb3a5b6af5055867b6381bcd,B3_AGENT_NATIVE,L1_target_destination,r9,BUILD_FAILED,True,False,,/group/worldcept/code/SimAny/outputs/icra2027/20260907-4f5c745-v2/sim_recon_sim/scale_up/test_dispatch/instances/native-cfcb44d635255d3a292d64d3af7a8daad31c33edcb3a5b6af5055867b6381bcd/build_bindings.jsonl,491f69eb5372373b0925915f52e99ab7eb9aa8e5cc607cb7ebec40a7d091ccb2,inherited_target
native_test_L1_engine_v2_20260907-6a60a51-v6,unit-0820d09afed8873bccfc3725890a799e,native-16965d36aef6ce17e83f682a29a04213367b09e0443b5ee4495fdfb33da1d8e9,B3_AGENT_NATIVE,L1_target_destination,r0,BUILD_FAILED,True,False,,/group/worldcept/code/SimAny/outputs/icra2027/20260907-4f5c745-v2/sim_recon_sim/scale_up/test_dispatch/instances/native-16965d36aef6ce17e83f682a29a04213367b09e0443b5ee4495fdfb33da1d8e9/build_bindings.jsonl,0241d53eb012e20613fab1ea7f093e42c64e89b6c78ecd1f1dce0b99cb4d8b25,inherited_target
native_test_L1_engine_v2_20260907-6a60a51-v6,unit-a60e83f153d2ec379cac69a02ec9548b,native-16965d36aef6ce17e83f682a29a04213367b09e0443b5ee4495fdfb33da1d8e9,B3_AGENT_NATIVE,L1_target_destination,r1,BUILD_FAILED,True,False,,/group/worldcept/code/SimAny/outputs/icra2027/20260907-4f5c745-v2/sim_recon_sim/scale_up/test_dispatch/instances/native-16965d36aef6ce17e83f682a29a04213367b09e0443b5ee4495fdfb33da1d8e9/build_bindings.jsonl,0241d53eb012e20613fab1ea7f093e42c64e89b6c78ecd1f1dce0b99cb4d8b25,inherited_target
native_test_L1_engine_v2_20260907-6a60a51-v6,unit-9524c52ad12213bd706e02e1e90410db,native-16965d36aef6ce17e83f682a29a04213367b09e0443b5ee4495fdfb33da1d8e9,B3_AGENT_NATIVE,L1_target_destination,r2,BUILD_FAILED,True,False,,/group/worldcept/code/SimAny/outputs/icra2027/20260907-4f5c745-v2/sim_recon_sim/scale_up/test_dispatch/instances/native-16965d36aef6ce17e83f682a29a04213367b09e0443b5ee4495fdfb33da1d8e9/build_bindings.jsonl,0241d53eb012e20613fab1ea7f093e42c64e89b6c78ecd1f1dce0b99cb4d8b25,inherited_target
native_test_L1_engine_v2_20260907-6a60a51-v6,unit-3123adaf208a522346f2199f835793b1,native-16965d36aef6ce17e83f682a29a04213367b09e0443b5ee4495fdfb33da1d8e9,B3_AGENT_NATIVE,L1_target_destination,r3,BUILD_FAILED,True,False,,/group/worldcept/code/SimAny/outputs/icra2027/20260907-4f5c745-v2/sim_recon_sim/scale_up/test_dispatch/instances/native-16965d36aef6ce17e83f682a29a04213367b09e0443b5ee4495fdfb33da1d8e9/build_bindings.jsonl,0241d53eb012e20613fab1ea7f093e42c64e89b6c78ecd1f1dce0b99cb4d8b25,inherited_target
native_test_L1_engine_v2_20260907-6a60a51-v6,unit-ea71fa65c59389541f54f93036949ec3,native-16965d36aef6ce17e83f682a29a04213367b09e0443b5ee4495fdfb33da1d8e9,B3_AGENT_NATIVE,L1_target_destination,r4,BUILD_FAILED,True,False,,/group/worldcept/code/SimAny/outputs/icra2027/20260907-4f5c745-v2/sim_recon_sim/scale_up/test_dispatch/instances/native-16965d36aef6ce17e83f682a29a04213367b09e0443b5ee4495fdfb33da1d8e9/build_bindings.jsonl,0241d53eb012e20613fab1ea7f093e42c64e89b6c78ecd1f1dce0b99cb4d8b25,inherited_target
native_test_L1_engine_v2_20260907-6a60a51-v6,unit-cad940bf2c0b379e9ef8b27c835177c2,native-16965d36aef6ce17e83f682a29a04213367b09e0443b5ee4495fdfb33da1d8e9,B3_AGENT_NATIVE,L1_target_destination,r5,BUILD_FAILED,True,False,,/group/worldcept/code/SimAny/outputs/icra2027/20260907-4f5c745-v2/sim_recon_sim/scale_up/test_dispatch/instances/native-16965d36aef6ce17e83f682a29a04213367b09e0443b5ee4495fdfb33da1d8e9/build_bindings.jsonl,0241d53eb012e20613fab1ea7f093e42c64e89b6c78ecd1f1dce0b99cb4d8b25,inherited_target
native_test_L1_engine_v2_20260907-6a60a51-v6,unit-f0ebbdf22629abccaf58260c4d9fe8c1,native-16965d36aef6ce17e83f682a29a04213367b09e0443b5ee4495fdfb33da1d8e9,B3_AGENT_NATIVE,L1_target_destination,r6,BUILD_FAILED,True,False,,/group/worldcept/code/SimAny/outputs/icra2027/20260907-4f5c745-v2/sim_recon_sim/scale_up/test_dispatch/instances/native-16965d36aef6ce17e83f682a29a04213367b09e0443b5ee4495fdfb33da1d8e9/build_bindings.jsonl,0241d53eb012e20613fab1ea7f093e42c64e89b6c78ecd1f1dce0b99cb4d8b25,inherited_target
native_test_L1_engine_v2_20260907-6a60a51-v6,unit-471ada5f9485afa095e039407bf54f4b,native-16965d36aef6ce17e83f682a29a04213367b09e0443b5ee4495fdfb33da1d8e9,B3_AGENT_NATIVE,L1_target_destination,r7,BUILD_FAILED,True,False,,/group/worldcept/code/SimAny/outputs/icra2027/20260907-4f5c745-v2/sim_recon_sim/scale_up/test_dispatch/instances/native-16965d36aef6ce17e83f682a29a04213367b09e0443b5ee4495fdfb33da1d8e9/build_bindings.jsonl,0241d53eb012e20613fab1ea7f093e42c64e89b6c78ecd1f1dce0b99cb4d8b25,inherited_target
native_test_L1_engine_v2_20260907-6a60a51-v6,unit-020887c604fc9e8d7d76ee6c4ef1f061,native-16965d36aef6ce17e83f682a29a04213367b09e0443b5ee4495fdfb33da1d8e9,B3_AGENT_NATIVE,L1_target_destination,r8,BUILD_FAILED,True,False,,/group/worldcept/code/SimAny/outputs/icra2027/20260907-4f5c745-v2/sim_recon_sim/scale_up/test_dispatch/instances/native-16965d36aef6ce17e83f682a29a04213367b09e0443b5ee4495fdfb33da1d8e9/build_bindings.jsonl,0241d53eb012e20613fab1ea7f093e42c64e89b6c78ecd1f1dce0b99cb4d8b25,inherited_target
native_test_L1_engine_v2_20260907-6a60a51-v6,unit-3962129de6ff691f823f93ffe7445a38,native-16965d36aef6ce17e83f682a29a04213367b09e0443b5ee4495fdfb33da1d8e9,B3_AGENT_NATIVE,L1_target_destination,r9,BUILD_FAILED,True,False,,/group/worldcept/code/SimAny/outputs/icra2027/20260907-4f5c745-v2/sim_recon_sim/scale_up/test_dispatch/instances/native-16965d36aef6ce17e83f682a29a04213367b09e0443b5ee4495fdfb33da1d8e9/build_bindings.jsonl,0241d53eb012e20613fab1ea7f093e42c64e89b6c78ecd1f1dce0b99cb4d8b25,inherited_target
native_test_L1_engine_v2_20260907-6a60a51-v6,unit-6a55d0abe040c98ad1386235d9c2cab9,native-ca01034d4dab28f6b97bf687b9052888004f9b0cba85f63c70ee47f4683a1864,B3_AGENT_NATIVE,L1_target_destination,r0,NOT_SCHEDULED,False,,,,,
native_test_L1_engine_v2_20260907-6a60a51-v6,unit-d78739e47cc4ea2e395b874914d10582,native-ca01034d4dab28f6b97bf687b9052888004f9b0cba85f63c70ee47f4683a1864,B3_AGENT_NATIVE,L1_target_destination,r1,NOT_SCHEDULED,False,,,,,
native_test_L1_engine_v2_20260907-6a60a51-v6,unit-a4c68f47e538d37144d6dcf71aaccdd9,native-ca01034d4dab28f6b97bf687b9052888004f9b0cba85f63c70ee47f4683a1864,B3_AGENT_NATIVE,L1_target_destination,r2,NOT_SCHEDULED,False,,,,,
native_test_L1_engine_v2_20260907-6a60a51-v6,unit-c574c9173290d268d68c1a87e667a707,native-ca01034d4dab28f6b97bf687b9052888004f9b0cba85f63c70ee47f4683a1864,B3_AGENT_NATIVE,L1_target_destination,r3,NOT_SCHEDULED,False,,,,,
native_test_L1_engine_v2_20260907-6a60a51-v6,unit-337649a045879586026e3a947c8df20e,native-ca01034d4dab28f6b97bf687b9052888004f9b0cba85f63c70ee47f4683a1864,B3_AGENT_NATIVE,L1_target_destination,r4,NOT_SCHEDULED,False,,,,,
native_test_L1_engine_v2_20260907-6a60a51-v6,unit-160a97b8230536c6d9bf2ebe1c793fd7,native-ca01034d4dab28f6b97bf687b9052888004f9b0cba85f63c70ee47f4683a1864,B3_AGENT_NATIVE,L1_target_destination,r5,NOT_SCHEDULED,False,,,,,
native_test_L1_engine_v2_20260907-6a60a51-v6,unit-bc071685716509c15e9ed332ab6e0667,native-ca01034d4dab28f6b97bf687b9052888004f9b0cba85f63c70ee47f4683a1864,B3_AGENT_NATIVE,L1_target_destination,r6,NOT_SCHEDULED,False,,,,,
native_test_L1_engine_v2_20260907-6a60a51-v6,unit-2cc18fad387c7a280944b1adc0fcb55c,native-ca01034d4dab28f6b97bf687b9052888004f9b0cba85f63c70ee47f4683a1864,B3_AGENT_NATIVE,L1_target_destination,r7,NOT_SCHEDULED,False,,,,,
native_test_L1_engine_v2_20260907-6a60a51-v6,unit-6cd3afa84b523a0d557c92e5e01a4323,native-ca01034d4dab28f6b97bf687b9052888004f9b0cba85f63c70ee47f4683a1864,B3_AGENT_NATIVE,L1_target_destination,r8,NOT_SCHEDULED,False,,,,,
native_test_L1_engine_v2_20260907-6a60a51-v6,unit-8d0665eb4d89b6ca314f0775b92ad782,native-ca01034d4dab28f6b97bf687b9052888004f9b0cba85f63c70ee47f4683a1864,B3_AGENT_NATIVE,L1_target_destination,r9,NOT_SCHEDULED,False,,,,,
native_test_L1_engine_v2_20260907-6a60a51-v6,unit-766a656bbfd7c0cee641e13aca6991e0,native-13f5298a0fba7dcbc205c0858fd4b893535887e84a1dda9ac1f00ede52742d30,B3_AGENT_NATIVE,L1_target_destination,r0,NOT_SCHEDULED,False,,,,,
native_test_L1_engine_v2_20260907-6a60a51-v6,unit-7609f3b376324ba93950656aa86f45a6,native-13f5298a0fba7dcbc205c0858fd4b893535887e84a1dda9ac1f00ede52742d30,B3_AGENT_NATIVE,L1_target_destination,r1,NOT_SCHEDULED,False,,,,,
native_test_L1_engine_v2_20260907-6a60a51-v6,unit-c140caba844fc1e7284c3c8d137d6fe1,native-13f5298a0fba7dcbc205c0858fd4b893535887e84a1dda9ac1f00ede52742d30,B3_AGENT_NATIVE,L1_target_destination,r2,NOT_SCHEDULED,False,,,,,
native_test_L1_engine_v2_20260907-6a60a51-v6,unit-76ff754aee953b4e453319296de72151,native-13f5298a0fba7dcbc205c0858fd4b893535887e84a1dda9ac1f00ede52742d30,B3_AGENT_NATIVE,L1_target_destination,r3,NOT_SCHEDULED,False,,,,,
native_test_L1_engine_v2_20260907-6a60a51-v6,unit-09e861b2e952bf3a6a5292ed7684ce42,native-13f5298a0fba7dcbc205c0858fd4b893535887e84a1dda9ac1f00ede52742d30,B3_AGENT_NATIVE,L1_target_destination,r4,NOT_SCHEDULED,False,,,,,
native_test_L1_engine_v2_20260907-6a60a51-v6,unit-c9316e8096cd2e1a0dedd14240be3e6c,native-13f5298a0fba7dcbc205c0858fd4b893535887e84a1dda9ac1f00ede52742d30,B3_AGENT_NATIVE,L1_target_destination,r5,NOT_SCHEDULED,False,,,,,
native_test_L1_engine_v2_20260907-6a60a51-v6,unit-aec02bc8a5036ab7ff4588acded84f38,native-13f5298a0fba7dcbc205c0858fd4b893535887e84a1dda9ac1f00ede52742d30,B3_AGENT_NATIVE,L1_target_destination,r6,NOT_SCHEDULED,False,,,,,
native_test_L1_engine_v2_20260907-6a60a51-v6,unit-6341f7ce6a38acd1867c384fe8abf545,native-13f5298a0fba7dcbc205c0858fd4b893535887e84a1dda9ac1f00ede52742d30,B3_AGENT_NATIVE,L1_target_destination,r7,NOT_SCHEDULED,False,,,,,
native_test_L1_engine_v2_20260907-6a60a51-v6,unit-07027dd32a6a04a7b56adce202a8200b,native-13f5298a0fba7dcbc205c0858fd4b893535887e84a1dda9ac1f00ede52742d30,B3_AGENT_NATIVE,L1_target_destination,r8,NOT_SCHEDULED,False,,,,,
native_test_L1_engine_v2_20260907-6a60a51-v6,unit-4cd9a71ed5d9822c158bed4b0e26cec9,native-13f5298a0fba7dcbc205c0858fd4b893535887e84a1dda9ac1f00ede52742d30,B3_AGENT_NATIVE,L1_target_destination,r9,NOT_SCHEDULED,False,,,,,
native_test_L1_engine_v2_20260907-6a60a51-v6,unit-a9ff63e1138fb26bbfc2e17eb70a232e,native-29385b26f4a5c4b4a50eb708dff767aff9483f106e4b2e03e92043eab6e43ba3,B3_AGENT_NATIVE,L1_target_destination,r0,NOT_SCHEDULED,False,,,,,
native_test_L1_engine_v2_20260907-6a60a51-v6,unit-67482a44ec46c0945d7b65e3f2c68e0f,native-29385b26f4a5c4b4a50eb708dff767aff9483f106e4b2e03e92043eab6e43ba3,B3_AGENT_NATIVE,L1_target_destination,r1,NOT_SCHEDULED,False,,,,,
native_test_L1_engine_v2_20260907-6a60a51-v6,unit-f0ff5d736712b7f3eb345b56e1b8d0df,native-29385b26f4a5c4b4a50eb708dff767aff9483f106e4b2e03e92043eab6e43ba3,B3_AGENT_NATIVE,L1_target_destination,r2,NOT_SCHEDULED,False,,,,,
native_test_L1_engine_v2_20260907-6a60a51-v6,unit-2d5ce4b100672aa0c22402cb899cff70,native-29385b26f4a5c4b4a50eb708dff767aff9483f106e4b2e03e92043eab6e43ba3,B3_AGENT_NATIVE,L1_target_destination,r3,NOT_SCHEDULED,False,,,,,
native_test_L1_engine_v2_20260907-6a60a51-v6,unit-b3d50c67ccda2087b1a57d7bb18721d6,native-29385b26f4a5c4b4a50eb708dff767aff9483f106e4b2e03e92043eab6e43ba3,B3_AGENT_NATIVE,L1_target_destination,r4,NOT_SCHEDULED,False,,,,,
native_test_L1_engine_v2_20260907-6a60a51-v6,unit-cac78130997d87c05a4f1dd63e24a70c,native-29385b26f4a5c4b4a50eb708dff767aff9483f106e4b2e03e92043eab6e43ba3,B3_AGENT_NATIVE,L1_target_destination,r5,NOT_SCHEDULED,False,,,,,
native_test_L1_engine_v2_20260907-6a60a51-v6,unit-6b522a96e177b9bb46293c8808e3a825,native-29385b26f4a5c4b4a50eb708dff767aff9483f106e4b2e03e92043eab6e43ba3,B3_AGENT_NATIVE,L1_target_destination,r6,NOT_SCHEDULED,False,,,,,
native_test_L1_engine_v2_20260907-6a60a51-v6,unit-0a09763cf0d892a1bd07bc188c2c875a,native-29385b26f4a5c4b4a50eb708dff767aff9483f106e4b2e03e92043eab6e43ba3,B3_AGENT_NATIVE,L1_target_destination,r7,NOT_SCHEDULED,False,,,,,
native_test_L1_engine_v2_20260907-6a60a51-v6,unit-392a0591534e8e6047d79c49796198ca,native-29385b26f4a5c4b4a50eb708dff767aff9483f106e4b2e03e92043eab6e43ba3,B3_AGENT_NATIVE,L1_target_destination,r8,NOT_SCHEDULED,False,,,,,
native_test_L1_engine_v2_20260907-6a60a51-v6,unit-6f69f473759dcb9a33401e64a3f48f90,native-29385b26f4a5c4b4a50eb708dff767aff9483f106e4b2e03e92043eab6e43ba3,B3_AGENT_NATIVE,L1_target_destination,r9,NOT_SCHEDULED,False,,,,,
native_test_L1_engine_v2_20260907-6a60a51-v6,unit-62ed8ef73d60beebc0a6321ec96cd6aa,native-bc62c163118295cb959755287ab4eaf5b5c8208e9987a8e3ea4bc03631fb21fb,B4_ROOM_REPAIR_NATIVE,L1_target_destination,r0,ABSTAINED,True,False,,/group/worldcept/code/SimAny/outputs/icra2027/20260907-4f5c745-v2/sim_recon_sim/scale_up/test_dispatch/instances/native-bc62c163118295cb959755287ab4eaf5b5c8208e9987a8e3ea4bc03631fb21fb/build_bindings.jsonl,1e24e0e65f198f3c85f0daaeaee1198748e2b737610a80c7249ec3ac8fe7076a,inherited_target
native_test_L1_engine_v2_20260907-6a60a51-v6,unit-c47225aac02cf65cbf04b90bae2863d3,native-bc62c163118295cb959755287ab4eaf5b5c8208e9987a8e3ea4bc03631fb21fb,B4_ROOM_REPAIR_NATIVE,L1_target_destination,r1,ABSTAINED,True,False,,/group/worldcept/code/SimAny/outputs/icra2027/20260907-4f5c745-v2/sim_recon_sim/scale_up/test_dispatch/instances/native-bc62c163118295cb959755287ab4eaf5b5c8208e9987a8e3ea4bc03631fb21fb/build_bindings.jsonl,1e24e0e65f198f3c85f0daaeaee1198748e2b737610a80c7249ec3ac8fe7076a,inherited_target
native_test_L1_engine_v2_20260907-6a60a51-v6,unit-3135c579431743588eb5ab3d18a3d577,native-bc62c163118295cb959755287ab4eaf5b5c8208e9987a8e3ea4bc03631fb21fb,B4_ROOM_REPAIR_NATIVE,L1_target_destination,r2,ABSTAINED,True,False,,/group/worldcept/code/SimAny/outputs/icra2027/20260907-4f5c745-v2/sim_recon_sim/scale_up/test_dispatch/instances/native-bc62c163118295cb959755287ab4eaf5b5c8208e9987a8e3ea4bc03631fb21fb/build_bindings.jsonl,1e24e0e65f198f3c85f0daaeaee1198748e2b737610a80c7249ec3ac8fe7076a,inherited_target
native_test_L1_engine_v2_20260907-6a60a51-v6,unit-bfe279e7099d06ccfbf705d5c3180e54,native-bc62c163118295cb959755287ab4eaf5b5c8208e9987a8e3ea4bc03631fb21fb,B4_ROOM_REPAIR_NATIVE,L1_target_destination,r3,ABSTAINED,True,False,,/group/worldcept/code/SimAny/outputs/icra2027/20260907-4f5c745-v2/sim_recon_sim/scale_up/test_dispatch/instances/native-bc62c163118295cb959755287ab4eaf5b5c8208e9987a8e3ea4bc03631fb21fb/build_bindings.jsonl,1e24e0e65f198f3c85f0daaeaee1198748e2b737610a80c7249ec3ac8fe7076a,inherited_target
native_test_L1_engine_v2_20260907-6a60a51-v6,unit-53d9f2b1de3fbb926385aabb0160f133,native-bc62c163118295cb959755287ab4eaf5b5c8208e9987a8e3ea4bc03631fb21fb,B4_ROOM_REPAIR_NATIVE,L1_target_destination,r4,ABSTAINED,True,False,,/group/worldcept/code/SimAny/outputs/icra2027/20260907-4f5c745-v2/sim_recon_sim/scale_up/test_dispatch/instances/native-bc62c163118295cb959755287ab4eaf5b5c8208e9987a8e3ea4bc03631fb21fb/build_bindings.jsonl,1e24e0e65f198f3c85f0daaeaee1198748e2b737610a80c7249ec3ac8fe7076a,inherited_target
native_test_L1_engine_v2_20260907-6a60a51-v6,unit-1e7901b58942f5f073d7bc2259cbdb91,native-bc62c163118295cb959755287ab4eaf5b5c8208e9987a8e3ea4bc03631fb21fb,B4_ROOM_REPAIR_NATIVE,L1_target_destination,r5,ABSTAINED,True,False,,/group/worldcept/code/SimAny/outputs/icra2027/20260907-4f5c745-v2/sim_recon_sim/scale_up/test_dispatch/instances/native-bc62c163118295cb959755287ab4eaf5b5c8208e9987a8e3ea4bc03631fb21fb/build_bindings.jsonl,1e24e0e65f198f3c85f0daaeaee1198748e2b737610a80c7249ec3ac8fe7076a,inherited_target
native_test_L1_engine_v2_20260907-6a60a51-v6,unit-8fce53b7bfee01255826c894a394e238,native-bc62c163118295cb959755287ab4eaf5b5c8208e9987a8e3ea4bc03631fb21fb,B4_ROOM_REPAIR_NATIVE,L1_target_destination,r6,ABSTAINED,True,False,,/group/worldcept/code/SimAny/outputs/icra2027/20260907-4f5c745-v2/sim_recon_sim/scale_up/test_dispatch/instances/native-bc62c163118295cb959755287ab4eaf5b5c8208e9987a8e3ea4bc03631fb21fb/build_bindings.jsonl,1e24e0e65f198f3c85f0daaeaee1198748e2b737610a80c7249ec3ac8fe7076a,inherited_target
native_test_L1_engine_v2_20260907-6a60a51-v6,unit-161573ea22020bc81eb9bf59d97e52ad,native-bc62c163118295cb959755287ab4eaf5b5c8208e9987a8e3ea4bc03631fb21fb,B4_ROOM_REPAIR_NATIVE,L1_target_destination,r7,ABSTAINED,True,False,,/group/worldcept/code/SimAny/outputs/icra2027/20260907-4f5c745-v2/sim_recon_sim/scale_up/test_dispatch/instances/native-bc62c163118295cb959755287ab4eaf5b5c8208e9987a8e3ea4bc03631fb21fb/build_bindings.jsonl,1e24e0e65f198f3c85f0daaeaee1198748e2b737610a80c7249ec3ac8fe7076a,inherited_target
native_test_L1_engine_v2_20260907-6a60a51-v6,unit-c95a27375223fd129824957637d3a6a6,native-bc62c163118295cb959755287ab4eaf5b5c8208e9987a8e3ea4bc03631fb21fb,B4_ROOM_REPAIR_NATIVE,L1_target_destination,r8,ABSTAINED,True,False,,/group/worldcept/code/SimAny/outputs/icra2027/20260907-4f5c745-v2/sim_recon_sim/scale_up/test_dispatch/instances/native-bc62c163118295cb959755287ab4eaf5b5c8208e9987a8e3ea4bc03631fb21fb/build_bindings.jsonl,1e24e0e65f198f3c85f0daaeaee1198748e2b737610a80c7249ec3ac8fe7076a,inherited_target
native_test_L1_engine_v2_20260907-6a60a51-v6,unit-11b43fdd4b353dc2e28ea11cdc6fb319,native-bc62c163118295cb959755287ab4eaf5b5c8208e9987a8e3ea4bc03631fb21fb,B4_ROOM_REPAIR_NATIVE,L1_target_destination,r9,ABSTAINED,True,False,,/group/worldcept/code/SimAny/outputs/icra2027/20260907-4f5c745-v2/sim_recon_sim/scale_up/test_dispatch/instances/native-bc62c163118295cb959755287ab4eaf5b5c8208e9987a8e3ea4bc03631fb21fb/build_bindings.jsonl,1e24e0e65f198f3c85f0daaeaee1198748e2b737610a80c7249ec3ac8fe7076a,inherited_target
native_test_L1_engine_v2_20260907-6a60a51-v6,unit-47763582eb162977241848da74d29a8a,native-5644ccc3513a6015e787e9698468b719ec757ef7f59f908364289d80673fa474,B4_ROOM_REPAIR_NATIVE,L1_target_destination,r0,ABSTAINED,True,False,,/group/worldcept/code/SimAny/outputs/icra2027/20260907-b9f3cfc-v1/sim_recon_sim/scale_up/l1_test_context/cases/slot-adb1037b0fb448e8e71f/B4_ROOM_REPAIR_NATIVE/build_manifest.json,96c5627c496007b70a62e9e79e28e754eed40b18a7f6d75319ef24565206fe5a,additional_scope
native_test_L1_engine_v2_20260907-6a60a51-v6,unit-6ce6454b4881b01ed8c6f538f7a3adb8,native-5644ccc3513a6015e787e9698468b719ec757ef7f59f908364289d80673fa474,B4_ROOM_REPAIR_NATIVE,L1_target_destination,r1,ABSTAINED,True,False,,/group/worldcept/code/SimAny/outputs/icra2027/20260907-b9f3cfc-v1/sim_recon_sim/scale_up/l1_test_context/cases/slot-adb1037b0fb448e8e71f/B4_ROOM_REPAIR_NATIVE/build_manifest.json,96c5627c496007b70a62e9e79e28e754eed40b18a7f6d75319ef24565206fe5a,additional_scope
native_test_L1_engine_v2_20260907-6a60a51-v6,unit-d6f9ee1308cb6b0d33d7878d3614615d,native-5644ccc3513a6015e787e9698468b719ec757ef7f59f908364289d80673fa474,B4_ROOM_REPAIR_NATIVE,L1_target_destination,r2,ABSTAINED,True,False,,/group/worldcept/code/SimAny/outputs/icra2027/20260907-b9f3cfc-v1/sim_recon_sim/scale_up/l1_test_context/cases/slot-adb1037b0fb448e8e71f/B4_ROOM_REPAIR_NATIVE/build_manifest.json,96c5627c496007b70a62e9e79e28e754eed40b18a7f6d75319ef24565206fe5a,additional_scope
native_test_L1_engine_v2_20260907-6a60a51-v6,unit-6657689d9d046ed614b3c6f6ebbff100,native-5644ccc3513a6015e787e9698468b719ec757ef7f59f908364289d80673fa474,B4_ROOM_REPAIR_NATIVE,L1_target_destination,r3,ABSTAINED,True,False,,/group/worldcept/code/SimAny/outputs/icra2027/20260907-b9f3cfc-v1/sim_recon_sim/scale_up/l1_test_context/cases/slot-adb1037b0fb448e8e71f/B4_ROOM_REPAIR_NATIVE/build_manifest.json,96c5627c496007b70a62e9e79e28e754eed40b18a7f6d75319ef24565206fe5a,additional_scope
native_test_L1_engine_v2_20260907-6a60a51-v6,unit-e342167290d820f2524ce91c7177a10d,native-5644ccc3513a6015e787e9698468b719ec757ef7f59f908364289d80673fa474,B4_ROOM_REPAIR_NATIVE,L1_target_destination,r4,ABSTAINED,True,False,,/group/worldcept/code/SimAny/outputs/icra2027/20260907-b9f3cfc-v1/sim_recon_sim/scale_up/l1_test_context/cases/slot-adb1037b0fb448e8e71f/B4_ROOM_REPAIR_NATIVE/build_manifest.json,96c5627c496007b70a62e9e79e28e754eed40b18a7f6d75319ef24565206fe5a,additional_scope
native_test_L1_engine_v2_20260907-6a60a51-v6,unit-41dc089015ee28774cd35068a1964de9,native-5644ccc3513a6015e787e9698468b719ec757ef7f59f908364289d80673fa474,B4_ROOM_REPAIR_NATIVE,L1_target_destination,r5,ABSTAINED,True,False,,/group/worldcept/code/SimAny/outputs/icra2027/20260907-b9f3cfc-v1/sim_recon_sim/scale_up/l1_test_context/cases/slot-adb1037b0fb448e8e71f/B4_ROOM_REPAIR_NATIVE/build_manifest.json,96c5627c496007b70a62e9e79e28e754eed40b18a7f6d75319ef24565206fe5a,additional_scope
native_test_L1_engine_v2_20260907-6a60a51-v6,unit-2d324c0124dc9407b4337ea4b11dcc4a,native-5644ccc3513a6015e787e9698468b719ec757ef7f59f908364289d80673fa474,B4_ROOM_REPAIR_NATIVE,L1_target_destination,r6,ABSTAINED,True,False,,/group/worldcept/code/SimAny/outputs/icra2027/20260907-b9f3cfc-v1/sim_recon_sim/scale_up/l1_test_context/cases/slot-adb1037b0fb448e8e71f/B4_ROOM_REPAIR_NATIVE/build_manifest.json,96c5627c496007b70a62e9e79e28e754eed40b18a7f6d75319ef24565206fe5a,additional_scope
native_test_L1_engine_v2_20260907-6a60a51-v6,unit-cec19dcb0edc2d519cbe71cd40078f12,native-5644ccc3513a6015e787e9698468b719ec757ef7f59f908364289d80673fa474,B4_ROOM_REPAIR_NATIVE,L1_target_destination,r7,ABSTAINED,True,False,,/group/worldcept/code/SimAny/outputs/icra2027/20260907-b9f3cfc-v1/sim_recon_sim/scale_up/l1_test_context/cases/slot-adb1037b0fb448e8e71f/B4_ROOM_REPAIR_NATIVE/build_manifest.json,96c5627c496007b70a62e9e79e28e754eed40b18a7f6d75319ef24565206fe5a,additional_scope
native_test_L1_engine_v2_20260907-6a60a51-v6,unit-80dcf6cb0bd3bcb3c1849e3161673151,native-5644ccc3513a6015e787e9698468b719ec757ef7f59f908364289d80673fa474,B4_ROOM_REPAIR_NATIVE,L1_target_destination,r8,ABSTAINED,True,False,,/group/worldcept/code/SimAny/outputs/icra2027/20260907-b9f3cfc-v1/sim_recon_sim/scale_up/l1_test_context/cases/slot-adb1037b0fb448e8e71f/B4_ROOM_REPAIR_NATIVE/build_manifest.json,96c5627c496007b70a62e9e79e28e754eed40b18a7f6d75319ef24565206fe5a,additional_scope
native_test_L1_engine_v2_20260907-6a60a51-v6,unit-d8ebde3909e8d1499fceb6d873ed899e,native-5644ccc3513a6015e787e9698468b719ec757ef7f59f908364289d80673fa474,B4_ROOM_REPAIR_NATIVE,L1_target_destination,r9,ABSTAINED,True,False,,/group/worldcept/code/SimAny/outputs/icra2027/20260907-b9f3cfc-v1/sim_recon_sim/scale_up/l1_test_context/cases/slot-adb1037b0fb448e8e71f/B4_ROOM_REPAIR_NATIVE/build_manifest.json,96c5627c496007b70a62e9e79e28e754eed40b18a7f6d75319ef24565206fe5a,additional_scope
native_test_L1_engine_v2_20260907-6a60a51-v6,unit-9522252c7fceacd5a943460e5267f490,native-6472a1eb5d52a97d7b657b6e4ded936f32701d9b9fdeaebe7ff8478f571eac77,B4_ROOM_REPAIR_NATIVE,L1_target_destination,r0,BUILD_FAILED,True,False,,/group/worldcept/code/SimAny/outputs/icra2027/20260907-4f5c745-v2/sim_recon_sim/scale_up/test_dispatch/instances/native-6472a1eb5d52a97d7b657b6e4ded936f32701d9b9fdeaebe7ff8478f571eac77/build_bindings.jsonl,0f6b382c26ce0ea49854c019095b5931acecffa9976dc4810b03ac264a943dc2,inherited_target
native_test_L1_engine_v2_20260907-6a60a51-v6,unit-d1972bcb30942efce8d02b25c2c60cc3,native-6472a1eb5d52a97d7b657b6e4ded936f32701d9b9fdeaebe7ff8478f571eac77,B4_ROOM_REPAIR_NATIVE,L1_target_destination,r1,BUILD_FAILED,True,False,,/group/worldcept/code/SimAny/outputs/icra2027/20260907-4f5c745-v2/sim_recon_sim/scale_up/test_dispatch/instances/native-6472a1eb5d52a97d7b657b6e4ded936f32701d9b9fdeaebe7ff8478f571eac77/build_bindings.jsonl,0f6b382c26ce0ea49854c019095b5931acecffa9976dc4810b03ac264a943dc2,inherited_target
native_test_L1_engine_v2_20260907-6a60a51-v6,unit-20d6fee74e6eb5a70ccef3df8aa053ba,native-6472a1eb5d52a97d7b657b6e4ded936f32701d9b9fdeaebe7ff8478f571eac77,B4_ROOM_REPAIR_NATIVE,L1_target_destination,r2,BUILD_FAILED,True,False,,/group/worldcept/code/SimAny/outputs/icra2027/20260907-4f5c745-v2/sim_recon_sim/scale_up/test_dispatch/instances/native-6472a1eb5d52a97d7b657b6e4ded936f32701d9b9fdeaebe7ff8478f571eac77/build_bindings.jsonl,0f6b382c26ce0ea49854c019095b5931acecffa9976dc4810b03ac264a943dc2,inherited_target
native_test_L1_engine_v2_20260907-6a60a51-v6,unit-63c3dd1f58685d35e6d912ba66a50d7d,native-6472a1eb5d52a97d7b657b6e4ded936f32701d9b9fdeaebe7ff8478f571eac77,B4_ROOM_REPAIR_NATIVE,L1_target_destination,r3,BUILD_FAILED,True,False,,/group/worldcept/code/SimAny/outputs/icra2027/20260907-4f5c745-v2/sim_recon_sim/scale_up/test_dispatch/instances/native-6472a1eb5d52a97d7b657b6e4ded936f32701d9b9fdeaebe7ff8478f571eac77/build_bindings.jsonl,0f6b382c26ce0ea49854c019095b5931acecffa9976dc4810b03ac264a943dc2,inherited_target
native_test_L1_engine_v2_20260907-6a60a51-v6,unit-2f3b9c8e7540c5d12e8bcf76a54fb713,native-6472a1eb5d52a97d7b657b6e4ded936f32701d9b9fdeaebe7ff8478f571eac77,B4_ROOM_REPAIR_NATIVE,L1_target_destination,r4,BUILD_FAILED,True,False,,/group/worldcept/code/SimAny/outputs/icra2027/20260907-4f5c745-v2/sim_recon_sim/scale_up/test_dispatch/instances/native-6472a1eb5d52a97d7b657b6e4ded936f32701d9b9fdeaebe7ff8478f571eac77/build_bindings.jsonl,0f6b382c26ce0ea49854c019095b5931acecffa9976dc4810b03ac264a943dc2,inherited_target
native_test_L1_engine_v2_20260907-6a60a51-v6,unit-69ca31724ed589dc0d359c6e36bb4386,native-6472a1eb5d52a97d7b657b6e4ded936f32701d9b9fdeaebe7ff8478f571eac77,B4_ROOM_REPAIR_NATIVE,L1_target_destination,r5,BUILD_FAILED,True,False,,/group/worldcept/code/SimAny/outputs/icra2027/20260907-4f5c745-v2/sim_recon_sim/scale_up/test_dispatch/instances/native-6472a1eb5d52a97d7b657b6e4ded936f32701d9b9fdeaebe7ff8478f571eac77/build_bindings.jsonl,0f6b382c26ce0ea49854c019095b5931acecffa9976dc4810b03ac264a943dc2,inherited_target
native_test_L1_engine_v2_20260907-6a60a51-v6,unit-6c03850bb782b4352b2368281e166093,native-6472a1eb5d52a97d7b657b6e4ded936f32701d9b9fdeaebe7ff8478f571eac77,B4_ROOM_REPAIR_NATIVE,L1_target_destination,r6,BUILD_FAILED,True,False,,/group/worldcept/code/SimAny/outputs/icra2027/20260907-4f5c745-v2/sim_recon_sim/scale_up/test_dispatch/instances/native-6472a1eb5d52a97d7b657b6e4ded936f32701d9b9fdeaebe7ff8478f571eac77/build_bindings.jsonl,0f6b382c26ce0ea49854c019095b5931acecffa9976dc4810b03ac264a943dc2,inherited_target
native_test_L1_engine_v2_20260907-6a60a51-v6,unit-5acce60a3df1970825479450f091fa28,native-6472a1eb5d52a97d7b657b6e4ded936f32701d9b9fdeaebe7ff8478f571eac77,B4_ROOM_REPAIR_NATIVE,L1_target_destination,r7,BUILD_FAILED,True,False,,/group/worldcept/code/SimAny/outputs/icra2027/20260907-4f5c745-v2/sim_recon_sim/scale_up/test_dispatch/instances/native-6472a1eb5d52a97d7b657b6e4ded936f32701d9b9fdeaebe7ff8478f571eac77/build_bindings.jsonl,0f6b382c26ce0ea49854c019095b5931acecffa9976dc4810b03ac264a943dc2,inherited_target
native_test_L1_engine_v2_20260907-6a60a51-v6,unit-f41025d26ed6ef83d91fcb828f4511eb,native-6472a1eb5d52a97d7b657b6e4ded936f32701d9b9fdeaebe7ff8478f571eac77,B4_ROOM_REPAIR_NATIVE,L1_target_destination,r8,BUILD_FAILED,True,False,,/group/worldcept/code/SimAny/outputs/icra2027/20260907-4f5c745-v2/sim_recon_sim/scale_up/test_dispatch/instances/native-6472a1eb5d52a97d7b657b6e4ded936f32701d9b9fdeaebe7ff8478f571eac77/build_bindings.jsonl,0f6b382c26ce0ea49854c019095b5931acecffa9976dc4810b03ac264a943dc2,inherited_target
native_test_L1_engine_v2_20260907-6a60a51-v6,unit-cf7ec4c824571d07f4f9b1254c7946e1,native-6472a1eb5d52a97d7b657b6e4ded936f32701d9b9fdeaebe7ff8478f571eac77,B4_ROOM_REPAIR_NATIVE,L1_target_destination,r9,BUILD_FAILED,True,False,,/group/worldcept/code/SimAny/outputs/icra2027/20260907-4f5c745-v2/sim_recon_sim/scale_up/test_dispatch/instances/native-6472a1eb5d52a97d7b657b6e4ded936f32701d9b9fdeaebe7ff8478f571eac77/build_bindings.jsonl,0f6b382c26ce0ea49854c019095b5931acecffa9976dc4810b03ac264a943dc2,inherited_target
native_test_L1_engine_v2_20260907-6a60a51-v6,unit-878c76fdcf0e200556a59ba2651812ce,native-5683112f9a83449e494300495db2a9d00260e6d219171ccfc787a7f0d62c8504,B4_ROOM_REPAIR_NATIVE,L1_target_destination,r0,BUILD_FAILED,True,False,,/group/worldcept/code/SimAny/outputs/icra2027/20260907-4f5c745-v2/sim_recon_sim/scale_up/test_dispatch/instances/native-5683112f9a83449e494300495db2a9d00260e6d219171ccfc787a7f0d62c8504/build_bindings.jsonl,0dd939e000492b129ee6728eda07a7c8b8bef7aa209291ea692374a3dd3d96d3,inherited_target
native_test_L1_engine_v2_20260907-6a60a51-v6,unit-348a93167e59ba9f8c9d0e077fce47d2,native-5683112f9a83449e494300495db2a9d00260e6d219171ccfc787a7f0d62c8504,B4_ROOM_REPAIR_NATIVE,L1_target_destination,r1,BUILD_FAILED,True,False,,/group/worldcept/code/SimAny/outputs/icra2027/20260907-4f5c745-v2/sim_recon_sim/scale_up/test_dispatch/instances/native-5683112f9a83449e494300495db2a9d00260e6d219171ccfc787a7f0d62c8504/build_bindings.jsonl,0dd939e000492b129ee6728eda07a7c8b8bef7aa209291ea692374a3dd3d96d3,inherited_target
native_test_L1_engine_v2_20260907-6a60a51-v6,unit-5bda22865e0419d2a0cbd9170348e4be,native-5683112f9a83449e494300495db2a9d00260e6d219171ccfc787a7f0d62c8504,B4_ROOM_REPAIR_NATIVE,L1_target_destination,r2,BUILD_FAILED,True,False,,/group/worldcept/code/SimAny/outputs/icra2027/20260907-4f5c745-v2/sim_recon_sim/scale_up/test_dispatch/instances/native-5683112f9a83449e494300495db2a9d00260e6d219171ccfc787a7f0d62c8504/build_bindings.jsonl,0dd939e000492b129ee6728eda07a7c8b8bef7aa209291ea692374a3dd3d96d3,inherited_target
native_test_L1_engine_v2_20260907-6a60a51-v6,unit-dd60cc968bdb6722563b0f6598bfe9cf,native-5683112f9a83449e494300495db2a9d00260e6d219171ccfc787a7f0d62c8504,B4_ROOM_REPAIR_NATIVE,L1_target_destination,r3,BUILD_FAILED,True,False,,/group/worldcept/code/SimAny/outputs/icra2027/20260907-4f5c745-v2/sim_recon_sim/scale_up/test_dispatch/instances/native-5683112f9a83449e494300495db2a9d00260e6d219171ccfc787a7f0d62c8504/build_bindings.jsonl,0dd939e000492b129ee6728eda07a7c8b8bef7aa209291ea692374a3dd3d96d3,inherited_target
native_test_L1_engine_v2_20260907-6a60a51-v6,unit-3faeeb545437925eecfd926cc46d0780,native-5683112f9a83449e494300495db2a9d00260e6d219171ccfc787a7f0d62c8504,B4_ROOM_REPAIR_NATIVE,L1_target_destination,r4,BUILD_FAILED,True,False,,/group/worldcept/code/SimAny/outputs/icra2027/20260907-4f5c745-v2/sim_recon_sim/scale_up/test_dispatch/instances/native-5683112f9a83449e494300495db2a9d00260e6d219171ccfc787a7f0d62c8504/build_bindings.jsonl,0dd939e000492b129ee6728eda07a7c8b8bef7aa209291ea692374a3dd3d96d3,inherited_target
native_test_L1_engine_v2_20260907-6a60a51-v6,unit-8de9b2fc8b23c6c394cce4a18645a940,native-5683112f9a83449e494300495db2a9d00260e6d219171ccfc787a7f0d62c8504,B4_ROOM_REPAIR_NATIVE,L1_target_destination,r5,BUILD_FAILED,True,False,,/group/worldcept/code/SimAny/outputs/icra2027/20260907-4f5c745-v2/sim_recon_sim/scale_up/test_dispatch/instances/native-5683112f9a83449e494300495db2a9d00260e6d219171ccfc787a7f0d62c8504/build_bindings.jsonl,0dd939e000492b129ee6728eda07a7c8b8bef7aa209291ea692374a3dd3d96d3,inherited_target
native_test_L1_engine_v2_20260907-6a60a51-v6,unit-e60c386714fe4f1f35f1e4a15058aa96,native-5683112f9a83449e494300495db2a9d00260e6d219171ccfc787a7f0d62c8504,B4_ROOM_REPAIR_NATIVE,L1_target_destination,r6,BUILD_FAILED,True,False,,/group/worldcept/code/SimAny/outputs/icra2027/20260907-4f5c745-v2/sim_recon_sim/scale_up/test_dispatch/instances/native-5683112f9a83449e494300495db2a9d00260e6d219171ccfc787a7f0d62c8504/build_bindings.jsonl,0dd939e000492b129ee6728eda07a7c8b8bef7aa209291ea692374a3dd3d96d3,inherited_target
native_test_L1_engine_v2_20260907-6a60a51-v6,unit-beb6e27f0bc2ac5d66d4cc7162a4e9b0,native-5683112f9a83449e494300495db2a9d00260e6d219171ccfc787a7f0d62c8504,B4_ROOM_REPAIR_NATIVE,L1_target_destination,r7,BUILD_FAILED,True,False,,/group/worldcept/code/SimAny/outputs/icra2027/20260907-4f5c745-v2/sim_recon_sim/scale_up/test_dispatch/instances/native-5683112f9a83449e494300495db2a9d00260e6d219171ccfc787a7f0d62c8504/build_bindings.jsonl,0dd939e000492b129ee6728eda07a7c8b8bef7aa209291ea692374a3dd3d96d3,inherited_target
native_test_L1_engine_v2_20260907-6a60a51-v6,unit-697acfb004656b36eec9653a26cbe021,native-5683112f9a83449e494300495db2a9d00260e6d219171ccfc787a7f0d62c8504,B4_ROOM_REPAIR_NATIVE,L1_target_destination,r8,BUILD_FAILED,True,False,,/group/worldcept/code/SimAny/outputs/icra2027/20260907-4f5c745-v2/sim_recon_sim/scale_up/test_dispatch/instances/native-5683112f9a83449e494300495db2a9d00260e6d219171ccfc787a7f0d62c8504/build_bindings.jsonl,0dd939e000492b129ee6728eda07a7c8b8bef7aa209291ea692374a3dd3d96d3,inherited_target
native_test_L1_engine_v2_20260907-6a60a51-v6,unit-37b4eda3e0f917d5e2d95ec461989c91,native-5683112f9a83449e494300495db2a9d00260e6d219171ccfc787a7f0d62c8504,B4_ROOM_REPAIR_NATIVE,L1_target_destination,r9,BUILD_FAILED,True,False,,/group/worldcept/code/SimAny/outputs/icra2027/20260907-4f5c745-v2/sim_recon_sim/scale_up/test_dispatch/instances/native-5683112f9a83449e494300495db2a9d00260e6d219171ccfc787a7f0d62c8504/build_bindings.jsonl,0dd939e000492b129ee6728eda07a7c8b8bef7aa209291ea692374a3dd3d96d3,inherited_target
native_test_L1_engine_v2_20260907-6a60a51-v6,unit-59ef3cf9b5594f0267095a14ac5d5c63,native-789b4c346afbcd62248c8f0a95e90ee58aec9f9067403bf0ff013a1ebe91bf41,B4_ROOM_REPAIR_NATIVE,L1_target_destination,r0,BUILD_FAILED,True,False,,/group/worldcept/code/SimAny/outputs/icra2027/20260907-4f5c745-v2/sim_recon_sim/scale_up/test_dispatch/instances/native-789b4c346afbcd62248c8f0a95e90ee58aec9f9067403bf0ff013a1ebe91bf41/build_bindings.jsonl,04806ae9352ed0217c1cfb538e41b5aab2ceae4b20cd3c781843cff73e561542,inherited_target
native_test_L1_engine_v2_20260907-6a60a51-v6,unit-cd99a431d385a94a716b39b6aced6592,native-789b4c346afbcd62248c8f0a95e90ee58aec9f9067403bf0ff013a1ebe91bf41,B4_ROOM_REPAIR_NATIVE,L1_target_destination,r1,BUILD_FAILED,True,False,,/group/worldcept/code/SimAny/outputs/icra2027/20260907-4f5c745-v2/sim_recon_sim/scale_up/test_dispatch/instances/native-789b4c346afbcd62248c8f0a95e90ee58aec9f9067403bf0ff013a1ebe91bf41/build_bindings.jsonl,04806ae9352ed0217c1cfb538e41b5aab2ceae4b20cd3c781843cff73e561542,inherited_target
native_test_L1_engine_v2_20260907-6a60a51-v6,unit-d628b1dbc35a448a4426a79d03914cf4,native-789b4c346afbcd62248c8f0a95e90ee58aec9f9067403bf0ff013a1ebe91bf41,B4_ROOM_REPAIR_NATIVE,L1_target_destination,r2,BUILD_FAILED,True,False,,/group/worldcept/code/SimAny/outputs/icra2027/20260907-4f5c745-v2/sim_recon_sim/scale_up/test_dispatch/instances/native-789b4c346afbcd62248c8f0a95e90ee58aec9f9067403bf0ff013a1ebe91bf41/build_bindings.jsonl,04806ae9352ed0217c1cfb538e41b5aab2ceae4b20cd3c781843cff73e561542,inherited_target
native_test_L1_engine_v2_20260907-6a60a51-v6,unit-0893037edb35d26a7197e61f36150169,native-789b4c346afbcd62248c8f0a95e90ee58aec9f9067403bf0ff013a1ebe91bf41,B4_ROOM_REPAIR_NATIVE,L1_target_destination,r3,BUILD_FAILED,True,False,,/group/worldcept/code/SimAny/outputs/icra2027/20260907-4f5c745-v2/sim_recon_sim/scale_up/test_dispatch/instances/native-789b4c346afbcd62248c8f0a95e90ee58aec9f9067403bf0ff013a1ebe91bf41/build_bindings.jsonl,04806ae9352ed0217c1cfb538e41b5aab2ceae4b20cd3c781843cff73e561542,inherited_target
native_test_L1_engine_v2_20260907-6a60a51-v6,unit-0c6e0338f47119bc23199ef9f31f6ea0,native-789b4c346afbcd62248c8f0a95e90ee58aec9f9067403bf0ff013a1ebe91bf41,B4_ROOM_REPAIR_NATIVE,L1_target_destination,r4,BUILD_FAILED,True,False,,/group/worldcept/code/SimAny/outputs/icra2027/20260907-4f5c745-v2/sim_recon_sim/scale_up/test_dispatch/instances/native-789b4c346afbcd62248c8f0a95e90ee58aec9f9067403bf0ff013a1ebe91bf41/build_bindings.jsonl,04806ae9352ed0217c1cfb538e41b5aab2ceae4b20cd3c781843cff73e561542,inherited_target
native_test_L1_engine_v2_20260907-6a60a51-v6,unit-5093bcac115812ad206b8602992955fd,native-789b4c346afbcd62248c8f0a95e90ee58aec9f9067403bf0ff013a1ebe91bf41,B4_ROOM_REPAIR_NATIVE,L1_target_destination,r5,BUILD_FAILED,True,False,,/group/worldcept/code/SimAny/outputs/icra2027/20260907-4f5c745-v2/sim_recon_sim/scale_up/test_dispatch/instances/native-789b4c346afbcd62248c8f0a95e90ee58aec9f9067403bf0ff013a1ebe91bf41/build_bindings.jsonl,04806ae9352ed0217c1cfb538e41b5aab2ceae4b20cd3c781843cff73e561542,inherited_target
native_test_L1_engine_v2_20260907-6a60a51-v6,unit-9d86d0b74a7067eca59350384a7c4fd7,native-789b4c346afbcd62248c8f0a95e90ee58aec9f9067403bf0ff013a1ebe91bf41,B4_ROOM_REPAIR_NATIVE,L1_target_destination,r6,BUILD_FAILED,True,False,,/group/worldcept/code/SimAny/outputs/icra2027/20260907-4f5c745-v2/sim_recon_sim/scale_up/test_dispatch/instances/native-789b4c346afbcd62248c8f0a95e90ee58aec9f9067403bf0ff013a1ebe91bf41/build_bindings.jsonl,04806ae9352ed0217c1cfb538e41b5aab2ceae4b20cd3c781843cff73e561542,inherited_target
native_test_L1_engine_v2_20260907-6a60a51-v6,unit-25ad95dedd797984489a0fbb2f596b6b,native-789b4c346afbcd62248c8f0a95e90ee58aec9f9067403bf0ff013a1ebe91bf41,B4_ROOM_REPAIR_NATIVE,L1_target_destination,r7,BUILD_FAILED,True,False,,/group/worldcept/code/SimAny/outputs/icra2027/20260907-4f5c745-v2/sim_recon_sim/scale_up/test_dispatch/instances/native-789b4c346afbcd62248c8f0a95e90ee58aec9f9067403bf0ff013a1ebe91bf41/build_bindings.jsonl,04806ae9352ed0217c1cfb538e41b5aab2ceae4b20cd3c781843cff73e561542,inherited_target
native_test_L1_engine_v2_20260907-6a60a51-v6,unit-a5bba7be8059e4e9b0a03c381740cb7f,native-789b4c346afbcd62248c8f0a95e90ee58aec9f9067403bf0ff013a1ebe91bf41,B4_ROOM_REPAIR_NATIVE,L1_target_destination,r8,BUILD_FAILED,True,False,,/group/worldcept/code/SimAny/outputs/icra2027/20260907-4f5c745-v2/sim_recon_sim/scale_up/test_dispatch/instances/native-789b4c346afbcd62248c8f0a95e90ee58aec9f9067403bf0ff013a1ebe91bf41/build_bindings.jsonl,04806ae9352ed0217c1cfb538e41b5aab2ceae4b20cd3c781843cff73e561542,inherited_target
native_test_L1_engine_v2_20260907-6a60a51-v6,unit-82d90959ccfd064163f4e2a836e831fa,native-789b4c346afbcd62248c8f0a95e90ee58aec9f9067403bf0ff013a1ebe91bf41,B4_ROOM_REPAIR_NATIVE,L1_target_destination,r9,BUILD_FAILED,True,False,,/group/worldcept/code/SimAny/outputs/icra2027/20260907-4f5c745-v2/sim_recon_sim/scale_up/test_dispatch/instances/native-789b4c346afbcd62248c8f0a95e90ee58aec9f9067403bf0ff013a1ebe91bf41/build_bindings.jsonl,04806ae9352ed0217c1cfb538e41b5aab2ceae4b20cd3c781843cff73e561542,inherited_target
native_test_L1_engine_v2_20260907-6a60a51-v6,unit-2f3b1669cb8be5ec52d80805661859b4,native-aeaf4d11ea6b4fe521db3359538981b4c6d39280bd7edd46e26fbe63ab772954,B4_ROOM_REPAIR_NATIVE,L1_target_destination,r0,BUILD_FAILED,True,False,,/group/worldcept/code/SimAny/outputs/icra2027/20260907-4f5c745-v2/sim_recon_sim/scale_up/test_dispatch/instances/native-aeaf4d11ea6b4fe521db3359538981b4c6d39280bd7edd46e26fbe63ab772954/build_bindings.jsonl,10361e468a8b4f438f40d977eab7570531fe2ac124040ec2152e7ea1e1709104,inherited_target
native_test_L1_engine_v2_20260907-6a60a51-v6,unit-b286e0b504a38fc28cc16ea89b619736,native-aeaf4d11ea6b4fe521db3359538981b4c6d39280bd7edd46e26fbe63ab772954,B4_ROOM_REPAIR_NATIVE,L1_target_destination,r1,BUILD_FAILED,True,False,,/group/worldcept/code/SimAny/outputs/icra2027/20260907-4f5c745-v2/sim_recon_sim/scale_up/test_dispatch/instances/native-aeaf4d11ea6b4fe521db3359538981b4c6d39280bd7edd46e26fbe63ab772954/build_bindings.jsonl,10361e468a8b4f438f40d977eab7570531fe2ac124040ec2152e7ea1e1709104,inherited_target
native_test_L1_engine_v2_20260907-6a60a51-v6,unit-093c7bb674b186d8b6c410fac8b20912,native-aeaf4d11ea6b4fe521db3359538981b4c6d39280bd7edd46e26fbe63ab772954,B4_ROOM_REPAIR_NATIVE,L1_target_destination,r2,BUILD_FAILED,True,False,,/group/worldcept/code/SimAny/outputs/icra2027/20260907-4f5c745-v2/sim_recon_sim/scale_up/test_dispatch/instances/native-aeaf4d11ea6b4fe521db3359538981b4c6d39280bd7edd46e26fbe63ab772954/build_bindings.jsonl,10361e468a8b4f438f40d977eab7570531fe2ac124040ec2152e7ea1e1709104,inherited_target
native_test_L1_engine_v2_20260907-6a60a51-v6,unit-8479e37f059b4684eb6454dde581ec70,native-aeaf4d11ea6b4fe521db3359538981b4c6d39280bd7edd46e26fbe63ab772954,B4_ROOM_REPAIR_NATIVE,L1_target_destination,r3,BUILD_FAILED,True,False,,/group/worldcept/code/SimAny/outputs/icra2027/20260907-4f5c745-v2/sim_recon_sim/scale_up/test_dispatch/instances/native-aeaf4d11ea6b4fe521db3359538981b4c6d39280bd7edd46e26fbe63ab772954/build_bindings.jsonl,10361e468a8b4f438f40d977eab7570531fe2ac124040ec2152e7ea1e1709104,inherited_target
native_test_L1_engine_v2_20260907-6a60a51-v6,unit-bfd7d9446effa20767ae203a1f378c68,native-aeaf4d11ea6b4fe521db3359538981b4c6d39280bd7edd46e26fbe63ab772954,B4_ROOM_REPAIR_NATIVE,L1_target_destination,r4,BUILD_FAILED,True,False,,/group/worldcept/code/SimAny/outputs/icra2027/20260907-4f5c745-v2/sim_recon_sim/scale_up/test_dispatch/instances/native-aeaf4d11ea6b4fe521db3359538981b4c6d39280bd7edd46e26fbe63ab772954/build_bindings.jsonl,10361e468a8b4f438f40d977eab7570531fe2ac124040ec2152e7ea1e1709104,inherited_target
native_test_L1_engine_v2_20260907-6a60a51-v6,unit-a48d79383bb185d896e3ec2e29c4c8be,native-aeaf4d11ea6b4fe521db3359538981b4c6d39280bd7edd46e26fbe63ab772954,B4_ROOM_REPAIR_NATIVE,L1_target_destination,r5,BUILD_FAILED,True,False,,/group/worldcept/code/SimAny/outputs/icra2027/20260907-4f5c745-v2/sim_recon_sim/scale_up/test_dispatch/instances/native-aeaf4d11ea6b4fe521db3359538981b4c6d39280bd7edd46e26fbe63ab772954/build_bindings.jsonl,10361e468a8b4f438f40d977eab7570531fe2ac124040ec2152e7ea1e1709104,inherited_target
native_test_L1_engine_v2_20260907-6a60a51-v6,unit-2fcef65a7c567d406f522f42fa78cc66,native-aeaf4d11ea6b4fe521db3359538981b4c6d39280bd7edd46e26fbe63ab772954,B4_ROOM_REPAIR_NATIVE,L1_target_destination,r6,BUILD_FAILED,True,False,,/group/worldcept/code/SimAny/outputs/icra2027/20260907-4f5c745-v2/sim_recon_sim/scale_up/test_dispatch/instances/native-aeaf4d11ea6b4fe521db3359538981b4c6d39280bd7edd46e26fbe63ab772954/build_bindings.jsonl,10361e468a8b4f438f40d977eab7570531fe2ac124040ec2152e7ea1e1709104,inherited_target
native_test_L1_engine_v2_20260907-6a60a51-v6,unit-9694478ab964b22b9112933224588e66,native-aeaf4d11ea6b4fe521db3359538981b4c6d39280bd7edd46e26fbe63ab772954,B4_ROOM_REPAIR_NATIVE,L1_target_destination,r7,BUILD_FAILED,True,False,,/group/worldcept/code/SimAny/outputs/icra2027/20260907-4f5c745-v2/sim_recon_sim/scale_up/test_dispatch/instances/native-aeaf4d11ea6b4fe521db3359538981b4c6d39280bd7edd46e26fbe63ab772954/build_bindings.jsonl,10361e468a8b4f438f40d977eab7570531fe2ac124040ec2152e7ea1e1709104,inherited_target
native_test_L1_engine_v2_20260907-6a60a51-v6,unit-af4b830bca7a545237f29e985dbc26a8,native-aeaf4d11ea6b4fe521db3359538981b4c6d39280bd7edd46e26fbe63ab772954,B4_ROOM_REPAIR_NATIVE,L1_target_destination,r8,BUILD_FAILED,True,False,,/group/worldcept/code/SimAny/outputs/icra2027/20260907-4f5c745-v2/sim_recon_sim/scale_up/test_dispatch/instances/native-aeaf4d11ea6b4fe521db3359538981b4c6d39280bd7edd46e26fbe63ab772954/build_bindings.jsonl,10361e468a8b4f438f40d977eab7570531fe2ac124040ec2152e7ea1e1709104,inherited_target
native_test_L1_engine_v2_20260907-6a60a51-v6,unit-2c514e06db760976cfac296e5264240c,native-aeaf4d11ea6b4fe521db3359538981b4c6d39280bd7edd46e26fbe63ab772954,B4_ROOM_REPAIR_NATIVE,L1_target_destination,r9,BUILD_FAILED,True,False,,/group/worldcept/code/SimAny/outputs/icra2027/20260907-4f5c745-v2/sim_recon_sim/scale_up/test_dispatch/instances/native-aeaf4d11ea6b4fe521db3359538981b4c6d39280bd7edd46e26fbe63ab772954/build_bindings.jsonl,10361e468a8b4f438f40d977eab7570531fe2ac124040ec2152e7ea1e1709104,inherited_target
native_test_L1_engine_v2_20260907-6a60a51-v6,unit-6de91f3cdb89368e6462dd4129e74a92,native-5f490be21d6e904fe80762b505fd718d87d81a416c5165e7080dd6811f4e670b,B4_ROOM_REPAIR_NATIVE,L1_target_destination,r0,ABSTAINED,True,False,,/group/worldcept/code/SimAny/outputs/icra2027/20260907-4f5c745-v2/sim_recon_sim/scale_up/test_dispatch/instances/native-5f490be21d6e904fe80762b505fd718d87d81a416c5165e7080dd6811f4e670b/build_bindings.jsonl,d7faedb9267ae1637357e5bd8d890e4c813ab2ad6cc0aa8637622d7d41025ca7,inherited_target
native_test_L1_engine_v2_20260907-6a60a51-v6,unit-5c73618a91f13b393dbbbfe0ce4acd6d,native-5f490be21d6e904fe80762b505fd718d87d81a416c5165e7080dd6811f4e670b,B4_ROOM_REPAIR_NATIVE,L1_target_destination,r1,ABSTAINED,True,False,,/group/worldcept/code/SimAny/outputs/icra2027/20260907-4f5c745-v2/sim_recon_sim/scale_up/test_dispatch/instances/native-5f490be21d6e904fe80762b505fd718d87d81a416c5165e7080dd6811f4e670b/build_bindings.jsonl,d7faedb9267ae1637357e5bd8d890e4c813ab2ad6cc0aa8637622d7d41025ca7,inherited_target
native_test_L1_engine_v2_20260907-6a60a51-v6,unit-fbd1bbcfa2589639d910ea421d5d1913,native-5f490be21d6e904fe80762b505fd718d87d81a416c5165e7080dd6811f4e670b,B4_ROOM_REPAIR_NATIVE,L1_target_destination,r2,ABSTAINED,True,False,,/group/worldcept/code/SimAny/outputs/icra2027/20260907-4f5c745-v2/sim_recon_sim/scale_up/test_dispatch/instances/native-5f490be21d6e904fe80762b505fd718d87d81a416c5165e7080dd6811f4e670b/build_bindings.jsonl,d7faedb9267ae1637357e5bd8d890e4c813ab2ad6cc0aa8637622d7d41025ca7,inherited_target
native_test_L1_engine_v2_20260907-6a60a51-v6,unit-04e7a437a5b7894cc25f3aac50c13c34,native-5f490be21d6e904fe80762b505fd718d87d81a416c5165e7080dd6811f4e670b,B4_ROOM_REPAIR_NATIVE,L1_target_destination,r3,ABSTAINED,True,False,,/group/worldcept/code/SimAny/outputs/icra2027/20260907-4f5c745-v2/sim_recon_sim/scale_up/test_dispatch/instances/native-5f490be21d6e904fe80762b505fd718d87d81a416c5165e7080dd6811f4e670b/build_bindings.jsonl,d7faedb9267ae1637357e5bd8d890e4c813ab2ad6cc0aa8637622d7d41025ca7,inherited_target
native_test_L1_engine_v2_20260907-6a60a51-v6,unit-65f114d1d30908b78b38e14bff7d3087,native-5f490be21d6e904fe80762b505fd718d87d81a416c5165e7080dd6811f4e670b,B4_ROOM_REPAIR_NATIVE,L1_target_destination,r4,ABSTAINED,True,False,,/group/worldcept/code/SimAny/outputs/icra2027/20260907-4f5c745-v2/sim_recon_sim/scale_up/test_dispatch/instances/native-5f490be21d6e904fe80762b505fd718d87d81a416c5165e7080dd6811f4e670b/build_bindings.jsonl,d7faedb9267ae1637357e5bd8d890e4c813ab2ad6cc0aa8637622d7d41025ca7,inherited_target
native_test_L1_engine_v2_20260907-6a60a51-v6,unit-88367a1d63d2eb9a3d4dcb6a91e756c1,native-5f490be21d6e904fe80762b505fd718d87d81a416c5165e7080dd6811f4e670b,B4_ROOM_REPAIR_NATIVE,L1_target_destination,r5,ABSTAINED,True,False,,/group/worldcept/code/SimAny/outputs/icra2027/20260907-4f5c745-v2/sim_recon_sim/scale_up/test_dispatch/instances/native-5f490be21d6e904fe80762b505fd718d87d81a416c5165e7080dd6811f4e670b/build_bindings.jsonl,d7faedb9267ae1637357e5bd8d890e4c813ab2ad6cc0aa8637622d7d41025ca7,inherited_target
native_test_L1_engine_v2_20260907-6a60a51-v6,unit-960c1a079f2302501b48440021bea676,native-5f490be21d6e904fe80762b505fd718d87d81a416c5165e7080dd6811f4e670b,B4_ROOM_REPAIR_NATIVE,L1_target_destination,r6,ABSTAINED,True,False,,/group/worldcept/code/SimAny/outputs/icra2027/20260907-4f5c745-v2/sim_recon_sim/scale_up/test_dispatch/instances/native-5f490be21d6e904fe80762b505fd718d87d81a416c5165e7080dd6811f4e670b/build_bindings.jsonl,d7faedb9267ae1637357e5bd8d890e4c813ab2ad6cc0aa8637622d7d41025ca7,inherited_target
native_test_L1_engine_v2_20260907-6a60a51-v6,unit-03b8461f12ec726faebc7f9cd88b638b,native-5f490be21d6e904fe80762b505fd718d87d81a416c5165e7080dd6811f4e670b,B4_ROOM_REPAIR_NATIVE,L1_target_destination,r7,ABSTAINED,True,False,,/group/worldcept/code/SimAny/outputs/icra2027/20260907-4f5c745-v2/sim_recon_sim/scale_up/test_dispatch/instances/native-5f490be21d6e904fe80762b505fd718d87d81a416c5165e7080dd6811f4e670b/build_bindings.jsonl,d7faedb9267ae1637357e5bd8d890e4c813ab2ad6cc0aa8637622d7d41025ca7,inherited_target
native_test_L1_engine_v2_20260907-6a60a51-v6,unit-f4d16abfa18e00e9b7145a87316fa061,native-5f490be21d6e904fe80762b505fd718d87d81a416c5165e7080dd6811f4e670b,B4_ROOM_REPAIR_NATIVE,L1_target_destination,r8,ABSTAINED,True,False,,/group/worldcept/code/SimAny/outputs/icra2027/20260907-4f5c745-v2/sim_recon_sim/scale_up/test_dispatch/instances/native-5f490be21d6e904fe80762b505fd718d87d81a416c5165e7080dd6811f4e670b/build_bindings.jsonl,d7faedb9267ae1637357e5bd8d890e4c813ab2ad6cc0aa8637622d7d41025ca7,inherited_target
native_test_L1_engine_v2_20260907-6a60a51-v6,unit-70746cd2b3bb2a39a3f7fe0ae8310342,native-5f490be21d6e904fe80762b505fd718d87d81a416c5165e7080dd6811f4e670b,B4_ROOM_REPAIR_NATIVE,L1_target_destination,r9,ABSTAINED,True,False,,/group/worldcept/code/SimAny/outputs/icra2027/20260907-4f5c745-v2/sim_recon_sim/scale_up/test_dispatch/instances/native-5f490be21d6e904fe80762b505fd718d87d81a416c5165e7080dd6811f4e670b/build_bindings.jsonl,d7faedb9267ae1637357e5bd8d890e4c813ab2ad6cc0aa8637622d7d41025ca7,inherited_target
native_test_L1_engine_v2_20260907-6a60a51-v6,unit-be2056df5ac1ee2be9ae3d71c4a8bec8,native-05f06fc08dfc46d3c93892adda6663e80ac01b546d942f48fe2ea4b01f25c279,B4_ROOM_REPAIR_NATIVE,L1_target_destination,r0,ABSTAINED,True,False,,/group/worldcept/code/SimAny/outputs/icra2027/20260907-4f5c745-v2/sim_recon_sim/scale_up/test_dispatch/instances/native-05f06fc08dfc46d3c93892adda6663e80ac01b546d942f48fe2ea4b01f25c279/build_bindings.jsonl,3db9a3ce1df758f6035a41558e13fb5e914ec2b44ae91682e2ba5bdf15279504,inherited_target
native_test_L1_engine_v2_20260907-6a60a51-v6,unit-cf6504788962f1150e2d514f05400398,native-05f06fc08dfc46d3c93892adda6663e80ac01b546d942f48fe2ea4b01f25c279,B4_ROOM_REPAIR_NATIVE,L1_target_destination,r1,ABSTAINED,True,False,,/group/worldcept/code/SimAny/outputs/icra2027/20260907-4f5c745-v2/sim_recon_sim/scale_up/test_dispatch/instances/native-05f06fc08dfc46d3c93892adda6663e80ac01b546d942f48fe2ea4b01f25c279/build_bindings.jsonl,3db9a3ce1df758f6035a41558e13fb5e914ec2b44ae91682e2ba5bdf15279504,inherited_target
native_test_L1_engine_v2_20260907-6a60a51-v6,unit-b7570b1d8d52aa2533a7c16300ee6706,native-05f06fc08dfc46d3c93892adda6663e80ac01b546d942f48fe2ea4b01f25c279,B4_ROOM_REPAIR_NATIVE,L1_target_destination,r2,ABSTAINED,True,False,,/group/worldcept/code/SimAny/outputs/icra2027/20260907-4f5c745-v2/sim_recon_sim/scale_up/test_dispatch/instances/native-05f06fc08dfc46d3c93892adda6663e80ac01b546d942f48fe2ea4b01f25c279/build_bindings.jsonl,3db9a3ce1df758f6035a41558e13fb5e914ec2b44ae91682e2ba5bdf15279504,inherited_target
native_test_L1_engine_v2_20260907-6a60a51-v6,unit-ebaaa041974599244580a3d639b56325,native-05f06fc08dfc46d3c93892adda6663e80ac01b546d942f48fe2ea4b01f25c279,B4_ROOM_REPAIR_NATIVE,L1_target_destination,r3,ABSTAINED,True,False,,/group/worldcept/code/SimAny/outputs/icra2027/20260907-4f5c745-v2/sim_recon_sim/scale_up/test_dispatch/instances/native-05f06fc08dfc46d3c93892adda6663e80ac01b546d942f48fe2ea4b01f25c279/build_bindings.jsonl,3db9a3ce1df758f6035a41558e13fb5e914ec2b44ae91682e2ba5bdf15279504,inherited_target
native_test_L1_engine_v2_20260907-6a60a51-v6,unit-0b1a089eb1124538f5fbeffd063db0c9,native-05f06fc08dfc46d3c93892adda6663e80ac01b546d942f48fe2ea4b01f25c279,B4_ROOM_REPAIR_NATIVE,L1_target_destination,r4,ABSTAINED,True,False,,/group/worldcept/code/SimAny/outputs/icra2027/20260907-4f5c745-v2/sim_recon_sim/scale_up/test_dispatch/instances/native-05f06fc08dfc46d3c93892adda6663e80ac01b546d942f48fe2ea4b01f25c279/build_bindings.jsonl,3db9a3ce1df758f6035a41558e13fb5e914ec2b44ae91682e2ba5bdf15279504,inherited_target
native_test_L1_engine_v2_20260907-6a60a51-v6,unit-d4423093644c55ebcf341c1ce0ef35f4,native-05f06fc08dfc46d3c93892adda6663e80ac01b546d942f48fe2ea4b01f25c279,B4_ROOM_REPAIR_NATIVE,L1_target_destination,r5,ABSTAINED,True,False,,/group/worldcept/code/SimAny/outputs/icra2027/20260907-4f5c745-v2/sim_recon_sim/scale_up/test_dispatch/instances/native-05f06fc08dfc46d3c93892adda6663e80ac01b546d942f48fe2ea4b01f25c279/build_bindings.jsonl,3db9a3ce1df758f6035a41558e13fb5e914ec2b44ae91682e2ba5bdf15279504,inherited_target
native_test_L1_engine_v2_20260907-6a60a51-v6,unit-05f8a9456693784f57cafbed41ec7843,native-05f06fc08dfc46d3c93892adda6663e80ac01b546d942f48fe2ea4b01f25c279,B4_ROOM_REPAIR_NATIVE,L1_target_destination,r6,ABSTAINED,True,False,,/group/worldcept/code/SimAny/outputs/icra2027/20260907-4f5c745-v2/sim_recon_sim/scale_up/test_dispatch/instances/native-05f06fc08dfc46d3c93892adda6663e80ac01b546d942f48fe2ea4b01f25c279/build_bindings.jsonl,3db9a3ce1df758f6035a41558e13fb5e914ec2b44ae91682e2ba5bdf15279504,inherited_target
native_test_L1_engine_v2_20260907-6a60a51-v6,unit-b572dbe92819d97b9240acdaf28890de,native-05f06fc08dfc46d3c93892adda6663e80ac01b546d942f48fe2ea4b01f25c279,B4_ROOM_REPAIR_NATIVE,L1_target_destination,r7,ABSTAINED,True,False,,/group/worldcept/code/SimAny/outputs/icra2027/20260907-4f5c745-v2/sim_recon_sim/scale_up/test_dispatch/instances/native-05f06fc08dfc46d3c93892adda6663e80ac01b546d942f48fe2ea4b01f25c279/build_bindings.jsonl,3db9a3ce1df758f6035a41558e13fb5e914ec2b44ae91682e2ba5bdf15279504,inherited_target
native_test_L1_engine_v2_20260907-6a60a51-v6,unit-b7338bfd2fbaa228e01f9863b7b24079,native-05f06fc08dfc46d3c93892adda6663e80ac01b546d942f48fe2ea4b01f25c279,B4_ROOM_REPAIR_NATIVE,L1_target_destination,r8,ABSTAINED,True,False,,/group/worldcept/code/SimAny/outputs/icra2027/20260907-4f5c745-v2/sim_recon_sim/scale_up/test_dispatch/instances/native-05f06fc08dfc46d3c93892adda6663e80ac01b546d942f48fe2ea4b01f25c279/build_bindings.jsonl,3db9a3ce1df758f6035a41558e13fb5e914ec2b44ae91682e2ba5bdf15279504,inherited_target
native_test_L1_engine_v2_20260907-6a60a51-v6,unit-7aef04012c9bff014d0d50474539851f,native-05f06fc08dfc46d3c93892adda6663e80ac01b546d942f48fe2ea4b01f25c279,B4_ROOM_REPAIR_NATIVE,L1_target_destination,r9,ABSTAINED,True,False,,/group/worldcept/code/SimAny/outputs/icra2027/20260907-4f5c745-v2/sim_recon_sim/scale_up/test_dispatch/instances/native-05f06fc08dfc46d3c93892adda6663e80ac01b546d942f48fe2ea4b01f25c279/build_bindings.jsonl,3db9a3ce1df758f6035a41558e13fb5e914ec2b44ae91682e2ba5bdf15279504,inherited_target
native_test_L1_engine_v2_20260907-6a60a51-v6,unit-5ab354c20d0ef7cdc0b31ad590fba246,native-5697c97e9d208786578b9b8b92e95a27161fb1b6fdf41b532f6a4b7cf1bcb6dd,B4_ROOM_REPAIR_NATIVE,L1_target_destination,r0,NOT_SCHEDULED,False,,,,,
native_test_L1_engine_v2_20260907-6a60a51-v6,unit-67e233cc59d60360dbc1c73af220acf8,native-5697c97e9d208786578b9b8b92e95a27161fb1b6fdf41b532f6a4b7cf1bcb6dd,B4_ROOM_REPAIR_NATIVE,L1_target_destination,r1,NOT_SCHEDULED,False,,,,,
native_test_L1_engine_v2_20260907-6a60a51-v6,unit-2388c1661559cc4b68a10482fe39a6e0,native-5697c97e9d208786578b9b8b92e95a27161fb1b6fdf41b532f6a4b7cf1bcb6dd,B4_ROOM_REPAIR_NATIVE,L1_target_destination,r2,NOT_SCHEDULED,False,,,,,
native_test_L1_engine_v2_20260907-6a60a51-v6,unit-481657f9b288421d3ebd41c2093c57bb,native-5697c97e9d208786578b9b8b92e95a27161fb1b6fdf41b532f6a4b7cf1bcb6dd,B4_ROOM_REPAIR_NATIVE,L1_target_destination,r3,NOT_SCHEDULED,False,,,,,
native_test_L1_engine_v2_20260907-6a60a51-v6,unit-8839fe433cac7cbcee7edf95d1a36bb7,native-5697c97e9d208786578b9b8b92e95a27161fb1b6fdf41b532f6a4b7cf1bcb6dd,B4_ROOM_REPAIR_NATIVE,L1_target_destination,r4,NOT_SCHEDULED,False,,,,,
native_test_L1_engine_v2_20260907-6a60a51-v6,unit-5e5164e0a051fbcc336f9a737a7f0ae4,native-5697c97e9d208786578b9b8b92e95a27161fb1b6fdf41b532f6a4b7cf1bcb6dd,B4_ROOM_REPAIR_NATIVE,L1_target_destination,r5,NOT_SCHEDULED,False,,,,,
native_test_L1_engine_v2_20260907-6a60a51-v6,unit-94128d6d66e44600f8569e0c347179aa,native-5697c97e9d208786578b9b8b92e95a27161fb1b6fdf41b532f6a4b7cf1bcb6dd,B4_ROOM_REPAIR_NATIVE,L1_target_destination,r6,NOT_SCHEDULED,False,,,,,
native_test_L1_engine_v2_20260907-6a60a51-v6,unit-45046dfa85c489957634d2b510363862,native-5697c97e9d208786578b9b8b92e95a27161fb1b6fdf41b532f6a4b7cf1bcb6dd,B4_ROOM_REPAIR_NATIVE,L1_target_destination,r7,NOT_SCHEDULED,False,,,,,
native_test_L1_engine_v2_20260907-6a60a51-v6,unit-6e97fe9795db25798066717750398456,native-5697c97e9d208786578b9b8b92e95a27161fb1b6fdf41b532f6a4b7cf1bcb6dd,B4_ROOM_REPAIR_NATIVE,L1_target_destination,r8,NOT_SCHEDULED,False,,,,,
native_test_L1_engine_v2_20260907-6a60a51-v6,unit-88737545d270a1686ca14ccfb5c0bd63,native-5697c97e9d208786578b9b8b92e95a27161fb1b6fdf41b532f6a4b7cf1bcb6dd,B4_ROOM_REPAIR_NATIVE,L1_target_destination,r9,NOT_SCHEDULED,False,,,,,
native_test_L1_engine_v2_20260907-6a60a51-v6,unit-1f3d99e5a2a9ad412233596fc903d61e,native-55a23f0c97ee7672f66552b77660344880fafb6ce36a25433d19e58b15ed3aa5,B4_ROOM_REPAIR_NATIVE,L1_target_destination,r0,BUILD_FAILED,True,False,,/group/worldcept/code/SimAny/outputs/icra2027/20260907-4f5c745-v2/sim_recon_sim/scale_up/test_dispatch/instances/native-55a23f0c97ee7672f66552b77660344880fafb6ce36a25433d19e58b15ed3aa5/build_bindings.jsonl,1f40e753e9da279449d4c72f48debacb2c82702cb6eacc2374afc4da03843085,inherited_target
native_test_L1_engine_v2_20260907-6a60a51-v6,unit-d172f2a3c0d8c470bdcac65b70bc80c5,native-55a23f0c97ee7672f66552b77660344880fafb6ce36a25433d19e58b15ed3aa5,B4_ROOM_REPAIR_NATIVE,L1_target_destination,r1,BUILD_FAILED,True,False,,/group/worldcept/code/SimAny/outputs/icra2027/20260907-4f5c745-v2/sim_recon_sim/scale_up/test_dispatch/instances/native-55a23f0c97ee7672f66552b77660344880fafb6ce36a25433d19e58b15ed3aa5/build_bindings.jsonl,1f40e753e9da279449d4c72f48debacb2c82702cb6eacc2374afc4da03843085,inherited_target
native_test_L1_engine_v2_20260907-6a60a51-v6,unit-3592d5ace50107abab09e495298dacbc,native-55a23f0c97ee7672f66552b77660344880fafb6ce36a25433d19e58b15ed3aa5,B4_ROOM_REPAIR_NATIVE,L1_target_destination,r2,BUILD_FAILED,True,False,,/group/worldcept/code/SimAny/outputs/icra2027/20260907-4f5c745-v2/sim_recon_sim/scale_up/test_dispatch/instances/native-55a23f0c97ee7672f66552b77660344880fafb6ce36a25433d19e58b15ed3aa5/build_bindings.jsonl,1f40e753e9da279449d4c72f48debacb2c82702cb6eacc2374afc4da03843085,inherited_target
native_test_L1_engine_v2_20260907-6a60a51-v6,unit-96fc3a50ae6597a6117d1d4ae747ffc9,native-55a23f0c97ee7672f66552b77660344880fafb6ce36a25433d19e58b15ed3aa5,B4_ROOM_REPAIR_NATIVE,L1_target_destination,r3,BUILD_FAILED,True,False,,/group/worldcept/code/SimAny/outputs/icra2027/20260907-4f5c745-v2/sim_recon_sim/scale_up/test_dispatch/instances/native-55a23f0c97ee7672f66552b77660344880fafb6ce36a25433d19e58b15ed3aa5/build_bindings.jsonl,1f40e753e9da279449d4c72f48debacb2c82702cb6eacc2374afc4da03843085,inherited_target
native_test_L1_engine_v2_20260907-6a60a51-v6,unit-b95d9944f1a55a25f19be8c8b51681c7,native-55a23f0c97ee7672f66552b77660344880fafb6ce36a25433d19e58b15ed3aa5,B4_ROOM_REPAIR_NATIVE,L1_target_destination,r4,BUILD_FAILED,True,False,,/group/worldcept/code/SimAny/outputs/icra2027/20260907-4f5c745-v2/sim_recon_sim/scale_up/test_dispatch/instances/native-55a23f0c97ee7672f66552b77660344880fafb6ce36a25433d19e58b15ed3aa5/build_bindings.jsonl,1f40e753e9da279449d4c72f48debacb2c82702cb6eacc2374afc4da03843085,inherited_target
native_test_L1_engine_v2_20260907-6a60a51-v6,unit-7e3bc4899ab71b1f45978eb54cddce06,native-55a23f0c97ee7672f66552b77660344880fafb6ce36a25433d19e58b15ed3aa5,B4_ROOM_REPAIR_NATIVE,L1_target_destination,r5,BUILD_FAILED,True,False,,/group/worldcept/code/SimAny/outputs/icra2027/20260907-4f5c745-v2/sim_recon_sim/scale_up/test_dispatch/instances/native-55a23f0c97ee7672f66552b77660344880fafb6ce36a25433d19e58b15ed3aa5/build_bindings.jsonl,1f40e753e9da279449d4c72f48debacb2c82702cb6eacc2374afc4da03843085,inherited_target
native_test_L1_engine_v2_20260907-6a60a51-v6,unit-0a44c6b468d240398c111e6cda0c174c,native-55a23f0c97ee7672f66552b77660344880fafb6ce36a25433d19e58b15ed3aa5,B4_ROOM_REPAIR_NATIVE,L1_target_destination,r6,BUILD_FAILED,True,False,,/group/worldcept/code/SimAny/outputs/icra2027/20260907-4f5c745-v2/sim_recon_sim/scale_up/test_dispatch/instances/native-55a23f0c97ee7672f66552b77660344880fafb6ce36a25433d19e58b15ed3aa5/build_bindings.jsonl,1f40e753e9da279449d4c72f48debacb2c82702cb6eacc2374afc4da03843085,inherited_target
native_test_L1_engine_v2_20260907-6a60a51-v6,unit-e3023b52bb100f84c4f8cdbb3dda6fd8,native-55a23f0c97ee7672f66552b77660344880fafb6ce36a25433d19e58b15ed3aa5,B4_ROOM_REPAIR_NATIVE,L1_target_destination,r7,BUILD_FAILED,True,False,,/group/worldcept/code/SimAny/outputs/icra2027/20260907-4f5c745-v2/sim_recon_sim/scale_up/test_dispatch/instances/native-55a23f0c97ee7672f66552b77660344880fafb6ce36a25433d19e58b15ed3aa5/build_bindings.jsonl,1f40e753e9da279449d4c72f48debacb2c82702cb6eacc2374afc4da03843085,inherited_target
native_test_L1_engine_v2_20260907-6a60a51-v6,unit-7263b27bdf59454b198e975ceb7f6055,native-55a23f0c97ee7672f66552b77660344880fafb6ce36a25433d19e58b15ed3aa5,B4_ROOM_REPAIR_NATIVE,L1_target_destination,r8,BUILD_FAILED,True,False,,/group/worldcept/code/SimAny/outputs/icra2027/20260907-4f5c745-v2/sim_recon_sim/scale_up/test_dispatch/instances/native-55a23f0c97ee7672f66552b77660344880fafb6ce36a25433d19e58b15ed3aa5/build_bindings.jsonl,1f40e753e9da279449d4c72f48debacb2c82702cb6eacc2374afc4da03843085,inherited_target
native_test_L1_engine_v2_20260907-6a60a51-v6,unit-f4d9edf9008520eac17a1c9282b831b7,native-55a23f0c97ee7672f66552b77660344880fafb6ce36a25433d19e58b15ed3aa5,B4_ROOM_REPAIR_NATIVE,L1_target_destination,r9,BUILD_FAILED,True,False,,/group/worldcept/code/SimAny/outputs/icra2027/20260907-4f5c745-v2/sim_recon_sim/scale_up/test_dispatch/instances/native-55a23f0c97ee7672f66552b77660344880fafb6ce36a25433d19e58b15ed3aa5/build_bindings.jsonl,1f40e753e9da279449d4c72f48debacb2c82702cb6eacc2374afc4da03843085,inherited_target
native_test_L1_engine_v2_20260907-6a60a51-v6,unit-4cebc0a866525be95563b37712e59266,native-fd102487ad05f67cadd75d54e90d93b7e54500ee005b6acad9e031f034a4dc0e,B4_ROOM_REPAIR_NATIVE,L1_target_destination,r0,BUILD_FAILED,True,False,,/group/worldcept/code/SimAny/outputs/icra2027/20260907-2cc8928-v1/sim_recon_sim/scale_up/scope_test_preparation/destination_builds/slot-84decad2e6d417ee3906/build_failure.json,af52cf0c93a4cc21cc8e830ebb96d12e174a10bdc7037dd15ce5a3ec1d90c300,additional_scope
native_test_L1_engine_v2_20260907-6a60a51-v6,unit-8df8cd7f69c59a071a719570abbb7f18,native-fd102487ad05f67cadd75d54e90d93b7e54500ee005b6acad9e031f034a4dc0e,B4_ROOM_REPAIR_NATIVE,L1_target_destination,r1,BUILD_FAILED,True,False,,/group/worldcept/code/SimAny/outputs/icra2027/20260907-2cc8928-v1/sim_recon_sim/scale_up/scope_test_preparation/destination_builds/slot-84decad2e6d417ee3906/build_failure.json,af52cf0c93a4cc21cc8e830ebb96d12e174a10bdc7037dd15ce5a3ec1d90c300,additional_scope
native_test_L1_engine_v2_20260907-6a60a51-v6,unit-6e10412c52b27cf1626ec1db671c190e,native-fd102487ad05f67cadd75d54e90d93b7e54500ee005b6acad9e031f034a4dc0e,B4_ROOM_REPAIR_NATIVE,L1_target_destination,r2,BUILD_FAILED,True,False,,/group/worldcept/code/SimAny/outputs/icra2027/20260907-2cc8928-v1/sim_recon_sim/scale_up/scope_test_preparation/destination_builds/slot-84decad2e6d417ee3906/build_failure.json,af52cf0c93a4cc21cc8e830ebb96d12e174a10bdc7037dd15ce5a3ec1d90c300,additional_scope
native_test_L1_engine_v2_20260907-6a60a51-v6,unit-fe2b77eb68ba008331a237ae5f1d4f24,native-fd102487ad05f67cadd75d54e90d93b7e54500ee005b6acad9e031f034a4dc0e,B4_ROOM_REPAIR_NATIVE,L1_target_destination,r3,BUILD_FAILED,True,False,,/group/worldcept/code/SimAny/outputs/icra2027/20260907-2cc8928-v1/sim_recon_sim/scale_up/scope_test_preparation/destination_builds/slot-84decad2e6d417ee3906/build_failure.json,af52cf0c93a4cc21cc8e830ebb96d12e174a10bdc7037dd15ce5a3ec1d90c300,additional_scope
native_test_L1_engine_v2_20260907-6a60a51-v6,unit-86c67ab85cd639fe07e849f0f1e71c59,native-fd102487ad05f67cadd75d54e90d93b7e54500ee005b6acad9e031f034a4dc0e,B4_ROOM_REPAIR_NATIVE,L1_target_destination,r4,BUILD_FAILED,True,False,,/group/worldcept/code/SimAny/outputs/icra2027/20260907-2cc8928-v1/sim_recon_sim/scale_up/scope_test_preparation/destination_builds/slot-84decad2e6d417ee3906/build_failure.json,af52cf0c93a4cc21cc8e830ebb96d12e174a10bdc7037dd15ce5a3ec1d90c300,additional_scope
native_test_L1_engine_v2_20260907-6a60a51-v6,unit-b341c437906cb1f2140cd4ad83d3a02c,native-fd102487ad05f67cadd75d54e90d93b7e54500ee005b6acad9e031f034a4dc0e,B4_ROOM_REPAIR_NATIVE,L1_target_destination,r5,BUILD_FAILED,True,False,,/group/worldcept/code/SimAny/outputs/icra2027/20260907-2cc8928-v1/sim_recon_sim/scale_up/scope_test_preparation/destination_builds/slot-84decad2e6d417ee3906/build_failure.json,af52cf0c93a4cc21cc8e830ebb96d12e174a10bdc7037dd15ce5a3ec1d90c300,additional_scope
native_test_L1_engine_v2_20260907-6a60a51-v6,unit-f1633970e9416e0ae0aa670b723761f7,native-fd102487ad05f67cadd75d54e90d93b7e54500ee005b6acad9e031f034a4dc0e,B4_ROOM_REPAIR_NATIVE,L1_target_destination,r6,BUILD_FAILED,True,False,,/group/worldcept/code/SimAny/outputs/icra2027/20260907-2cc8928-v1/sim_recon_sim/scale_up/scope_test_preparation/destination_builds/slot-84decad2e6d417ee3906/build_failure.json,af52cf0c93a4cc21cc8e830ebb96d12e174a10bdc7037dd15ce5a3ec1d90c300,additional_scope
native_test_L1_engine_v2_20260907-6a60a51-v6,unit-6aebd4822fff33e6de26cee2eed66214,native-fd102487ad05f67cadd75d54e90d93b7e54500ee005b6acad9e031f034a4dc0e,B4_ROOM_REPAIR_NATIVE,L1_target_destination,r7,BUILD_FAILED,True,False,,/group/worldcept/code/SimAny/outputs/icra2027/20260907-2cc8928-v1/sim_recon_sim/scale_up/scope_test_preparation/destination_builds/slot-84decad2e6d417ee3906/build_failure.json,af52cf0c93a4cc21cc8e830ebb96d12e174a10bdc7037dd15ce5a3ec1d90c300,additional_scope
native_test_L1_engine_v2_20260907-6a60a51-v6,unit-1ef33fd7386b157bf205c32ed70247ca,native-fd102487ad05f67cadd75d54e90d93b7e54500ee005b6acad9e031f034a4dc0e,B4_ROOM_REPAIR_NATIVE,L1_target_destination,r8,BUILD_FAILED,True,False,,/group/worldcept/code/SimAny/outputs/icra2027/20260907-2cc8928-v1/sim_recon_sim/scale_up/scope_test_preparation/destination_builds/slot-84decad2e6d417ee3906/build_failure.json,af52cf0c93a4cc21cc8e830ebb96d12e174a10bdc7037dd15ce5a3ec1d90c300,additional_scope
native_test_L1_engine_v2_20260907-6a60a51-v6,unit-0d55ac13a440aef07a48ef9cf94c80e1,native-fd102487ad05f67cadd75d54e90d93b7e54500ee005b6acad9e031f034a4dc0e,B4_ROOM_REPAIR_NATIVE,L1_target_destination,r9,BUILD_FAILED,True,False,,/group/worldcept/code/SimAny/outputs/icra2027/20260907-2cc8928-v1/sim_recon_sim/scale_up/scope_test_preparation/destination_builds/slot-84decad2e6d417ee3906/build_failure.json,af52cf0c93a4cc21cc8e830ebb96d12e174a10bdc7037dd15ce5a3ec1d90c300,additional_scope
native_test_L1_engine_v2_20260907-6a60a51-v6,unit-0b9f61af0bee172a496c240e667e39ec,native-169cab94f10291685d9311677f1accbf5eb51d5cdbe02697ea6a8c880afbf87f,B4_ROOM_REPAIR_NATIVE,L1_target_destination,r0,ABSTAINED,True,False,,/group/worldcept/code/SimAny/outputs/icra2027/20260907-4f5c745-v2/sim_recon_sim/scale_up/test_dispatch/instances/native-169cab94f10291685d9311677f1accbf5eb51d5cdbe02697ea6a8c880afbf87f/build_bindings.jsonl,d08a7385e1fcc3e9315a970e22f4c8c71a4a15f1030c088c1a2f3295ea1b52d3,inherited_target
native_test_L1_engine_v2_20260907-6a60a51-v6,unit-7deeb407c558d91a0609326380e00c9b,native-169cab94f10291685d9311677f1accbf5eb51d5cdbe02697ea6a8c880afbf87f,B4_ROOM_REPAIR_NATIVE,L1_target_destination,r1,ABSTAINED,True,False,,/group/worldcept/code/SimAny/outputs/icra2027/20260907-4f5c745-v2/sim_recon_sim/scale_up/test_dispatch/instances/native-169cab94f10291685d9311677f1accbf5eb51d5cdbe02697ea6a8c880afbf87f/build_bindings.jsonl,d08a7385e1fcc3e9315a970e22f4c8c71a4a15f1030c088c1a2f3295ea1b52d3,inherited_target
native_test_L1_engine_v2_20260907-6a60a51-v6,unit-06b364fd6d6867b8957573049a06b9cc,native-169cab94f10291685d9311677f1accbf5eb51d5cdbe02697ea6a8c880afbf87f,B4_ROOM_REPAIR_NATIVE,L1_target_destination,r2,ABSTAINED,True,False,,/group/worldcept/code/SimAny/outputs/icra2027/20260907-4f5c745-v2/sim_recon_sim/scale_up/test_dispatch/instances/native-169cab94f10291685d9311677f1accbf5eb51d5cdbe02697ea6a8c880afbf87f/build_bindings.jsonl,d08a7385e1fcc3e9315a970e22f4c8c71a4a15f1030c088c1a2f3295ea1b52d3,inherited_target
native_test_L1_engine_v2_20260907-6a60a51-v6,unit-1ceefab14a52e88c745f0ab428f36ea2,native-169cab94f10291685d9311677f1accbf5eb51d5cdbe02697ea6a8c880afbf87f,B4_ROOM_REPAIR_NATIVE,L1_target_destination,r3,ABSTAINED,True,False,,/group/worldcept/code/SimAny/outputs/icra2027/20260907-4f5c745-v2/sim_recon_sim/scale_up/test_dispatch/instances/native-169cab94f10291685d9311677f1accbf5eb51d5cdbe02697ea6a8c880afbf87f/build_bindings.jsonl,d08a7385e1fcc3e9315a970e22f4c8c71a4a15f1030c088c1a2f3295ea1b52d3,inherited_target
native_test_L1_engine_v2_20260907-6a60a51-v6,unit-f94f3d3f266dc69457af5c0c1400fd17,native-169cab94f10291685d9311677f1accbf5eb51d5cdbe02697ea6a8c880afbf87f,B4_ROOM_REPAIR_NATIVE,L1_target_destination,r4,ABSTAINED,True,False,,/group/worldcept/code/SimAny/outputs/icra2027/20260907-4f5c745-v2/sim_recon_sim/scale_up/test_dispatch/instances/native-169cab94f10291685d9311677f1accbf5eb51d5cdbe02697ea6a8c880afbf87f/build_bindings.jsonl,d08a7385e1fcc3e9315a970e22f4c8c71a4a15f1030c088c1a2f3295ea1b52d3,inherited_target
native_test_L1_engine_v2_20260907-6a60a51-v6,unit-ec7f73b15a68410aedb3ef493c64326d,native-169cab94f10291685d9311677f1accbf5eb51d5cdbe02697ea6a8c880afbf87f,B4_ROOM_REPAIR_NATIVE,L1_target_destination,r5,ABSTAINED,True,False,,/group/worldcept/code/SimAny/outputs/icra2027/20260907-4f5c745-v2/sim_recon_sim/scale_up/test_dispatch/instances/native-169cab94f10291685d9311677f1accbf5eb51d5cdbe02697ea6a8c880afbf87f/build_bindings.jsonl,d08a7385e1fcc3e9315a970e22f4c8c71a4a15f1030c088c1a2f3295ea1b52d3,inherited_target
native_test_L1_engine_v2_20260907-6a60a51-v6,unit-cc4644839747369317f6efe0c84d91f4,native-169cab94f10291685d9311677f1accbf5eb51d5cdbe02697ea6a8c880afbf87f,B4_ROOM_REPAIR_NATIVE,L1_target_destination,r6,ABSTAINED,True,False,,/group/worldcept/code/SimAny/outputs/icra2027/20260907-4f5c745-v2/sim_recon_sim/scale_up/test_dispatch/instances/native-169cab94f10291685d9311677f1accbf5eb51d5cdbe02697ea6a8c880afbf87f/build_bindings.jsonl,d08a7385e1fcc3e9315a970e22f4c8c71a4a15f1030c088c1a2f3295ea1b52d3,inherited_target
native_test_L1_engine_v2_20260907-6a60a51-v6,unit-902aad9a95e5f8d99d732a1a18b6d383,native-169cab94f10291685d9311677f1accbf5eb51d5cdbe02697ea6a8c880afbf87f,B4_ROOM_REPAIR_NATIVE,L1_target_destination,r7,ABSTAINED,True,False,,/group/worldcept/code/SimAny/outputs/icra2027/20260907-4f5c745-v2/sim_recon_sim/scale_up/test_dispatch/instances/native-169cab94f10291685d9311677f1accbf5eb51d5cdbe02697ea6a8c880afbf87f/build_bindings.jsonl,d08a7385e1fcc3e9315a970e22f4c8c71a4a15f1030c088c1a2f3295ea1b52d3,inherited_target
native_test_L1_engine_v2_20260907-6a60a51-v6,unit-26de2ea8b2b0a969b31e942b41f6f09d,native-169cab94f10291685d9311677f1accbf5eb51d5cdbe02697ea6a8c880afbf87f,B4_ROOM_REPAIR_NATIVE,L1_target_destination,r8,ABSTAINED,True,False,,/group/worldcept/code/SimAny/outputs/icra2027/20260907-4f5c745-v2/sim_recon_sim/scale_up/test_dispatch/instances/native-169cab94f10291685d9311677f1accbf5eb51d5cdbe02697ea6a8c880afbf87f/build_bindings.jsonl,d08a7385e1fcc3e9315a970e22f4c8c71a4a15f1030c088c1a2f3295ea1b52d3,inherited_target
native_test_L1_engine_v2_20260907-6a60a51-v6,unit-b18cba469902f97332f27048c9e0f231,native-169cab94f10291685d9311677f1accbf5eb51d5cdbe02697ea6a8c880afbf87f,B4_ROOM_REPAIR_NATIVE,L1_target_destination,r9,ABSTAINED,True,False,,/group/worldcept/code/SimAny/outputs/icra2027/20260907-4f5c745-v2/sim_recon_sim/scale_up/test_dispatch/instances/native-169cab94f10291685d9311677f1accbf5eb51d5cdbe02697ea6a8c880afbf87f/build_bindings.jsonl,d08a7385e1fcc3e9315a970e22f4c8c71a4a15f1030c088c1a2f3295ea1b52d3,inherited_target
native_test_L1_engine_v2_20260907-6a60a51-v6,unit-657659e84d263d52633928918154b0cc,native-80f707c13cf12936c9d12954c2274d211a4cc79de918feac7fbc7d2c9badfb3f,B4_ROOM_REPAIR_NATIVE,L1_target_destination,r0,ABSTAINED,True,False,,/group/worldcept/code/SimAny/outputs/icra2027/20260907-4f5c745-v2/sim_recon_sim/scale_up/test_dispatch/instances/native-80f707c13cf12936c9d12954c2274d211a4cc79de918feac7fbc7d2c9badfb3f/build_bindings.jsonl,fc336c6e67286e82ad74aa80b81ce2c3ba81532534ea5b1e463c40d8651126c2,inherited_target
native_test_L1_engine_v2_20260907-6a60a51-v6,unit-99d667ba229f828afa8ae6ab30b7e751,native-80f707c13cf12936c9d12954c2274d211a4cc79de918feac7fbc7d2c9badfb3f,B4_ROOM_REPAIR_NATIVE,L1_target_destination,r1,ABSTAINED,True,False,,/group/worldcept/code/SimAny/outputs/icra2027/20260907-4f5c745-v2/sim_recon_sim/scale_up/test_dispatch/instances/native-80f707c13cf12936c9d12954c2274d211a4cc79de918feac7fbc7d2c9badfb3f/build_bindings.jsonl,fc336c6e67286e82ad74aa80b81ce2c3ba81532534ea5b1e463c40d8651126c2,inherited_target
native_test_L1_engine_v2_20260907-6a60a51-v6,unit-adabf5f08b517a95399d536062215cf1,native-80f707c13cf12936c9d12954c2274d211a4cc79de918feac7fbc7d2c9badfb3f,B4_ROOM_REPAIR_NATIVE,L1_target_destination,r2,ABSTAINED,True,False,,/group/worldcept/code/SimAny/outputs/icra2027/20260907-4f5c745-v2/sim_recon_sim/scale_up/test_dispatch/instances/native-80f707c13cf12936c9d12954c2274d211a4cc79de918feac7fbc7d2c9badfb3f/build_bindings.jsonl,fc336c6e67286e82ad74aa80b81ce2c3ba81532534ea5b1e463c40d8651126c2,inherited_target
native_test_L1_engine_v2_20260907-6a60a51-v6,unit-82c3b3520b876413f309e238e0f19c76,native-80f707c13cf12936c9d12954c2274d211a4cc79de918feac7fbc7d2c9badfb3f,B4_ROOM_REPAIR_NATIVE,L1_target_destination,r3,ABSTAINED,True,False,,/group/worldcept/code/SimAny/outputs/icra2027/20260907-4f5c745-v2/sim_recon_sim/scale_up/test_dispatch/instances/native-80f707c13cf12936c9d12954c2274d211a4cc79de918feac7fbc7d2c9badfb3f/build_bindings.jsonl,fc336c6e67286e82ad74aa80b81ce2c3ba81532534ea5b1e463c40d8651126c2,inherited_target
native_test_L1_engine_v2_20260907-6a60a51-v6,unit-90562c2eac1314e2f46a0e628e4ed42b,native-80f707c13cf12936c9d12954c2274d211a4cc79de918feac7fbc7d2c9badfb3f,B4_ROOM_REPAIR_NATIVE,L1_target_destination,r4,ABSTAINED,True,False,,/group/worldcept/code/SimAny/outputs/icra2027/20260907-4f5c745-v2/sim_recon_sim/scale_up/test_dispatch/instances/native-80f707c13cf12936c9d12954c2274d211a4cc79de918feac7fbc7d2c9badfb3f/build_bindings.jsonl,fc336c6e67286e82ad74aa80b81ce2c3ba81532534ea5b1e463c40d8651126c2,inherited_target
native_test_L1_engine_v2_20260907-6a60a51-v6,unit-a80d00005d9d55a0ebce297e9d3793ad,native-80f707c13cf12936c9d12954c2274d211a4cc79de918feac7fbc7d2c9badfb3f,B4_ROOM_REPAIR_NATIVE,L1_target_destination,r5,ABSTAINED,True,False,,/group/worldcept/code/SimAny/outputs/icra2027/20260907-4f5c745-v2/sim_recon_sim/scale_up/test_dispatch/instances/native-80f707c13cf12936c9d12954c2274d211a4cc79de918feac7fbc7d2c9badfb3f/build_bindings.jsonl,fc336c6e67286e82ad74aa80b81ce2c3ba81532534ea5b1e463c40d8651126c2,inherited_target
native_test_L1_engine_v2_20260907-6a60a51-v6,unit-d559aea204cec3b248755a600e1eb818,native-80f707c13cf12936c9d12954c2274d211a4cc79de918feac7fbc7d2c9badfb3f,B4_ROOM_REPAIR_NATIVE,L1_target_destination,r6,ABSTAINED,True,False,,/group/worldcept/code/SimAny/outputs/icra2027/20260907-4f5c745-v2/sim_recon_sim/scale_up/test_dispatch/instances/native-80f707c13cf12936c9d12954c2274d211a4cc79de918feac7fbc7d2c9badfb3f/build_bindings.jsonl,fc336c6e67286e82ad74aa80b81ce2c3ba81532534ea5b1e463c40d8651126c2,inherited_target
native_test_L1_engine_v2_20260907-6a60a51-v6,unit-8549d3c8d09fbdd64e663817743e1c10,native-80f707c13cf12936c9d12954c2274d211a4cc79de918feac7fbc7d2c9badfb3f,B4_ROOM_REPAIR_NATIVE,L1_target_destination,r7,ABSTAINED,True,False,,/group/worldcept/code/SimAny/outputs/icra2027/20260907-4f5c745-v2/sim_recon_sim/scale_up/test_dispatch/instances/native-80f707c13cf12936c9d12954c2274d211a4cc79de918feac7fbc7d2c9badfb3f/build_bindings.jsonl,fc336c6e67286e82ad74aa80b81ce2c3ba81532534ea5b1e463c40d8651126c2,inherited_target
native_test_L1_engine_v2_20260907-6a60a51-v6,unit-85576df92a9b2795cfb2be739f373c9d,native-80f707c13cf12936c9d12954c2274d211a4cc79de918feac7fbc7d2c9badfb3f,B4_ROOM_REPAIR_NATIVE,L1_target_destination,r8,ABSTAINED,True,False,,/group/worldcept/code/SimAny/outputs/icra2027/20260907-4f5c745-v2/sim_recon_sim/scale_up/test_dispatch/instances/native-80f707c13cf12936c9d12954c2274d211a4cc79de918feac7fbc7d2c9badfb3f/build_bindings.jsonl,fc336c6e67286e82ad74aa80b81ce2c3ba81532534ea5b1e463c40d8651126c2,inherited_target
native_test_L1_engine_v2_20260907-6a60a51-v6,unit-75062b3fbe9d05a31c9735ccaab2de01,native-80f707c13cf12936c9d12954c2274d211a4cc79de918feac7fbc7d2c9badfb3f,B4_ROOM_REPAIR_NATIVE,L1_target_destination,r9,ABSTAINED,True,False,,/group/worldcept/code/SimAny/outputs/icra2027/20260907-4f5c745-v2/sim_recon_sim/scale_up/test_dispatch/instances/native-80f707c13cf12936c9d12954c2274d211a4cc79de918feac7fbc7d2c9badfb3f/build_bindings.jsonl,fc336c6e67286e82ad74aa80b81ce2c3ba81532534ea5b1e463c40d8651126c2,inherited_target
native_test_L1_engine_v2_20260907-6a60a51-v6,unit-da2ab367552d22c2589299420cbe97d6,native-d7714c3fec848a3bf67f6b0da7de97d52bc4b8ea7dc6a108289477cf133845c6,B4_ROOM_REPAIR_NATIVE,L1_target_destination,r0,ABSTAINED,True,False,,/group/worldcept/code/SimAny/outputs/icra2027/20260907-b9f3cfc-v1/sim_recon_sim/scale_up/l1_test_context/cases/slot-2f6c62aa315526353ed7/B4_ROOM_REPAIR_NATIVE/build_manifest.json,d4c3595e0e96b8b8cda7aa0bc534ba68cb920f6c69dc0f26f14f0bccb896e50a,additional_scope
native_test_L1_engine_v2_20260907-6a60a51-v6,unit-f04a220cb4a6a9714947b086453fb54f,native-d7714c3fec848a3bf67f6b0da7de97d52bc4b8ea7dc6a108289477cf133845c6,B4_ROOM_REPAIR_NATIVE,L1_target_destination,r1,ABSTAINED,True,False,,/group/worldcept/code/SimAny/outputs/icra2027/20260907-b9f3cfc-v1/sim_recon_sim/scale_up/l1_test_context/cases/slot-2f6c62aa315526353ed7/B4_ROOM_REPAIR_NATIVE/build_manifest.json,d4c3595e0e96b8b8cda7aa0bc534ba68cb920f6c69dc0f26f14f0bccb896e50a,additional_scope
native_test_L1_engine_v2_20260907-6a60a51-v6,unit-4f6b097983acd3f213a15b4e0b9faf14,native-d7714c3fec848a3bf67f6b0da7de97d52bc4b8ea7dc6a108289477cf133845c6,B4_ROOM_REPAIR_NATIVE,L1_target_destination,r2,ABSTAINED,True,False,,/group/worldcept/code/SimAny/outputs/icra2027/20260907-b9f3cfc-v1/sim_recon_sim/scale_up/l1_test_context/cases/slot-2f6c62aa315526353ed7/B4_ROOM_REPAIR_NATIVE/build_manifest.json,d4c3595e0e96b8b8cda7aa0bc534ba68cb920f6c69dc0f26f14f0bccb896e50a,additional_scope
native_test_L1_engine_v2_20260907-6a60a51-v6,unit-a4604942c9baaf498e3d965ee5615aaf,native-d7714c3fec848a3bf67f6b0da7de97d52bc4b8ea7dc6a108289477cf133845c6,B4_ROOM_REPAIR_NATIVE,L1_target_destination,r3,ABSTAINED,True,False,,/group/worldcept/code/SimAny/outputs/icra2027/20260907-b9f3cfc-v1/sim_recon_sim/scale_up/l1_test_context/cases/slot-2f6c62aa315526353ed7/B4_ROOM_REPAIR_NATIVE/build_manifest.json,d4c3595e0e96b8b8cda7aa0bc534ba68cb920f6c69dc0f26f14f0bccb896e50a,additional_scope
native_test_L1_engine_v2_20260907-6a60a51-v6,unit-0ea64cb2c950cdb333f2372bcee0d582,native-d7714c3fec848a3bf67f6b0da7de97d52bc4b8ea7dc6a108289477cf133845c6,B4_ROOM_REPAIR_NATIVE,L1_target_destination,r4,ABSTAINED,True,False,,/group/worldcept/code/SimAny/outputs/icra2027/20260907-b9f3cfc-v1/sim_recon_sim/scale_up/l1_test_context/cases/slot-2f6c62aa315526353ed7/B4_ROOM_REPAIR_NATIVE/build_manifest.json,d4c3595e0e96b8b8cda7aa0bc534ba68cb920f6c69dc0f26f14f0bccb896e50a,additional_scope
native_test_L1_engine_v2_20260907-6a60a51-v6,unit-ca2ee5d8e7418f433ea780ea319fd0a1,native-d7714c3fec848a3bf67f6b0da7de97d52bc4b8ea7dc6a108289477cf133845c6,B4_ROOM_REPAIR_NATIVE,L1_target_destination,r5,ABSTAINED,True,False,,/group/worldcept/code/SimAny/outputs/icra2027/20260907-b9f3cfc-v1/sim_recon_sim/scale_up/l1_test_context/cases/slot-2f6c62aa315526353ed7/B4_ROOM_REPAIR_NATIVE/build_manifest.json,d4c3595e0e96b8b8cda7aa0bc534ba68cb920f6c69dc0f26f14f0bccb896e50a,additional_scope
native_test_L1_engine_v2_20260907-6a60a51-v6,unit-5929ac0d82d1cc4f51be40859818d455,native-d7714c3fec848a3bf67f6b0da7de97d52bc4b8ea7dc6a108289477cf133845c6,B4_ROOM_REPAIR_NATIVE,L1_target_destination,r6,ABSTAINED,True,False,,/group/worldcept/code/SimAny/outputs/icra2027/20260907-b9f3cfc-v1/sim_recon_sim/scale_up/l1_test_context/cases/slot-2f6c62aa315526353ed7/B4_ROOM_REPAIR_NATIVE/build_manifest.json,d4c3595e0e96b8b8cda7aa0bc534ba68cb920f6c69dc0f26f14f0bccb896e50a,additional_scope
native_test_L1_engine_v2_20260907-6a60a51-v6,unit-a9633ad50e83d820c22957367fba8c8c,native-d7714c3fec848a3bf67f6b0da7de97d52bc4b8ea7dc6a108289477cf133845c6,B4_ROOM_REPAIR_NATIVE,L1_target_destination,r7,ABSTAINED,True,False,,/group/worldcept/code/SimAny/outputs/icra2027/20260907-b9f3cfc-v1/sim_recon_sim/scale_up/l1_test_context/cases/slot-2f6c62aa315526353ed7/B4_ROOM_REPAIR_NATIVE/build_manifest.json,d4c3595e0e96b8b8cda7aa0bc534ba68cb920f6c69dc0f26f14f0bccb896e50a,additional_scope
native_test_L1_engine_v2_20260907-6a60a51-v6,unit-24d8059def11397981d14edd14537e17,native-d7714c3fec848a3bf67f6b0da7de97d52bc4b8ea7dc6a108289477cf133845c6,B4_ROOM_REPAIR_NATIVE,L1_target_destination,r8,ABSTAINED,True,False,,/group/worldcept/code/SimAny/outputs/icra2027/20260907-b9f3cfc-v1/sim_recon_sim/scale_up/l1_test_context/cases/slot-2f6c62aa315526353ed7/B4_ROOM_REPAIR_NATIVE/build_manifest.json,d4c3595e0e96b8b8cda7aa0bc534ba68cb920f6c69dc0f26f14f0bccb896e50a,additional_scope
native_test_L1_engine_v2_20260907-6a60a51-v6,unit-3468078defacc4036c7434c50e634421,native-d7714c3fec848a3bf67f6b0da7de97d52bc4b8ea7dc6a108289477cf133845c6,B4_ROOM_REPAIR_NATIVE,L1_target_destination,r9,ABSTAINED,True,False,,/group/worldcept/code/SimAny/outputs/icra2027/20260907-b9f3cfc-v1/sim_recon_sim/scale_up/l1_test_context/cases/slot-2f6c62aa315526353ed7/B4_ROOM_REPAIR_NATIVE/build_manifest.json,d4c3595e0e96b8b8cda7aa0bc534ba68cb920f6c69dc0f26f14f0bccb896e50a,additional_scope
native_test_L1_engine_v2_20260907-6a60a51-v6,unit-f9846308edaca51bd24d415b7c1c3a2b,native-c1d6ffb137352ef5f4f2625c933fa3a98d5801448076dc097c84c3682347eafe,B4_ROOM_REPAIR_NATIVE,L1_target_destination,r0,ABSTAINED,True,False,,/group/worldcept/code/SimAny/outputs/icra2027/20260907-4f5c745-v2/sim_recon_sim/scale_up/test_dispatch/instances/native-c1d6ffb137352ef5f4f2625c933fa3a98d5801448076dc097c84c3682347eafe/build_bindings.jsonl,b4bdcdefa992d6c7233b71f69a1d7171f4a2522e94dabbd3f509b2e816a065ae,inherited_target
native_test_L1_engine_v2_20260907-6a60a51-v6,unit-53c4b09bb0a0b68f0c2af87b47a2e415,native-c1d6ffb137352ef5f4f2625c933fa3a98d5801448076dc097c84c3682347eafe,B4_ROOM_REPAIR_NATIVE,L1_target_destination,r1,ABSTAINED,True,False,,/group/worldcept/code/SimAny/outputs/icra2027/20260907-4f5c745-v2/sim_recon_sim/scale_up/test_dispatch/instances/native-c1d6ffb137352ef5f4f2625c933fa3a98d5801448076dc097c84c3682347eafe/build_bindings.jsonl,b4bdcdefa992d6c7233b71f69a1d7171f4a2522e94dabbd3f509b2e816a065ae,inherited_target
native_test_L1_engine_v2_20260907-6a60a51-v6,unit-dd6ab58549d46a201968fa2e9abd4aff,native-c1d6ffb137352ef5f4f2625c933fa3a98d5801448076dc097c84c3682347eafe,B4_ROOM_REPAIR_NATIVE,L1_target_destination,r2,ABSTAINED,True,False,,/group/worldcept/code/SimAny/outputs/icra2027/20260907-4f5c745-v2/sim_recon_sim/scale_up/test_dispatch/instances/native-c1d6ffb137352ef5f4f2625c933fa3a98d5801448076dc097c84c3682347eafe/build_bindings.jsonl,b4bdcdefa992d6c7233b71f69a1d7171f4a2522e94dabbd3f509b2e816a065ae,inherited_target
native_test_L1_engine_v2_20260907-6a60a51-v6,unit-2e9476512f4738287195f75e3c5afdc3,native-c1d6ffb137352ef5f4f2625c933fa3a98d5801448076dc097c84c3682347eafe,B4_ROOM_REPAIR_NATIVE,L1_target_destination,r3,ABSTAINED,True,False,,/group/worldcept/code/SimAny/outputs/icra2027/20260907-4f5c745-v2/sim_recon_sim/scale_up/test_dispatch/instances/native-c1d6ffb137352ef5f4f2625c933fa3a98d5801448076dc097c84c3682347eafe/build_bindings.jsonl,b4bdcdefa992d6c7233b71f69a1d7171f4a2522e94dabbd3f509b2e816a065ae,inherited_target
native_test_L1_engine_v2_20260907-6a60a51-v6,unit-f4a969773ef374d799f25a8fa59b1e93,native-c1d6ffb137352ef5f4f2625c933fa3a98d5801448076dc097c84c3682347eafe,B4_ROOM_REPAIR_NATIVE,L1_target_destination,r4,ABSTAINED,True,False,,/group/worldcept/code/SimAny/outputs/icra2027/20260907-4f5c745-v2/sim_recon_sim/scale_up/test_dispatch/instances/native-c1d6ffb137352ef5f4f2625c933fa3a98d5801448076dc097c84c3682347eafe/build_bindings.jsonl,b4bdcdefa992d6c7233b71f69a1d7171f4a2522e94dabbd3f509b2e816a065ae,inherited_target
native_test_L1_engine_v2_20260907-6a60a51-v6,unit-990b8cb6c329df344b7eabcc5a82599d,native-c1d6ffb137352ef5f4f2625c933fa3a98d5801448076dc097c84c3682347eafe,B4_ROOM_REPAIR_NATIVE,L1_target_destination,r5,ABSTAINED,True,False,,/group/worldcept/code/SimAny/outputs/icra2027/20260907-4f5c745-v2/sim_recon_sim/scale_up/test_dispatch/instances/native-c1d6ffb137352ef5f4f2625c933fa3a98d5801448076dc097c84c3682347eafe/build_bindings.jsonl,b4bdcdefa992d6c7233b71f69a1d7171f4a2522e94dabbd3f509b2e816a065ae,inherited_target
native_test_L1_engine_v2_20260907-6a60a51-v6,unit-032eba3cab8de3baef4ecaac9915f515,native-c1d6ffb137352ef5f4f2625c933fa3a98d5801448076dc097c84c3682347eafe,B4_ROOM_REPAIR_NATIVE,L1_target_destination,r6,ABSTAINED,True,False,,/group/worldcept/code/SimAny/outputs/icra2027/20260907-4f5c745-v2/sim_recon_sim/scale_up/test_dispatch/instances/native-c1d6ffb137352ef5f4f2625c933fa3a98d5801448076dc097c84c3682347eafe/build_bindings.jsonl,b4bdcdefa992d6c7233b71f69a1d7171f4a2522e94dabbd3f509b2e816a065ae,inherited_target
native_test_L1_engine_v2_20260907-6a60a51-v6,unit-82b41a54ba89fa67b61d4487e057483c,native-c1d6ffb137352ef5f4f2625c933fa3a98d5801448076dc097c84c3682347eafe,B4_ROOM_REPAIR_NATIVE,L1_target_destination,r7,ABSTAINED,True,False,,/group/worldcept/code/SimAny/outputs/icra2027/20260907-4f5c745-v2/sim_recon_sim/scale_up/test_dispatch/instances/native-c1d6ffb137352ef5f4f2625c933fa3a98d5801448076dc097c84c3682347eafe/build_bindings.jsonl,b4bdcdefa992d6c7233b71f69a1d7171f4a2522e94dabbd3f509b2e816a065ae,inherited_target
native_test_L1_engine_v2_20260907-6a60a51-v6,unit-43fd6ef4bbeef8f7cf851e712b441520,native-c1d6ffb137352ef5f4f2625c933fa3a98d5801448076dc097c84c3682347eafe,B4_ROOM_REPAIR_NATIVE,L1_target_destination,r8,ABSTAINED,True,False,,/group/worldcept/code/SimAny/outputs/icra2027/20260907-4f5c745-v2/sim_recon_sim/scale_up/test_dispatch/instances/native-c1d6ffb137352ef5f4f2625c933fa3a98d5801448076dc097c84c3682347eafe/build_bindings.jsonl,b4bdcdefa992d6c7233b71f69a1d7171f4a2522e94dabbd3f509b2e816a065ae,inherited_target
native_test_L1_engine_v2_20260907-6a60a51-v6,unit-179b165948fe075dd72041783c1b83a2,native-c1d6ffb137352ef5f4f2625c933fa3a98d5801448076dc097c84c3682347eafe,B4_ROOM_REPAIR_NATIVE,L1_target_destination,r9,ABSTAINED,True,False,,/group/worldcept/code/SimAny/outputs/icra2027/20260907-4f5c745-v2/sim_recon_sim/scale_up/test_dispatch/instances/native-c1d6ffb137352ef5f4f2625c933fa3a98d5801448076dc097c84c3682347eafe/build_bindings.jsonl,b4bdcdefa992d6c7233b71f69a1d7171f4a2522e94dabbd3f509b2e816a065ae,inherited_target
native_test_L1_engine_v2_20260907-6a60a51-v6,unit-c7c062d955e31dc9c3857372423617ef,native-a12fe0e2847088d392dce3bcce13e2c38b9b44fdee64c033b391ca4033780c40,B4_ROOM_REPAIR_NATIVE,L1_target_destination,r0,BUILD_FAILED,True,False,,/group/worldcept/code/SimAny/outputs/icra2027/20260907-4f5c745-v2/sim_recon_sim/scale_up/test_dispatch/instances/native-a12fe0e2847088d392dce3bcce13e2c38b9b44fdee64c033b391ca4033780c40/build_bindings.jsonl,eca95c62f9257e228611190896d29503e03fb2046dc739a48582d9eb62c22567,inherited_target
native_test_L1_engine_v2_20260907-6a60a51-v6,unit-417f2ae2c6f22aa6a001e2c46e1eeaab,native-a12fe0e2847088d392dce3bcce13e2c38b9b44fdee64c033b391ca4033780c40,B4_ROOM_REPAIR_NATIVE,L1_target_destination,r1,BUILD_FAILED,True,False,,/group/worldcept/code/SimAny/outputs/icra2027/20260907-4f5c745-v2/sim_recon_sim/scale_up/test_dispatch/instances/native-a12fe0e2847088d392dce3bcce13e2c38b9b44fdee64c033b391ca4033780c40/build_bindings.jsonl,eca95c62f9257e228611190896d29503e03fb2046dc739a48582d9eb62c22567,inherited_target
native_test_L1_engine_v2_20260907-6a60a51-v6,unit-9a61783fbe6b050fa8f4e3a7c0339efa,native-a12fe0e2847088d392dce3bcce13e2c38b9b44fdee64c033b391ca4033780c40,B4_ROOM_REPAIR_NATIVE,L1_target_destination,r2,BUILD_FAILED,True,False,,/group/worldcept/code/SimAny/outputs/icra2027/20260907-4f5c745-v2/sim_recon_sim/scale_up/test_dispatch/instances/native-a12fe0e2847088d392dce3bcce13e2c38b9b44fdee64c033b391ca4033780c40/build_bindings.jsonl,eca95c62f9257e228611190896d29503e03fb2046dc739a48582d9eb62c22567,inherited_target
native_test_L1_engine_v2_20260907-6a60a51-v6,unit-79818a3423d8f25ad5bc72575e436aa3,native-a12fe0e2847088d392dce3bcce13e2c38b9b44fdee64c033b391ca4033780c40,B4_ROOM_REPAIR_NATIVE,L1_target_destination,r3,BUILD_FAILED,True,False,,/group/worldcept/code/SimAny/outputs/icra2027/20260907-4f5c745-v2/sim_recon_sim/scale_up/test_dispatch/instances/native-a12fe0e2847088d392dce3bcce13e2c38b9b44fdee64c033b391ca4033780c40/build_bindings.jsonl,eca95c62f9257e228611190896d29503e03fb2046dc739a48582d9eb62c22567,inherited_target
native_test_L1_engine_v2_20260907-6a60a51-v6,unit-51bb57dcba8d32c8a29ee34fb81625d9,native-a12fe0e2847088d392dce3bcce13e2c38b9b44fdee64c033b391ca4033780c40,B4_ROOM_REPAIR_NATIVE,L1_target_destination,r4,BUILD_FAILED,True,False,,/group/worldcept/code/SimAny/outputs/icra2027/20260907-4f5c745-v2/sim_recon_sim/scale_up/test_dispatch/instances/native-a12fe0e2847088d392dce3bcce13e2c38b9b44fdee64c033b391ca4033780c40/build_bindings.jsonl,eca95c62f9257e228611190896d29503e03fb2046dc739a48582d9eb62c22567,inherited_target
native_test_L1_engine_v2_20260907-6a60a51-v6,unit-383a012e5c3cb38e5011d7a925303182,native-a12fe0e2847088d392dce3bcce13e2c38b9b44fdee64c033b391ca4033780c40,B4_ROOM_REPAIR_NATIVE,L1_target_destination,r5,BUILD_FAILED,True,False,,/group/worldcept/code/SimAny/outputs/icra2027/20260907-4f5c745-v2/sim_recon_sim/scale_up/test_dispatch/instances/native-a12fe0e2847088d392dce3bcce13e2c38b9b44fdee64c033b391ca4033780c40/build_bindings.jsonl,eca95c62f9257e228611190896d29503e03fb2046dc739a48582d9eb62c22567,inherited_target
native_test_L1_engine_v2_20260907-6a60a51-v6,unit-d9db16df181bc76e77687477bc7f843f,native-a12fe0e2847088d392dce3bcce13e2c38b9b44fdee64c033b391ca4033780c40,B4_ROOM_REPAIR_NATIVE,L1_target_destination,r6,BUILD_FAILED,True,False,,/group/worldcept/code/SimAny/outputs/icra2027/20260907-4f5c745-v2/sim_recon_sim/scale_up/test_dispatch/instances/native-a12fe0e2847088d392dce3bcce13e2c38b9b44fdee64c033b391ca4033780c40/build_bindings.jsonl,eca95c62f9257e228611190896d29503e03fb2046dc739a48582d9eb62c22567,inherited_target
native_test_L1_engine_v2_20260907-6a60a51-v6,unit-30633f276642a960959751a1fd9af1ff,native-a12fe0e2847088d392dce3bcce13e2c38b9b44fdee64c033b391ca4033780c40,B4_ROOM_REPAIR_NATIVE,L1_target_destination,r7,BUILD_FAILED,True,False,,/group/worldcept/code/SimAny/outputs/icra2027/20260907-4f5c745-v2/sim_recon_sim/scale_up/test_dispatch/instances/native-a12fe0e2847088d392dce3bcce13e2c38b9b44fdee64c033b391ca4033780c40/build_bindings.jsonl,eca95c62f9257e228611190896d29503e03fb2046dc739a48582d9eb62c22567,inherited_target
native_test_L1_engine_v2_20260907-6a60a51-v6,unit-a12b0a3e308369e98c8490e1069b57ac,native-a12fe0e2847088d392dce3bcce13e2c38b9b44fdee64c033b391ca4033780c40,B4_ROOM_REPAIR_NATIVE,L1_target_destination,r8,BUILD_FAILED,True,False,,/group/worldcept/code/SimAny/outputs/icra2027/20260907-4f5c745-v2/sim_recon_sim/scale_up/test_dispatch/instances/native-a12fe0e2847088d392dce3bcce13e2c38b9b44fdee64c033b391ca4033780c40/build_bindings.jsonl,eca95c62f9257e228611190896d29503e03fb2046dc739a48582d9eb62c22567,inherited_target
native_test_L1_engine_v2_20260907-6a60a51-v6,unit-362828921ddcc2b166e5c3312ae25acc,native-a12fe0e2847088d392dce3bcce13e2c38b9b44fdee64c033b391ca4033780c40,B4_ROOM_REPAIR_NATIVE,L1_target_destination,r9,BUILD_FAILED,True,False,,/group/worldcept/code/SimAny/outputs/icra2027/20260907-4f5c745-v2/sim_recon_sim/scale_up/test_dispatch/instances/native-a12fe0e2847088d392dce3bcce13e2c38b9b44fdee64c033b391ca4033780c40/build_bindings.jsonl,eca95c62f9257e228611190896d29503e03fb2046dc739a48582d9eb62c22567,inherited_target
native_test_L1_engine_v2_20260907-6a60a51-v6,unit-0ef3fddbbf54f0d572948f5acad6c1ae,native-3438e9650ba6757891d3d71c1156b527a4a8e997ce65a3be1d1490db3ac19e43,B4_ROOM_REPAIR_NATIVE,L1_target_destination,r0,BUILD_FAILED,True,False,,/group/worldcept/code/SimAny/outputs/icra2027/20260907-4f5c745-v2/sim_recon_sim/scale_up/test_dispatch/instances/native-3438e9650ba6757891d3d71c1156b527a4a8e997ce65a3be1d1490db3ac19e43/build_bindings.jsonl,576ef8da20fed7522145630ae124424051c46c2fea7696ac8f109e7ef686ecd1,inherited_target
native_test_L1_engine_v2_20260907-6a60a51-v6,unit-0a5d2c540f4c09eebc7857a5cf468008,native-3438e9650ba6757891d3d71c1156b527a4a8e997ce65a3be1d1490db3ac19e43,B4_ROOM_REPAIR_NATIVE,L1_target_destination,r1,BUILD_FAILED,True,False,,/group/worldcept/code/SimAny/outputs/icra2027/20260907-4f5c745-v2/sim_recon_sim/scale_up/test_dispatch/instances/native-3438e9650ba6757891d3d71c1156b527a4a8e997ce65a3be1d1490db3ac19e43/build_bindings.jsonl,576ef8da20fed7522145630ae124424051c46c2fea7696ac8f109e7ef686ecd1,inherited_target
native_test_L1_engine_v2_20260907-6a60a51-v6,unit-e0e403aca4f9536f4c0ba62fbbd2eca8,native-3438e9650ba6757891d3d71c1156b527a4a8e997ce65a3be1d1490db3ac19e43,B4_ROOM_REPAIR_NATIVE,L1_target_destination,r2,BUILD_FAILED,True,False,,/group/worldcept/code/SimAny/outputs/icra2027/20260907-4f5c745-v2/sim_recon_sim/scale_up/test_dispatch/instances/native-3438e9650ba6757891d3d71c1156b527a4a8e997ce65a3be1d1490db3ac19e43/build_bindings.jsonl,576ef8da20fed7522145630ae124424051c46c2fea7696ac8f109e7ef686ecd1,inherited_target
native_test_L1_engine_v2_20260907-6a60a51-v6,unit-0ce2762df612f1115f063176e6d8c8f9,native-3438e9650ba6757891d3d71c1156b527a4a8e997ce65a3be1d1490db3ac19e43,B4_ROOM_REPAIR_NATIVE,L1_target_destination,r3,BUILD_FAILED,True,False,,/group/worldcept/code/SimAny/outputs/icra2027/20260907-4f5c745-v2/sim_recon_sim/scale_up/test_dispatch/instances/native-3438e9650ba6757891d3d71c1156b527a4a8e997ce65a3be1d1490db3ac19e43/build_bindings.jsonl,576ef8da20fed7522145630ae124424051c46c2fea7696ac8f109e7ef686ecd1,inherited_target
native_test_L1_engine_v2_20260907-6a60a51-v6,unit-4dc3f75b9e4ae3571bbd5510383a7aad,native-3438e9650ba6757891d3d71c1156b527a4a8e997ce65a3be1d1490db3ac19e43,B4_ROOM_REPAIR_NATIVE,L1_target_destination,r4,BUILD_FAILED,True,False,,/group/worldcept/code/SimAny/outputs/icra2027/20260907-4f5c745-v2/sim_recon_sim/scale_up/test_dispatch/instances/native-3438e9650ba6757891d3d71c1156b527a4a8e997ce65a3be1d1490db3ac19e43/build_bindings.jsonl,576ef8da20fed7522145630ae124424051c46c2fea7696ac8f109e7ef686ecd1,inherited_target
native_test_L1_engine_v2_20260907-6a60a51-v6,unit-2f647b867a5ad1b5daf7a53c5a81050a,native-3438e9650ba6757891d3d71c1156b527a4a8e997ce65a3be1d1490db3ac19e43,B4_ROOM_REPAIR_NATIVE,L1_target_destination,r5,BUILD_FAILED,True,False,,/group/worldcept/code/SimAny/outputs/icra2027/20260907-4f5c745-v2/sim_recon_sim/scale_up/test_dispatch/instances/native-3438e9650ba6757891d3d71c1156b527a4a8e997ce65a3be1d1490db3ac19e43/build_bindings.jsonl,576ef8da20fed7522145630ae124424051c46c2fea7696ac8f109e7ef686ecd1,inherited_target
native_test_L1_engine_v2_20260907-6a60a51-v6,unit-5ed550ee7407282645334862f17e8514,native-3438e9650ba6757891d3d71c1156b527a4a8e997ce65a3be1d1490db3ac19e43,B4_ROOM_REPAIR_NATIVE,L1_target_destination,r6,BUILD_FAILED,True,False,,/group/worldcept/code/SimAny/outputs/icra2027/20260907-4f5c745-v2/sim_recon_sim/scale_up/test_dispatch/instances/native-3438e9650ba6757891d3d71c1156b527a4a8e997ce65a3be1d1490db3ac19e43/build_bindings.jsonl,576ef8da20fed7522145630ae124424051c46c2fea7696ac8f109e7ef686ecd1,inherited_target
native_test_L1_engine_v2_20260907-6a60a51-v6,unit-e7bf250a941aba3d90ffcde4d03e9980,native-3438e9650ba6757891d3d71c1156b527a4a8e997ce65a3be1d1490db3ac19e43,B4_ROOM_REPAIR_NATIVE,L1_target_destination,r7,BUILD_FAILED,True,False,,/group/worldcept/code/SimAny/outputs/icra2027/20260907-4f5c745-v2/sim_recon_sim/scale_up/test_dispatch/instances/native-3438e9650ba6757891d3d71c1156b527a4a8e997ce65a3be1d1490db3ac19e43/build_bindings.jsonl,576ef8da20fed7522145630ae124424051c46c2fea7696ac8f109e7ef686ecd1,inherited_target
native_test_L1_engine_v2_20260907-6a60a51-v6,unit-aaeefc9db6301daa45dc185443695e99,native-3438e9650ba6757891d3d71c1156b527a4a8e997ce65a3be1d1490db3ac19e43,B4_ROOM_REPAIR_NATIVE,L1_target_destination,r8,BUILD_FAILED,True,False,,/group/worldcept/code/SimAny/outputs/icra2027/20260907-4f5c745-v2/sim_recon_sim/scale_up/test_dispatch/instances/native-3438e9650ba6757891d3d71c1156b527a4a8e997ce65a3be1d1490db3ac19e43/build_bindings.jsonl,576ef8da20fed7522145630ae124424051c46c2fea7696ac8f109e7ef686ecd1,inherited_target
native_test_L1_engine_v2_20260907-6a60a51-v6,unit-34a60671479d4ce8a089ebae26ba426a,native-3438e9650ba6757891d3d71c1156b527a4a8e997ce65a3be1d1490db3ac19e43,B4_ROOM_REPAIR_NATIVE,L1_target_destination,r9,BUILD_FAILED,True,False,,/group/worldcept/code/SimAny/outputs/icra2027/20260907-4f5c745-v2/sim_recon_sim/scale_up/test_dispatch/instances/native-3438e9650ba6757891d3d71c1156b527a4a8e997ce65a3be1d1490db3ac19e43/build_bindings.jsonl,576ef8da20fed7522145630ae124424051c46c2fea7696ac8f109e7ef686ecd1,inherited_target
native_test_L1_engine_v2_20260907-6a60a51-v6,unit-d7c7658aeebd677195a1b7e39aebe03d,native-0f2e77b6fa5316e3c64b6b85dee8d7e7960ac05e5c460bf4ef6f13b1ad62a34d,B4_ROOM_REPAIR_NATIVE,L1_target_destination,r0,BUILD_FAILED,True,False,,/group/worldcept/code/SimAny/outputs/icra2027/20260907-2cc8928-v1/sim_recon_sim/scale_up/scope_test_preparation/destination_builds/slot-b71bfe57283b5544b303/build_failure.json,af52cf0c93a4cc21cc8e830ebb96d12e174a10bdc7037dd15ce5a3ec1d90c300,additional_scope
native_test_L1_engine_v2_20260907-6a60a51-v6,unit-da5a8e81fb19777f405b6c427a49e741,native-0f2e77b6fa5316e3c64b6b85dee8d7e7960ac05e5c460bf4ef6f13b1ad62a34d,B4_ROOM_REPAIR_NATIVE,L1_target_destination,r1,BUILD_FAILED,True,False,,/group/worldcept/code/SimAny/outputs/icra2027/20260907-2cc8928-v1/sim_recon_sim/scale_up/scope_test_preparation/destination_builds/slot-b71bfe57283b5544b303/build_failure.json,af52cf0c93a4cc21cc8e830ebb96d12e174a10bdc7037dd15ce5a3ec1d90c300,additional_scope
native_test_L1_engine_v2_20260907-6a60a51-v6,unit-b50fc0f297193aa28bbbf1567865dd2c,native-0f2e77b6fa5316e3c64b6b85dee8d7e7960ac05e5c460bf4ef6f13b1ad62a34d,B4_ROOM_REPAIR_NATIVE,L1_target_destination,r2,BUILD_FAILED,True,False,,/group/worldcept/code/SimAny/outputs/icra2027/20260907-2cc8928-v1/sim_recon_sim/scale_up/scope_test_preparation/destination_builds/slot-b71bfe57283b5544b303/build_failure.json,af52cf0c93a4cc21cc8e830ebb96d12e174a10bdc7037dd15ce5a3ec1d90c300,additional_scope
native_test_L1_engine_v2_20260907-6a60a51-v6,unit-c29c1485007076ba8e43aef949d13778,native-0f2e77b6fa5316e3c64b6b85dee8d7e7960ac05e5c460bf4ef6f13b1ad62a34d,B4_ROOM_REPAIR_NATIVE,L1_target_destination,r3,BUILD_FAILED,True,False,,/group/worldcept/code/SimAny/outputs/icra2027/20260907-2cc8928-v1/sim_recon_sim/scale_up/scope_test_preparation/destination_builds/slot-b71bfe57283b5544b303/build_failure.json,af52cf0c93a4cc21cc8e830ebb96d12e174a10bdc7037dd15ce5a3ec1d90c300,additional_scope
native_test_L1_engine_v2_20260907-6a60a51-v6,unit-5826f94621b374c92652f3dd9cf5a6a0,native-0f2e77b6fa5316e3c64b6b85dee8d7e7960ac05e5c460bf4ef6f13b1ad62a34d,B4_ROOM_REPAIR_NATIVE,L1_target_destination,r4,BUILD_FAILED,True,False,,/group/worldcept/code/SimAny/outputs/icra2027/20260907-2cc8928-v1/sim_recon_sim/scale_up/scope_test_preparation/destination_builds/slot-b71bfe57283b5544b303/build_failure.json,af52cf0c93a4cc21cc8e830ebb96d12e174a10bdc7037dd15ce5a3ec1d90c300,additional_scope
native_test_L1_engine_v2_20260907-6a60a51-v6,unit-2d678e3d60f9a21dc493f10c54833fa7,native-0f2e77b6fa5316e3c64b6b85dee8d7e7960ac05e5c460bf4ef6f13b1ad62a34d,B4_ROOM_REPAIR_NATIVE,L1_target_destination,r5,BUILD_FAILED,True,False,,/group/worldcept/code/SimAny/outputs/icra2027/20260907-2cc8928-v1/sim_recon_sim/scale_up/scope_test_preparation/destination_builds/slot-b71bfe57283b5544b303/build_failure.json,af52cf0c93a4cc21cc8e830ebb96d12e174a10bdc7037dd15ce5a3ec1d90c300,additional_scope
native_test_L1_engine_v2_20260907-6a60a51-v6,unit-b00b1535032058af27419a6453966838,native-0f2e77b6fa5316e3c64b6b85dee8d7e7960ac05e5c460bf4ef6f13b1ad62a34d,B4_ROOM_REPAIR_NATIVE,L1_target_destination,r6,BUILD_FAILED,True,False,,/group/worldcept/code/SimAny/outputs/icra2027/20260907-2cc8928-v1/sim_recon_sim/scale_up/scope_test_preparation/destination_builds/slot-b71bfe57283b5544b303/build_failure.json,af52cf0c93a4cc21cc8e830ebb96d12e174a10bdc7037dd15ce5a3ec1d90c300,additional_scope
native_test_L1_engine_v2_20260907-6a60a51-v6,unit-639416e7f0382646285fb6accca819ee,native-0f2e77b6fa5316e3c64b6b85dee8d7e7960ac05e5c460bf4ef6f13b1ad62a34d,B4_ROOM_REPAIR_NATIVE,L1_target_destination,r7,BUILD_FAILED,True,False,,/group/worldcept/code/SimAny/outputs/icra2027/20260907-2cc8928-v1/sim_recon_sim/scale_up/scope_test_preparation/destination_builds/slot-b71bfe57283b5544b303/build_failure.json,af52cf0c93a4cc21cc8e830ebb96d12e174a10bdc7037dd15ce5a3ec1d90c300,additional_scope
native_test_L1_engine_v2_20260907-6a60a51-v6,unit-cc682edb3ff3390ae05ea2f0f3fd1f2c,native-0f2e77b6fa5316e3c64b6b85dee8d7e7960ac05e5c460bf4ef6f13b1ad62a34d,B4_ROOM_REPAIR_NATIVE,L1_target_destination,r8,BUILD_FAILED,True,False,,/group/worldcept/code/SimAny/outputs/icra2027/20260907-2cc8928-v1/sim_recon_sim/scale_up/scope_test_preparation/destination_builds/slot-b71bfe57283b5544b303/build_failure.json,af52cf0c93a4cc21cc8e830ebb96d12e174a10bdc7037dd15ce5a3ec1d90c300,additional_scope
native_test_L1_engine_v2_20260907-6a60a51-v6,unit-588b81df9e6004a4d11d9f07eb9d219b,native-0f2e77b6fa5316e3c64b6b85dee8d7e7960ac05e5c460bf4ef6f13b1ad62a34d,B4_ROOM_REPAIR_NATIVE,L1_target_destination,r9,BUILD_FAILED,True,False,,/group/worldcept/code/SimAny/outputs/icra2027/20260907-2cc8928-v1/sim_recon_sim/scale_up/scope_test_preparation/destination_builds/slot-b71bfe57283b5544b303/build_failure.json,af52cf0c93a4cc21cc8e830ebb96d12e174a10bdc7037dd15ce5a3ec1d90c300,additional_scope
native_test_L1_engine_v2_20260907-6a60a51-v6,unit-3217ce0426a2c7e2079783de6e8850ba,native-c4174ea32309fcb64348aec128ee3365bbbd3fe1f46e0428b3bc369f09bd6486,B4_ROOM_REPAIR_NATIVE,L1_target_destination,r0,ABSTAINED,True,False,,/group/worldcept/code/SimAny/outputs/icra2027/20260907-b9f3cfc-v1/sim_recon_sim/scale_up/l1_test_context/cases/slot-6333257a6aac6b528b94/B4_ROOM_REPAIR_NATIVE/build_manifest.json,1883456d194304dd693de6d4408eb2a09ea1e25f278e688ae7031383c950096b,additional_scope
native_test_L1_engine_v2_20260907-6a60a51-v6,unit-fea41e761a6a8222df07c2175cc03636,native-c4174ea32309fcb64348aec128ee3365bbbd3fe1f46e0428b3bc369f09bd6486,B4_ROOM_REPAIR_NATIVE,L1_target_destination,r1,ABSTAINED,True,False,,/group/worldcept/code/SimAny/outputs/icra2027/20260907-b9f3cfc-v1/sim_recon_sim/scale_up/l1_test_context/cases/slot-6333257a6aac6b528b94/B4_ROOM_REPAIR_NATIVE/build_manifest.json,1883456d194304dd693de6d4408eb2a09ea1e25f278e688ae7031383c950096b,additional_scope
native_test_L1_engine_v2_20260907-6a60a51-v6,unit-e6100f34bc853c649b4f3f51dfe864a1,native-c4174ea32309fcb64348aec128ee3365bbbd3fe1f46e0428b3bc369f09bd6486,B4_ROOM_REPAIR_NATIVE,L1_target_destination,r2,ABSTAINED,True,False,,/group/worldcept/code/SimAny/outputs/icra2027/20260907-b9f3cfc-v1/sim_recon_sim/scale_up/l1_test_context/cases/slot-6333257a6aac6b528b94/B4_ROOM_REPAIR_NATIVE/build_manifest.json,1883456d194304dd693de6d4408eb2a09ea1e25f278e688ae7031383c950096b,additional_scope
native_test_L1_engine_v2_20260907-6a60a51-v6,unit-43e612e6cddc30fcd4b22fe78f830616,native-c4174ea32309fcb64348aec128ee3365bbbd3fe1f46e0428b3bc369f09bd6486,B4_ROOM_REPAIR_NATIVE,L1_target_destination,r3,ABSTAINED,True,False,,/group/worldcept/code/SimAny/outputs/icra2027/20260907-b9f3cfc-v1/sim_recon_sim/scale_up/l1_test_context/cases/slot-6333257a6aac6b528b94/B4_ROOM_REPAIR_NATIVE/build_manifest.json,1883456d194304dd693de6d4408eb2a09ea1e25f278e688ae7031383c950096b,additional_scope
native_test_L1_engine_v2_20260907-6a60a51-v6,unit-f7efabe9045c4c08c704735e029e8683,native-c4174ea32309fcb64348aec128ee3365bbbd3fe1f46e0428b3bc369f09bd6486,B4_ROOM_REPAIR_NATIVE,L1_target_destination,r4,ABSTAINED,True,False,,/group/worldcept/code/SimAny/outputs/icra2027/20260907-b9f3cfc-v1/sim_recon_sim/scale_up/l1_test_context/cases/slot-6333257a6aac6b528b94/B4_ROOM_REPAIR_NATIVE/build_manifest.json,1883456d194304dd693de6d4408eb2a09ea1e25f278e688ae7031383c950096b,additional_scope
native_test_L1_engine_v2_20260907-6a60a51-v6,unit-08c8c346d61982f5b81caa7e5ea1eacc,native-c4174ea32309fcb64348aec128ee3365bbbd3fe1f46e0428b3bc369f09bd6486,B4_ROOM_REPAIR_NATIVE,L1_target_destination,r5,ABSTAINED,True,False,,/group/worldcept/code/SimAny/outputs/icra2027/20260907-b9f3cfc-v1/sim_recon_sim/scale_up/l1_test_context/cases/slot-6333257a6aac6b528b94/B4_ROOM_REPAIR_NATIVE/build_manifest.json,1883456d194304dd693de6d4408eb2a09ea1e25f278e688ae7031383c950096b,additional_scope
native_test_L1_engine_v2_20260907-6a60a51-v6,unit-a20607253fd097f5cd98d01d2aa01449,native-c4174ea32309fcb64348aec128ee3365bbbd3fe1f46e0428b3bc369f09bd6486,B4_ROOM_REPAIR_NATIVE,L1_target_destination,r6,ABSTAINED,True,False,,/group/worldcept/code/SimAny/outputs/icra2027/20260907-b9f3cfc-v1/sim_recon_sim/scale_up/l1_test_context/cases/slot-6333257a6aac6b528b94/B4_ROOM_REPAIR_NATIVE/build_manifest.json,1883456d194304dd693de6d4408eb2a09ea1e25f278e688ae7031383c950096b,additional_scope
native_test_L1_engine_v2_20260907-6a60a51-v6,unit-abebe6b0517c1a78ad63225dfeb84c63,native-c4174ea32309fcb64348aec128ee3365bbbd3fe1f46e0428b3bc369f09bd6486,B4_ROOM_REPAIR_NATIVE,L1_target_destination,r7,ABSTAINED,True,False,,/group/worldcept/code/SimAny/outputs/icra2027/20260907-b9f3cfc-v1/sim_recon_sim/scale_up/l1_test_context/cases/slot-6333257a6aac6b528b94/B4_ROOM_REPAIR_NATIVE/build_manifest.json,1883456d194304dd693de6d4408eb2a09ea1e25f278e688ae7031383c950096b,additional_scope
native_test_L1_engine_v2_20260907-6a60a51-v6,unit-d64356f1942c79ca8ada506ad0cf9ad0,native-c4174ea32309fcb64348aec128ee3365bbbd3fe1f46e0428b3bc369f09bd6486,B4_ROOM_REPAIR_NATIVE,L1_target_destination,r8,ABSTAINED,True,False,,/group/worldcept/code/SimAny/outputs/icra2027/20260907-b9f3cfc-v1/sim_recon_sim/scale_up/l1_test_context/cases/slot-6333257a6aac6b528b94/B4_ROOM_REPAIR_NATIVE/build_manifest.json,1883456d194304dd693de6d4408eb2a09ea1e25f278e688ae7031383c950096b,additional_scope
native_test_L1_engine_v2_20260907-6a60a51-v6,unit-69a7f4750756d36cc6cdab47bfce5623,native-c4174ea32309fcb64348aec128ee3365bbbd3fe1f46e0428b3bc369f09bd6486,B4_ROOM_REPAIR_NATIVE,L1_target_destination,r9,ABSTAINED,True,False,,/group/worldcept/code/SimAny/outputs/icra2027/20260907-b9f3cfc-v1/sim_recon_sim/scale_up/l1_test_context/cases/slot-6333257a6aac6b528b94/B4_ROOM_REPAIR_NATIVE/build_manifest.json,1883456d194304dd693de6d4408eb2a09ea1e25f278e688ae7031383c950096b,additional_scope
native_test_L1_engine_v2_20260907-6a60a51-v6,unit-7031638c9861208348ae5ff05ee8a923,native-cfcb44d635255d3a292d64d3af7a8daad31c33edcb3a5b6af5055867b6381bcd,B4_ROOM_REPAIR_NATIVE,L1_target_destination,r0,BUILD_FAILED,True,False,,/group/worldcept/code/SimAny/outputs/icra2027/20260907-4f5c745-v2/sim_recon_sim/scale_up/test_dispatch/instances/native-cfcb44d635255d3a292d64d3af7a8daad31c33edcb3a5b6af5055867b6381bcd/build_bindings.jsonl,491f69eb5372373b0925915f52e99ab7eb9aa8e5cc607cb7ebec40a7d091ccb2,inherited_target
native_test_L1_engine_v2_20260907-6a60a51-v6,unit-a07f0a5d5b417023ae63f36144292c42,native-cfcb44d635255d3a292d64d3af7a8daad31c33edcb3a5b6af5055867b6381bcd,B4_ROOM_REPAIR_NATIVE,L1_target_destination,r1,BUILD_FAILED,True,False,,/group/worldcept/code/SimAny/outputs/icra2027/20260907-4f5c745-v2/sim_recon_sim/scale_up/test_dispatch/instances/native-cfcb44d635255d3a292d64d3af7a8daad31c33edcb3a5b6af5055867b6381bcd/build_bindings.jsonl,491f69eb5372373b0925915f52e99ab7eb9aa8e5cc607cb7ebec40a7d091ccb2,inherited_target
native_test_L1_engine_v2_20260907-6a60a51-v6,unit-61841288f4fc9c34003cea7333248224,native-cfcb44d635255d3a292d64d3af7a8daad31c33edcb3a5b6af5055867b6381bcd,B4_ROOM_REPAIR_NATIVE,L1_target_destination,r2,BUILD_FAILED,True,False,,/group/worldcept/code/SimAny/outputs/icra2027/20260907-4f5c745-v2/sim_recon_sim/scale_up/test_dispatch/instances/native-cfcb44d635255d3a292d64d3af7a8daad31c33edcb3a5b6af5055867b6381bcd/build_bindings.jsonl,491f69eb5372373b0925915f52e99ab7eb9aa8e5cc607cb7ebec40a7d091ccb2,inherited_target
native_test_L1_engine_v2_20260907-6a60a51-v6,unit-d45cb73cf707377518e80bf32f066831,native-cfcb44d635255d3a292d64d3af7a8daad31c33edcb3a5b6af5055867b6381bcd,B4_ROOM_REPAIR_NATIVE,L1_target_destination,r3,BUILD_FAILED,True,False,,/group/worldcept/code/SimAny/outputs/icra2027/20260907-4f5c745-v2/sim_recon_sim/scale_up/test_dispatch/instances/native-cfcb44d635255d3a292d64d3af7a8daad31c33edcb3a5b6af5055867b6381bcd/build_bindings.jsonl,491f69eb5372373b0925915f52e99ab7eb9aa8e5cc607cb7ebec40a7d091ccb2,inherited_target
native_test_L1_engine_v2_20260907-6a60a51-v6,unit-241e39914c94fc990454934b132e42a8,native-cfcb44d635255d3a292d64d3af7a8daad31c33edcb3a5b6af5055867b6381bcd,B4_ROOM_REPAIR_NATIVE,L1_target_destination,r4,BUILD_FAILED,True,False,,/group/worldcept/code/SimAny/outputs/icra2027/20260907-4f5c745-v2/sim_recon_sim/scale_up/test_dispatch/instances/native-cfcb44d635255d3a292d64d3af7a8daad31c33edcb3a5b6af5055867b6381bcd/build_bindings.jsonl,491f69eb5372373b0925915f52e99ab7eb9aa8e5cc607cb7ebec40a7d091ccb2,inherited_target
native_test_L1_engine_v2_20260907-6a60a51-v6,unit-74e17228f733a0ee012dfb23564d5f63,native-cfcb44d635255d3a292d64d3af7a8daad31c33edcb3a5b6af5055867b6381bcd,B4_ROOM_REPAIR_NATIVE,L1_target_destination,r5,BUILD_FAILED,True,False,,/group/worldcept/code/SimAny/outputs/icra2027/20260907-4f5c745-v2/sim_recon_sim/scale_up/test_dispatch/instances/native-cfcb44d635255d3a292d64d3af7a8daad31c33edcb3a5b6af5055867b6381bcd/build_bindings.jsonl,491f69eb5372373b0925915f52e99ab7eb9aa8e5cc607cb7ebec40a7d091ccb2,inherited_target
native_test_L1_engine_v2_20260907-6a60a51-v6,unit-c347a3892363a1b91f27bf030c912eef,native-cfcb44d635255d3a292d64d3af7a8daad31c33edcb3a5b6af5055867b6381bcd,B4_ROOM_REPAIR_NATIVE,L1_target_destination,r6,BUILD_FAILED,True,False,,/group/worldcept/code/SimAny/outputs/icra2027/20260907-4f5c745-v2/sim_recon_sim/scale_up/test_dispatch/instances/native-cfcb44d635255d3a292d64d3af7a8daad31c33edcb3a5b6af5055867b6381bcd/build_bindings.jsonl,491f69eb5372373b0925915f52e99ab7eb9aa8e5cc607cb7ebec40a7d091ccb2,inherited_target
native_test_L1_engine_v2_20260907-6a60a51-v6,unit-2071a0413563c7178cc448694f6589d3,native-cfcb44d635255d3a292d64d3af7a8daad31c33edcb3a5b6af5055867b6381bcd,B4_ROOM_REPAIR_NATIVE,L1_target_destination,r7,BUILD_FAILED,True,False,,/group/worldcept/code/SimAny/outputs/icra2027/20260907-4f5c745-v2/sim_recon_sim/scale_up/test_dispatch/instances/native-cfcb44d635255d3a292d64d3af7a8daad31c33edcb3a5b6af5055867b6381bcd/build_bindings.jsonl,491f69eb5372373b0925915f52e99ab7eb9aa8e5cc607cb7ebec40a7d091ccb2,inherited_target
native_test_L1_engine_v2_20260907-6a60a51-v6,unit-12ff1675db11e983f4899f0ea8bd1f68,native-cfcb44d635255d3a292d64d3af7a8daad31c33edcb3a5b6af5055867b6381bcd,B4_ROOM_REPAIR_NATIVE,L1_target_destination,r8,BUILD_FAILED,True,False,,/group/worldcept/code/SimAny/outputs/icra2027/20260907-4f5c745-v2/sim_recon_sim/scale_up/test_dispatch/instances/native-cfcb44d635255d3a292d64d3af7a8daad31c33edcb3a5b6af5055867b6381bcd/build_bindings.jsonl,491f69eb5372373b0925915f52e99ab7eb9aa8e5cc607cb7ebec40a7d091ccb2,inherited_target
native_test_L1_engine_v2_20260907-6a60a51-v6,unit-5db5f53d6982c17d87ab6d77dc935bb6,native-cfcb44d635255d3a292d64d3af7a8daad31c33edcb3a5b6af5055867b6381bcd,B4_ROOM_REPAIR_NATIVE,L1_target_destination,r9,BUILD_FAILED,True,False,,/group/worldcept/code/SimAny/outputs/icra2027/20260907-4f5c745-v2/sim_recon_sim/scale_up/test_dispatch/instances/native-cfcb44d635255d3a292d64d3af7a8daad31c33edcb3a5b6af5055867b6381bcd/build_bindings.jsonl,491f69eb5372373b0925915f52e99ab7eb9aa8e5cc607cb7ebec40a7d091ccb2,inherited_target
native_test_L1_engine_v2_20260907-6a60a51-v6,unit-97af338a23be4c00afe2943d10714fb6,native-16965d36aef6ce17e83f682a29a04213367b09e0443b5ee4495fdfb33da1d8e9,B4_ROOM_REPAIR_NATIVE,L1_target_destination,r0,BUILD_FAILED,True,False,,/group/worldcept/code/SimAny/outputs/icra2027/20260907-4f5c745-v2/sim_recon_sim/scale_up/test_dispatch/instances/native-16965d36aef6ce17e83f682a29a04213367b09e0443b5ee4495fdfb33da1d8e9/build_bindings.jsonl,0241d53eb012e20613fab1ea7f093e42c64e89b6c78ecd1f1dce0b99cb4d8b25,inherited_target
native_test_L1_engine_v2_20260907-6a60a51-v6,unit-5209a026e7c471b091f6984eb6caeef3,native-16965d36aef6ce17e83f682a29a04213367b09e0443b5ee4495fdfb33da1d8e9,B4_ROOM_REPAIR_NATIVE,L1_target_destination,r1,BUILD_FAILED,True,False,,/group/worldcept/code/SimAny/outputs/icra2027/20260907-4f5c745-v2/sim_recon_sim/scale_up/test_dispatch/instances/native-16965d36aef6ce17e83f682a29a04213367b09e0443b5ee4495fdfb33da1d8e9/build_bindings.jsonl,0241d53eb012e20613fab1ea7f093e42c64e89b6c78ecd1f1dce0b99cb4d8b25,inherited_target
native_test_L1_engine_v2_20260907-6a60a51-v6,unit-0f06182c8917120d08bbf849acee3b10,native-16965d36aef6ce17e83f682a29a04213367b09e0443b5ee4495fdfb33da1d8e9,B4_ROOM_REPAIR_NATIVE,L1_target_destination,r2,BUILD_FAILED,True,False,,/group/worldcept/code/SimAny/outputs/icra2027/20260907-4f5c745-v2/sim_recon_sim/scale_up/test_dispatch/instances/native-16965d36aef6ce17e83f682a29a04213367b09e0443b5ee4495fdfb33da1d8e9/build_bindings.jsonl,0241d53eb012e20613fab1ea7f093e42c64e89b6c78ecd1f1dce0b99cb4d8b25,inherited_target
native_test_L1_engine_v2_20260907-6a60a51-v6,unit-f03020638749e37fe04bb17a1b26c003,native-16965d36aef6ce17e83f682a29a04213367b09e0443b5ee4495fdfb33da1d8e9,B4_ROOM_REPAIR_NATIVE,L1_target_destination,r3,BUILD_FAILED,True,False,,/group/worldcept/code/SimAny/outputs/icra2027/20260907-4f5c745-v2/sim_recon_sim/scale_up/test_dispatch/instances/native-16965d36aef6ce17e83f682a29a04213367b09e0443b5ee4495fdfb33da1d8e9/build_bindings.jsonl,0241d53eb012e20613fab1ea7f093e42c64e89b6c78ecd1f1dce0b99cb4d8b25,inherited_target
native_test_L1_engine_v2_20260907-6a60a51-v6,unit-74a65bb90d56f7aa329a36ab252009aa,native-16965d36aef6ce17e83f682a29a04213367b09e0443b5ee4495fdfb33da1d8e9,B4_ROOM_REPAIR_NATIVE,L1_target_destination,r4,BUILD_FAILED,True,False,,/group/worldcept/code/SimAny/outputs/icra2027/20260907-4f5c745-v2/sim_recon_sim/scale_up/test_dispatch/instances/native-16965d36aef6ce17e83f682a29a04213367b09e0443b5ee4495fdfb33da1d8e9/build_bindings.jsonl,0241d53eb012e20613fab1ea7f093e42c64e89b6c78ecd1f1dce0b99cb4d8b25,inherited_target
native_test_L1_engine_v2_20260907-6a60a51-v6,unit-f3b311c5954f93c7303c7e8ca8d00630,native-16965d36aef6ce17e83f682a29a04213367b09e0443b5ee4495fdfb33da1d8e9,B4_ROOM_REPAIR_NATIVE,L1_target_destination,r5,BUILD_FAILED,True,False,,/group/worldcept/code/SimAny/outputs/icra2027/20260907-4f5c745-v2/sim_recon_sim/scale_up/test_dispatch/instances/native-16965d36aef6ce17e83f682a29a04213367b09e0443b5ee4495fdfb33da1d8e9/build_bindings.jsonl,0241d53eb012e20613fab1ea7f093e42c64e89b6c78ecd1f1dce0b99cb4d8b25,inherited_target
native_test_L1_engine_v2_20260907-6a60a51-v6,unit-ff3f862a0818293e7088577a8963b888,native-16965d36aef6ce17e83f682a29a04213367b09e0443b5ee4495fdfb33da1d8e9,B4_ROOM_REPAIR_NATIVE,L1_target_destination,r6,BUILD_FAILED,True,False,,/group/worldcept/code/SimAny/outputs/icra2027/20260907-4f5c745-v2/sim_recon_sim/scale_up/test_dispatch/instances/native-16965d36aef6ce17e83f682a29a04213367b09e0443b5ee4495fdfb33da1d8e9/build_bindings.jsonl,0241d53eb012e20613fab1ea7f093e42c64e89b6c78ecd1f1dce0b99cb4d8b25,inherited_target
native_test_L1_engine_v2_20260907-6a60a51-v6,unit-ac960ad6b5bd0f461abc3913ad573a0b,native-16965d36aef6ce17e83f682a29a04213367b09e0443b5ee4495fdfb33da1d8e9,B4_ROOM_REPAIR_NATIVE,L1_target_destination,r7,BUILD_FAILED,True,False,,/group/worldcept/code/SimAny/outputs/icra2027/20260907-4f5c745-v2/sim_recon_sim/scale_up/test_dispatch/instances/native-16965d36aef6ce17e83f682a29a04213367b09e0443b5ee4495fdfb33da1d8e9/build_bindings.jsonl,0241d53eb012e20613fab1ea7f093e42c64e89b6c78ecd1f1dce0b99cb4d8b25,inherited_target
native_test_L1_engine_v2_20260907-6a60a51-v6,unit-a06e250c818782ba7201c486f95d2029,native-16965d36aef6ce17e83f682a29a04213367b09e0443b5ee4495fdfb33da1d8e9,B4_ROOM_REPAIR_NATIVE,L1_target_destination,r8,BUILD_FAILED,True,False,,/group/worldcept/code/SimAny/outputs/icra2027/20260907-4f5c745-v2/sim_recon_sim/scale_up/test_dispatch/instances/native-16965d36aef6ce17e83f682a29a04213367b09e0443b5ee4495fdfb33da1d8e9/build_bindings.jsonl,0241d53eb012e20613fab1ea7f093e42c64e89b6c78ecd1f1dce0b99cb4d8b25,inherited_target
native_test_L1_engine_v2_20260907-6a60a51-v6,unit-a669b8032898223001011835fce9aa47,native-16965d36aef6ce17e83f682a29a04213367b09e0443b5ee4495fdfb33da1d8e9,B4_ROOM_REPAIR_NATIVE,L1_target_destination,r9,BUILD_FAILED,True,False,,/group/worldcept/code/SimAny/outputs/icra2027/20260907-4f5c745-v2/sim_recon_sim/scale_up/test_dispatch/instances/native-16965d36aef6ce17e83f682a29a04213367b09e0443b5ee4495fdfb33da1d8e9/build_bindings.jsonl,0241d53eb012e20613fab1ea7f093e42c64e89b6c78ecd1f1dce0b99cb4d8b25,inherited_target
native_test_L1_engine_v2_20260907-6a60a51-v6,unit-95f661b19c196e3c63b8c11cd9e0c696,native-ca01034d4dab28f6b97bf687b9052888004f9b0cba85f63c70ee47f4683a1864,B4_ROOM_REPAIR_NATIVE,L1_target_destination,r0,ABSTAINED,True,False,,/group/worldcept/code/SimAny/outputs/icra2027/20260907-4f5c745-v2/sim_recon_sim/scale_up/test_dispatch/instances/native-ca01034d4dab28f6b97bf687b9052888004f9b0cba85f63c70ee47f4683a1864/build_bindings.jsonl,783747ea132b5ef4f6119ea361decbe3d3b76f15abc3b630be0141b7088fed4b,inherited_target
native_test_L1_engine_v2_20260907-6a60a51-v6,unit-f0b9c96c35d5860c9a2aecb5636216ec,native-ca01034d4dab28f6b97bf687b9052888004f9b0cba85f63c70ee47f4683a1864,B4_ROOM_REPAIR_NATIVE,L1_target_destination,r1,ABSTAINED,True,False,,/group/worldcept/code/SimAny/outputs/icra2027/20260907-4f5c745-v2/sim_recon_sim/scale_up/test_dispatch/instances/native-ca01034d4dab28f6b97bf687b9052888004f9b0cba85f63c70ee47f4683a1864/build_bindings.jsonl,783747ea132b5ef4f6119ea361decbe3d3b76f15abc3b630be0141b7088fed4b,inherited_target
native_test_L1_engine_v2_20260907-6a60a51-v6,unit-004f46f3b937887598a7afae33d893b0,native-ca01034d4dab28f6b97bf687b9052888004f9b0cba85f63c70ee47f4683a1864,B4_ROOM_REPAIR_NATIVE,L1_target_destination,r2,ABSTAINED,True,False,,/group/worldcept/code/SimAny/outputs/icra2027/20260907-4f5c745-v2/sim_recon_sim/scale_up/test_dispatch/instances/native-ca01034d4dab28f6b97bf687b9052888004f9b0cba85f63c70ee47f4683a1864/build_bindings.jsonl,783747ea132b5ef4f6119ea361decbe3d3b76f15abc3b630be0141b7088fed4b,inherited_target
native_test_L1_engine_v2_20260907-6a60a51-v6,unit-56d11b1191bb66132b4b0d07116ea053,native-ca01034d4dab28f6b97bf687b9052888004f9b0cba85f63c70ee47f4683a1864,B4_ROOM_REPAIR_NATIVE,L1_target_destination,r3,ABSTAINED,True,False,,/group/worldcept/code/SimAny/outputs/icra2027/20260907-4f5c745-v2/sim_recon_sim/scale_up/test_dispatch/instances/native-ca01034d4dab28f6b97bf687b9052888004f9b0cba85f63c70ee47f4683a1864/build_bindings.jsonl,783747ea132b5ef4f6119ea361decbe3d3b76f15abc3b630be0141b7088fed4b,inherited_target
native_test_L1_engine_v2_20260907-6a60a51-v6,unit-c8cbd4bdd986cb08ab55d14c0f405b55,native-ca01034d4dab28f6b97bf687b9052888004f9b0cba85f63c70ee47f4683a1864,B4_ROOM_REPAIR_NATIVE,L1_target_destination,r4,ABSTAINED,True,False,,/group/worldcept/code/SimAny/outputs/icra2027/20260907-4f5c745-v2/sim_recon_sim/scale_up/test_dispatch/instances/native-ca01034d4dab28f6b97bf687b9052888004f9b0cba85f63c70ee47f4683a1864/build_bindings.jsonl,783747ea132b5ef4f6119ea361decbe3d3b76f15abc3b630be0141b7088fed4b,inherited_target
native_test_L1_engine_v2_20260907-6a60a51-v6,unit-53a5c68cd7c02dead835987fcbb03300,native-ca01034d4dab28f6b97bf687b9052888004f9b0cba85f63c70ee47f4683a1864,B4_ROOM_REPAIR_NATIVE,L1_target_destination,r5,ABSTAINED,True,False,,/group/worldcept/code/SimAny/outputs/icra2027/20260907-4f5c745-v2/sim_recon_sim/scale_up/test_dispatch/instances/native-ca01034d4dab28f6b97bf687b9052888004f9b0cba85f63c70ee47f4683a1864/build_bindings.jsonl,783747ea132b5ef4f6119ea361decbe3d3b76f15abc3b630be0141b7088fed4b,inherited_target
native_test_L1_engine_v2_20260907-6a60a51-v6,unit-c1760e9430b897c86d49ac60aa36bf2c,native-ca01034d4dab28f6b97bf687b9052888004f9b0cba85f63c70ee47f4683a1864,B4_ROOM_REPAIR_NATIVE,L1_target_destination,r6,ABSTAINED,True,False,,/group/worldcept/code/SimAny/outputs/icra2027/20260907-4f5c745-v2/sim_recon_sim/scale_up/test_dispatch/instances/native-ca01034d4dab28f6b97bf687b9052888004f9b0cba85f63c70ee47f4683a1864/build_bindings.jsonl,783747ea132b5ef4f6119ea361decbe3d3b76f15abc3b630be0141b7088fed4b,inherited_target
native_test_L1_engine_v2_20260907-6a60a51-v6,unit-33a46c5384e84b5f15474ae1c08c67d2,native-ca01034d4dab28f6b97bf687b9052888004f9b0cba85f63c70ee47f4683a1864,B4_ROOM_REPAIR_NATIVE,L1_target_destination,r7,ABSTAINED,True,False,,/group/worldcept/code/SimAny/outputs/icra2027/20260907-4f5c745-v2/sim_recon_sim/scale_up/test_dispatch/instances/native-ca01034d4dab28f6b97bf687b9052888004f9b0cba85f63c70ee47f4683a1864/build_bindings.jsonl,783747ea132b5ef4f6119ea361decbe3d3b76f15abc3b630be0141b7088fed4b,inherited_target
native_test_L1_engine_v2_20260907-6a60a51-v6,unit-c1475434de273d88e5b1b8389cba1c9f,native-ca01034d4dab28f6b97bf687b9052888004f9b0cba85f63c70ee47f4683a1864,B4_ROOM_REPAIR_NATIVE,L1_target_destination,r8,ABSTAINED,True,False,,/group/worldcept/code/SimAny/outputs/icra2027/20260907-4f5c745-v2/sim_recon_sim/scale_up/test_dispatch/instances/native-ca01034d4dab28f6b97bf687b9052888004f9b0cba85f63c70ee47f4683a1864/build_bindings.jsonl,783747ea132b5ef4f6119ea361decbe3d3b76f15abc3b630be0141b7088fed4b,inherited_target
native_test_L1_engine_v2_20260907-6a60a51-v6,unit-a66cc6ec0a2db332ce56c6a316d98b71,native-ca01034d4dab28f6b97bf687b9052888004f9b0cba85f63c70ee47f4683a1864,B4_ROOM_REPAIR_NATIVE,L1_target_destination,r9,ABSTAINED,True,False,,/group/worldcept/code/SimAny/outputs/icra2027/20260907-4f5c745-v2/sim_recon_sim/scale_up/test_dispatch/instances/native-ca01034d4dab28f6b97bf687b9052888004f9b0cba85f63c70ee47f4683a1864/build_bindings.jsonl,783747ea132b5ef4f6119ea361decbe3d3b76f15abc3b630be0141b7088fed4b,inherited_target
native_test_L1_engine_v2_20260907-6a60a51-v6,unit-c715eed1a4f79797e5670ce5d49e4c9a,native-13f5298a0fba7dcbc205c0858fd4b893535887e84a1dda9ac1f00ede52742d30,B4_ROOM_REPAIR_NATIVE,L1_target_destination,r0,ABSTAINED,True,False,,/group/worldcept/code/SimAny/outputs/icra2027/20260907-b9f3cfc-v1/sim_recon_sim/scale_up/l1_test_context/cases/slot-702785d1761e856b47e4/B4_ROOM_REPAIR_NATIVE/build_manifest.json,ff6e0a65b2a3c6049bf1cfddfbabea7814bf4736f083bf78dd9aaf7969dbf885,additional_scope
native_test_L1_engine_v2_20260907-6a60a51-v6,unit-89cda594a4f57d8df2583c4bfeb692f0,native-13f5298a0fba7dcbc205c0858fd4b893535887e84a1dda9ac1f00ede52742d30,B4_ROOM_REPAIR_NATIVE,L1_target_destination,r1,ABSTAINED,True,False,,/group/worldcept/code/SimAny/outputs/icra2027/20260907-b9f3cfc-v1/sim_recon_sim/scale_up/l1_test_context/cases/slot-702785d1761e856b47e4/B4_ROOM_REPAIR_NATIVE/build_manifest.json,ff6e0a65b2a3c6049bf1cfddfbabea7814bf4736f083bf78dd9aaf7969dbf885,additional_scope
native_test_L1_engine_v2_20260907-6a60a51-v6,unit-6405edb9dc2d4db227c0ea2bbc8b5362,native-13f5298a0fba7dcbc205c0858fd4b893535887e84a1dda9ac1f00ede52742d30,B4_ROOM_REPAIR_NATIVE,L1_target_destination,r2,ABSTAINED,True,False,,/group/worldcept/code/SimAny/outputs/icra2027/20260907-b9f3cfc-v1/sim_recon_sim/scale_up/l1_test_context/cases/slot-702785d1761e856b47e4/B4_ROOM_REPAIR_NATIVE/build_manifest.json,ff6e0a65b2a3c6049bf1cfddfbabea7814bf4736f083bf78dd9aaf7969dbf885,additional_scope
native_test_L1_engine_v2_20260907-6a60a51-v6,unit-d10cd75e6531727a1da14d79b1a7e5f5,native-13f5298a0fba7dcbc205c0858fd4b893535887e84a1dda9ac1f00ede52742d30,B4_ROOM_REPAIR_NATIVE,L1_target_destination,r3,ABSTAINED,True,False,,/group/worldcept/code/SimAny/outputs/icra2027/20260907-b9f3cfc-v1/sim_recon_sim/scale_up/l1_test_context/cases/slot-702785d1761e856b47e4/B4_ROOM_REPAIR_NATIVE/build_manifest.json,ff6e0a65b2a3c6049bf1cfddfbabea7814bf4736f083bf78dd9aaf7969dbf885,additional_scope
native_test_L1_engine_v2_20260907-6a60a51-v6,unit-894753ebe9d6262e90efed8a809fbc0f,native-13f5298a0fba7dcbc205c0858fd4b893535887e84a1dda9ac1f00ede52742d30,B4_ROOM_REPAIR_NATIVE,L1_target_destination,r4,ABSTAINED,True,False,,/group/worldcept/code/SimAny/outputs/icra2027/20260907-b9f3cfc-v1/sim_recon_sim/scale_up/l1_test_context/cases/slot-702785d1761e856b47e4/B4_ROOM_REPAIR_NATIVE/build_manifest.json,ff6e0a65b2a3c6049bf1cfddfbabea7814bf4736f083bf78dd9aaf7969dbf885,additional_scope
native_test_L1_engine_v2_20260907-6a60a51-v6,unit-c8e3f98b659423c3f58fbcf3c74b97bf,native-13f5298a0fba7dcbc205c0858fd4b893535887e84a1dda9ac1f00ede52742d30,B4_ROOM_REPAIR_NATIVE,L1_target_destination,r5,ABSTAINED,True,False,,/group/worldcept/code/SimAny/outputs/icra2027/20260907-b9f3cfc-v1/sim_recon_sim/scale_up/l1_test_context/cases/slot-702785d1761e856b47e4/B4_ROOM_REPAIR_NATIVE/build_manifest.json,ff6e0a65b2a3c6049bf1cfddfbabea7814bf4736f083bf78dd9aaf7969dbf885,additional_scope
native_test_L1_engine_v2_20260907-6a60a51-v6,unit-3ea78c49675eae3fd192a65e3ee53ae0,native-13f5298a0fba7dcbc205c0858fd4b893535887e84a1dda9ac1f00ede52742d30,B4_ROOM_REPAIR_NATIVE,L1_target_destination,r6,ABSTAINED,True,False,,/group/worldcept/code/SimAny/outputs/icra2027/20260907-b9f3cfc-v1/sim_recon_sim/scale_up/l1_test_context/cases/slot-702785d1761e856b47e4/B4_ROOM_REPAIR_NATIVE/build_manifest.json,ff6e0a65b2a3c6049bf1cfddfbabea7814bf4736f083bf78dd9aaf7969dbf885,additional_scope
native_test_L1_engine_v2_20260907-6a60a51-v6,unit-0c6b714cc964024e151ff28e94fffd97,native-13f5298a0fba7dcbc205c0858fd4b893535887e84a1dda9ac1f00ede52742d30,B4_ROOM_REPAIR_NATIVE,L1_target_destination,r7,ABSTAINED,True,False,,/group/worldcept/code/SimAny/outputs/icra2027/20260907-b9f3cfc-v1/sim_recon_sim/scale_up/l1_test_context/cases/slot-702785d1761e856b47e4/B4_ROOM_REPAIR_NATIVE/build_manifest.json,ff6e0a65b2a3c6049bf1cfddfbabea7814bf4736f083bf78dd9aaf7969dbf885,additional_scope
native_test_L1_engine_v2_20260907-6a60a51-v6,unit-edf040a924fb1a0395b1d0131d92ae57,native-13f5298a0fba7dcbc205c0858fd4b893535887e84a1dda9ac1f00ede52742d30,B4_ROOM_REPAIR_NATIVE,L1_target_destination,r8,ABSTAINED,True,False,,/group/worldcept/code/SimAny/outputs/icra2027/20260907-b9f3cfc-v1/sim_recon_sim/scale_up/l1_test_context/cases/slot-702785d1761e856b47e4/B4_ROOM_REPAIR_NATIVE/build_manifest.json,ff6e0a65b2a3c6049bf1cfddfbabea7814bf4736f083bf78dd9aaf7969dbf885,additional_scope
native_test_L1_engine_v2_20260907-6a60a51-v6,unit-0f7a53d5ad541c71aea4311de0581c19,native-13f5298a0fba7dcbc205c0858fd4b893535887e84a1dda9ac1f00ede52742d30,B4_ROOM_REPAIR_NATIVE,L1_target_destination,r9,ABSTAINED,True,False,,/group/worldcept/code/SimAny/outputs/icra2027/20260907-b9f3cfc-v1/sim_recon_sim/scale_up/l1_test_context/cases/slot-702785d1761e856b47e4/B4_ROOM_REPAIR_NATIVE/build_manifest.json,ff6e0a65b2a3c6049bf1cfddfbabea7814bf4736f083bf78dd9aaf7969dbf885,additional_scope
native_test_L1_engine_v2_20260907-6a60a51-v6,unit-17bac8cda2c04d69b7ea474072ae0bfb,native-29385b26f4a5c4b4a50eb708dff767aff9483f106e4b2e03e92043eab6e43ba3,B4_ROOM_REPAIR_NATIVE,L1_target_destination,r0,ABSTAINED,True,False,,/group/worldcept/code/SimAny/outputs/icra2027/20260907-4f5c745-v2/sim_recon_sim/scale_up/test_dispatch/instances/native-29385b26f4a5c4b4a50eb708dff767aff9483f106e4b2e03e92043eab6e43ba3/build_bindings.jsonl,97ef809c314af0ae99c015c5e1fb3f6e29a3f3cda63eb2f866b95641943795e2,inherited_target
native_test_L1_engine_v2_20260907-6a60a51-v6,unit-807e383825cb18d4a5c84740e0e6ae45,native-29385b26f4a5c4b4a50eb708dff767aff9483f106e4b2e03e92043eab6e43ba3,B4_ROOM_REPAIR_NATIVE,L1_target_destination,r1,ABSTAINED,True,False,,/group/worldcept/code/SimAny/outputs/icra2027/20260907-4f5c745-v2/sim_recon_sim/scale_up/test_dispatch/instances/native-29385b26f4a5c4b4a50eb708dff767aff9483f106e4b2e03e92043eab6e43ba3/build_bindings.jsonl,97ef809c314af0ae99c015c5e1fb3f6e29a3f3cda63eb2f866b95641943795e2,inherited_target
native_test_L1_engine_v2_20260907-6a60a51-v6,unit-84eee3fc50af695be339a6d07f0ed4c2,native-29385b26f4a5c4b4a50eb708dff767aff9483f106e4b2e03e92043eab6e43ba3,B4_ROOM_REPAIR_NATIVE,L1_target_destination,r2,ABSTAINED,True,False,,/group/worldcept/code/SimAny/outputs/icra2027/20260907-4f5c745-v2/sim_recon_sim/scale_up/test_dispatch/instances/native-29385b26f4a5c4b4a50eb708dff767aff9483f106e4b2e03e92043eab6e43ba3/build_bindings.jsonl,97ef809c314af0ae99c015c5e1fb3f6e29a3f3cda63eb2f866b95641943795e2,inherited_target
native_test_L1_engine_v2_20260907-6a60a51-v6,unit-c498c460ca9b96b1688d2031264650e0,native-29385b26f4a5c4b4a50eb708dff767aff9483f106e4b2e03e92043eab6e43ba3,B4_ROOM_REPAIR_NATIVE,L1_target_destination,r3,ABSTAINED,True,False,,/group/worldcept/code/SimAny/outputs/icra2027/20260907-4f5c745-v2/sim_recon_sim/scale_up/test_dispatch/instances/native-29385b26f4a5c4b4a50eb708dff767aff9483f106e4b2e03e92043eab6e43ba3/build_bindings.jsonl,97ef809c314af0ae99c015c5e1fb3f6e29a3f3cda63eb2f866b95641943795e2,inherited_target
native_test_L1_engine_v2_20260907-6a60a51-v6,unit-c9e78938348403efe16ee7a91c440c90,native-29385b26f4a5c4b4a50eb708dff767aff9483f106e4b2e03e92043eab6e43ba3,B4_ROOM_REPAIR_NATIVE,L1_target_destination,r4,ABSTAINED,True,False,,/group/worldcept/code/SimAny/outputs/icra2027/20260907-4f5c745-v2/sim_recon_sim/scale_up/test_dispatch/instances/native-29385b26f4a5c4b4a50eb708dff767aff9483f106e4b2e03e92043eab6e43ba3/build_bindings.jsonl,97ef809c314af0ae99c015c5e1fb3f6e29a3f3cda63eb2f866b95641943795e2,inherited_target
native_test_L1_engine_v2_20260907-6a60a51-v6,unit-b5b4129a399fb52adf9416bacb12bec6,native-29385b26f4a5c4b4a50eb708dff767aff9483f106e4b2e03e92043eab6e43ba3,B4_ROOM_REPAIR_NATIVE,L1_target_destination,r5,ABSTAINED,True,False,,/group/worldcept/code/SimAny/outputs/icra2027/20260907-4f5c745-v2/sim_recon_sim/scale_up/test_dispatch/instances/native-29385b26f4a5c4b4a50eb708dff767aff9483f106e4b2e03e92043eab6e43ba3/build_bindings.jsonl,97ef809c314af0ae99c015c5e1fb3f6e29a3f3cda63eb2f866b95641943795e2,inherited_target
native_test_L1_engine_v2_20260907-6a60a51-v6,unit-bbe68324f1b6123673f28eac297cc700,native-29385b26f4a5c4b4a50eb708dff767aff9483f106e4b2e03e92043eab6e43ba3,B4_ROOM_REPAIR_NATIVE,L1_target_destination,r6,ABSTAINED,True,False,,/group/worldcept/code/SimAny/outputs/icra2027/20260907-4f5c745-v2/sim_recon_sim/scale_up/test_dispatch/instances/native-29385b26f4a5c4b4a50eb708dff767aff9483f106e4b2e03e92043eab6e43ba3/build_bindings.jsonl,97ef809c314af0ae99c015c5e1fb3f6e29a3f3cda63eb2f866b95641943795e2,inherited_target
native_test_L1_engine_v2_20260907-6a60a51-v6,unit-7367c8abdbe6087fcae3038a45a33c57,native-29385b26f4a5c4b4a50eb708dff767aff9483f106e4b2e03e92043eab6e43ba3,B4_ROOM_REPAIR_NATIVE,L1_target_destination,r7,ABSTAINED,True,False,,/group/worldcept/code/SimAny/outputs/icra2027/20260907-4f5c745-v2/sim_recon_sim/scale_up/test_dispatch/instances/native-29385b26f4a5c4b4a50eb708dff767aff9483f106e4b2e03e92043eab6e43ba3/build_bindings.jsonl,97ef809c314af0ae99c015c5e1fb3f6e29a3f3cda63eb2f866b95641943795e2,inherited_target
native_test_L1_engine_v2_20260907-6a60a51-v6,unit-bd4fafe7b500abaf2926dc6d0f8e0b4d,native-29385b26f4a5c4b4a50eb708dff767aff9483f106e4b2e03e92043eab6e43ba3,B4_ROOM_REPAIR_NATIVE,L1_target_destination,r8,ABSTAINED,True,False,,/group/worldcept/code/SimAny/outputs/icra2027/20260907-4f5c745-v2/sim_recon_sim/scale_up/test_dispatch/instances/native-29385b26f4a5c4b4a50eb708dff767aff9483f106e4b2e03e92043eab6e43ba3/build_bindings.jsonl,97ef809c314af0ae99c015c5e1fb3f6e29a3f3cda63eb2f866b95641943795e2,inherited_target
native_test_L1_engine_v2_20260907-6a60a51-v6,unit-acdc40676fdf5748ffb75cd73e2abb3e,native-29385b26f4a5c4b4a50eb708dff767aff9483f106e4b2e03e92043eab6e43ba3,B4_ROOM_REPAIR_NATIVE,L1_target_destination,r9,ABSTAINED,True,False,,/group/worldcept/code/SimAny/outputs/icra2027/20260907-4f5c745-v2/sim_recon_sim/scale_up/test_dispatch/instances/native-29385b26f4a5c4b4a50eb708dff767aff9483f106e4b2e03e92043eab6e43ba3/build_bindings.jsonl,97ef809c314af0ae99c015c5e1fb3f6e29a3f3cda63eb2f866b95641943795e2,inherited_target
