canonical_instance_id,method,build_manifest,build_manifest_sha256,own_check_passed,independent_room_stability,native_policy_success,algorithm_required_context,action_bank_contract,accepted,actual_calls,before_drift_m,after_drift_m,before_rotation_deg,after_rotation_deg,before_penetration_m,after_penetration_m,after_public_residual_m,total_wall_s,extra_actions_wall_s
native-00cd67d5f39a378d5a673bde2c808f8511f3af6279e679d08be1e0d8a4089cdd,B3_AGENT_NATIVE,/group/worldcept/code/SimAny/outputs/icra2027/20260907-73ff4ab-v3/sim_recon_sim/scale_up/test_context/slot-fe2766d6ac82406e7f24/B3/build_manifest.json,e90c832a9e6241be95396727ace0b6bee0ed8fd39de1d1a78ad9f3ea08adaa51,False,,,False,"{'actions': ['support_correction', 'reselect_candidate'], 'maximum_calls_per_target_dependency': 2, 'support_arguments': 'recomputed from current candidate and same public TRAIN support', 'reselection_arguments': 'other initial generator relative to B3 lineage; retry inherits initial parent tool; same for B4/BM', 'b4_reason_priority': [['public_observation_residual', 'reselect_candidate'], ['initial_penetration', 'support_correction'], ['native_destination_access', 'reselect_candidate'], ['approach_corridor_proxy', 'reselect_candidate'], ['transport_corridor_proxy', 'reselect_candidate'], ['settle_translation', 'support_correction'], ['settle_rotation', 'reselect_candidate']], 'bm_order': ['reselect_candidate', 'support_correction'], 'exact_compute_match': False}",True,0,0.11703737621514264,0.11703737621514264,93.62512520954655,93.62512520954655,0.001002934877768702,0.001002934877768702,0.013610038872242314,8.969475015997887,0.0
native-00cd67d5f39a378d5a673bde2c808f8511f3af6279e679d08be1e0d8a4089cdd,B4_ROOM_REPAIR_NATIVE,/group/worldcept/code/SimAny/outputs/icra2027/20260907-73ff4ab-v3/sim_recon_sim/scale_up/test_context/slot-fe2766d6ac82406e7f24/B4/build_manifest.json,1957a9680fa1687e6294b5ad4118f66f417de8e28f1bdba2c955da3fcc3cf589,False,,,True,"{'actions': ['support_correction', 'reselect_candidate'], 'maximum_calls_per_target_dependency': 2, 'support_arguments': 'recomputed from current candidate and same public TRAIN support', 'reselection_arguments': 'other initial generator relative to B3 lineage; retry inherits initial parent tool; same for B4/BM', 'b4_reason_priority': [['public_observation_residual', 'reselect_candidate'], ['initial_penetration', 'support_correction'], ['native_destination_access', 'reselect_candidate'], ['approach_corridor_proxy', 'reselect_candidate'], ['transport_corridor_proxy', 'reselect_candidate'], ['settle_translation', 'support_correction'], ['settle_rotation', 'reselect_candidate']], 'bm_order': ['reselect_candidate', 'support_correction'], 'exact_compute_match': False}",False,2,0.11703737621514264,0.11703737621514264,93.62512520954655,93.62512520954655,0.001002934877768702,0.001002934877768702,0.013610038872242314,17.4024395220913,8.901314717251807
native-00cd67d5f39a378d5a673bde2c808f8511f3af6279e679d08be1e0d8a4089cdd,BM_BUDGET_MATCHED_NATIVE,/group/worldcept/code/SimAny/outputs/icra2027/20260907-73ff4ab-v3/sim_recon_sim/scale_up/test_context/slot-fe2766d6ac82406e7f24/BM/build_manifest.json,df4890ee0253e0ff876e24e6930129ca93f8f5ca38943a252c1c87cf0c21e85c,False,,,True,"{'actions': ['support_correction', 'reselect_candidate'], 'maximum_calls_per_target_dependency': 2, 'support_arguments': 'recomputed from current candidate and same public TRAIN support', 'reselection_arguments': 'other initial generator relative to B3 lineage; retry inherits initial parent tool; same for B4/BM', 'b4_reason_priority': [['public_observation_residual', 'reselect_candidate'], ['initial_penetration', 'support_correction'], ['native_destination_access', 'reselect_candidate'], ['approach_corridor_proxy', 'reselect_candidate'], ['transport_corridor_proxy', 'reselect_candidate'], ['settle_translation', 'support_correction'], ['settle_rotation', 'reselect_candidate']], 'bm_order': ['reselect_candidate', 'support_correction'], 'exact_compute_match': False}",False,2,0.11703737621514264,0.11703737621514264,93.62512520954655,93.62512520954655,0.001002934877768702,0.001002934877768702,0.013610038872242314,17.548917525913566,9.095624028937891
native-00fd1edfdb7d38008d4ba62cfbc584098d196bcbe32ffe78df6f69a543184d2d,B3_AGENT_NATIVE,/group/worldcept/code/SimAny/outputs/icra2027/20260907-73ff4ab-v5/sim_recon_sim/scale_up/test_context/slot-3cf689eddce3ccce0892/B3/build_manifest.json,36274c9b9772f6a128bc657fef65b8542cb01a82905951d61b38d52aa3d8d937,False,,,False,"{'actions': ['support_correction', 'reselect_candidate'], 'maximum_calls_per_target_dependency': 2, 'support_arguments': 'recomputed from current candidate and same public TRAIN support', 'reselection_arguments': 'other initial generator relative to B3 lineage; retry inherits initial parent tool; same for B4/BM', 'b4_reason_priority': [['public_observation_residual', 'reselect_candidate'], ['initial_penetration', 'support_correction'], ['native_destination_access', 'reselect_candidate'], ['approach_corridor_proxy', 'reselect_candidate'], ['transport_corridor_proxy', 'reselect_candidate'], ['settle_translation', 'support_correction'], ['settle_rotation', 'reselect_candidate']], 'bm_order': ['reselect_candidate', 'support_correction'], 'exact_compute_match': False}",True,0,0.002962330251051194,0.002962330251051194,1.8377666311420602,1.8377666311420602,0.005881507975853739,0.005881507975853739,0.0052934037677024245,9.224053530953825,0.0
native-00fd1edfdb7d38008d4ba62cfbc584098d196bcbe32ffe78df6f69a543184d2d,B4_ROOM_REPAIR_NATIVE,/group/worldcept/code/SimAny/outputs/icra2027/20260907-73ff4ab-v5/sim_recon_sim/scale_up/test_context/slot-3cf689eddce3ccce0892/B4/build_manifest.json,e9c8bf151276efdaba28896aca2666234d5a6296893d537c94d0c9a417365845,False,,,True,"{'actions': ['support_correction', 'reselect_candidate'], 'maximum_calls_per_target_dependency': 2, 'support_arguments': 'recomputed from current candidate and same public TRAIN support', 'reselection_arguments': 'other initial generator relative to B3 lineage; retry inherits initial parent tool; same for B4/BM', 'b4_reason_priority': [['public_observation_residual', 'reselect_candidate'], ['initial_penetration', 'support_correction'], ['native_destination_access', 'reselect_candidate'], ['approach_corridor_proxy', 'reselect_candidate'], ['transport_corridor_proxy', 'reselect_candidate'], ['settle_translation', 'support_correction'], ['settle_rotation', 'reselect_candidate']], 'bm_order': ['reselect_candidate', 'support_correction'], 'exact_compute_match': False}",False,2,0.002962330251051194,0.0040721000707215045,1.8377666311420602,1.732987422527881,0.005881507975853739,0.0,0.007966813684670546,13.737868509953842,6.707388150971383
native-00fd1edfdb7d38008d4ba62cfbc584098d196bcbe32ffe78df6f69a543184d2d,BM_BUDGET_MATCHED_NATIVE,/group/worldcept/code/SimAny/outputs/icra2027/20260907-73ff4ab-v5/sim_recon_sim/scale_up/test_context/slot-3cf689eddce3ccce0892/BM/build_manifest.json,54b20a71eecb4ff25050a9bf6f21d9cbd16d159afa924d03f509a054e56cd839,False,,,True,"{'actions': ['support_correction', 'reselect_candidate'], 'maximum_calls_per_target_dependency': 2, 'support_arguments': 'recomputed from current candidate and same public TRAIN support', 'reselection_arguments': 'other initial generator relative to B3 lineage; retry inherits initial parent tool; same for B4/BM', 'b4_reason_priority': [['public_observation_residual', 'reselect_candidate'], ['initial_penetration', 'support_correction'], ['native_destination_access', 'reselect_candidate'], ['approach_corridor_proxy', 'reselect_candidate'], ['transport_corridor_proxy', 'reselect_candidate'], ['settle_translation', 'support_correction'], ['settle_rotation', 'reselect_candidate']], 'bm_order': ['reselect_candidate', 'support_correction'], 'exact_compute_match': False}",False,2,0.002962330251051194,0.005557896607506219,1.8377666311420602,6.049581748182737,0.005881507975853739,0.0,0.009684006451738818,13.607646819902584,6.361487322719768
native-05f06fc08dfc46d3c93892adda6663e80ac01b546d942f48fe2ea4b01f25c279,B3_AGENT_NATIVE,/group/worldcept/code/SimAny/outputs/icra2027/20260907-73ff4ab-v3/sim_recon_sim/scale_up/test_context/slot-d1fc6fd79aee961c9fcc/B3/build_manifest.json,b7409236144beb26ecbec3953d7674d96a2ee49aa20760ba017c86280e11999d,False,,,False,"{'actions': ['support_correction', 'reselect_candidate'], 'maximum_calls_per_target_dependency': 2, 'support_arguments': 'recomputed from current candidate and same public TRAIN support', 'reselection_arguments': 'other initial generator relative to B3 lineage; retry inherits initial parent tool; same for B4/BM', 'b4_reason_priority': [['public_observation_residual', 'reselect_candidate'], ['initial_penetration', 'support_correction'], ['native_destination_access', 'reselect_candidate'], ['approach_corridor_proxy', 'reselect_candidate'], ['transport_corridor_proxy', 'reselect_candidate'], ['settle_translation', 'support_correction'], ['settle_rotation', 'reselect_candidate']], 'bm_order': ['reselect_candidate', 'support_correction'], 'exact_compute_match': False}",True,0,0.03367229129396092,0.03367229129396092,69.45964152791682,69.45964152791682,0.0,0.0,0.0044778708385121695,6.861381822032854,0.0
native-05f06fc08dfc46d3c93892adda6663e80ac01b546d942f48fe2ea4b01f25c279,B4_ROOM_REPAIR_NATIVE,/group/worldcept/code/SimAny/outputs/icra2027/20260907-73ff4ab-v4/sim_recon_sim/scale_up/test_context/slot-d1fc6fd79aee961c9fcc/B4/build_manifest.json,319ee22b95085a31c924ec9f88e0e4d80af279ee7650b47dbcce7feee1ac0053,False,,,True,"{'actions': ['support_correction', 'reselect_candidate'], 'maximum_calls_per_target_dependency': 2, 'support_arguments': 'recomputed from current candidate and same public TRAIN support', 'reselection_arguments': 'other initial generator relative to B3 lineage; retry inherits initial parent tool; same for B4/BM', 'b4_reason_priority': [['public_observation_residual', 'reselect_candidate'], ['initial_penetration', 'support_correction'], ['native_destination_access', 'reselect_candidate'], ['approach_corridor_proxy', 'reselect_candidate'], ['transport_corridor_proxy', 'reselect_candidate'], ['settle_translation', 'support_correction'], ['settle_rotation', 'reselect_candidate']], 'bm_order': ['reselect_candidate', 'support_correction'], 'exact_compute_match': False}",False,2,0.03367229129396092,0.03018267186575409,69.45964152791682,69.48804415351712,0.0,0.0,0.006786945969410905,12.611129425931722,5.52478089206852
native-05f06fc08dfc46d3c93892adda6663e80ac01b546d942f48fe2ea4b01f25c279,BM_BUDGET_MATCHED_NATIVE,/group/worldcept/code/SimAny/outputs/icra2027/20260907-73ff4ab-v4/sim_recon_sim/scale_up/test_context/slot-d1fc6fd79aee961c9fcc/BM/build_manifest.json,b1a6260827e7be577a6147b09ca5b862180dc880e676b0d5b456e1c4058e1e71,False,,,True,"{'actions': ['support_correction', 'reselect_candidate'], 'maximum_calls_per_target_dependency': 2, 'support_arguments': 'recomputed from current candidate and same public TRAIN support', 'reselection_arguments': 'other initial generator relative to B3 lineage; retry inherits initial parent tool; same for B4/BM', 'b4_reason_priority': [['public_observation_residual', 'reselect_candidate'], ['initial_penetration', 'support_correction'], ['native_destination_access', 'reselect_candidate'], ['approach_corridor_proxy', 'reselect_candidate'], ['transport_corridor_proxy', 'reselect_candidate'], ['settle_translation', 'support_correction'], ['settle_rotation', 'reselect_candidate']], 'bm_order': ['reselect_candidate', 'support_correction'], 'exact_compute_match': False}",False,2,0.03367229129396092,0.03367229129396092,69.45964152791682,69.45964152791682,0.0,0.0,0.0044778708385121695,12.681902802083641,5.635698580881581
native-0f2e77b6fa5316e3c64b6b85dee8d7e7960ac05e5c460bf4ef6f13b1ad62a34d,B3_AGENT_NATIVE,/group/worldcept/code/SimAny/outputs/icra2027/20260907-73ff4ab-v3/sim_recon_sim/scale_up/test_context/slot-b71bfe57283b5544b303/B3/build_manifest.json,989b59ee6ba9136a1948535c2a7cefe49ed47b642ebf88bb62e016fad2a1395d,True,,,False,"{'actions': ['support_correction', 'reselect_candidate'], 'maximum_calls_per_target_dependency': 2, 'support_arguments': 'recomputed from current candidate and same public TRAIN support', 'reselection_arguments': 'other initial generator relative to B3 lineage; retry inherits initial parent tool; same for B4/BM', 'b4_reason_priority': [['public_observation_residual', 'reselect_candidate'], ['initial_penetration', 'support_correction'], ['native_destination_access', 'reselect_candidate'], ['approach_corridor_proxy', 'reselect_candidate'], ['transport_corridor_proxy', 'reselect_candidate'], ['settle_translation', 'support_correction'], ['settle_rotation', 'reselect_candidate']], 'bm_order': ['reselect_candidate', 'support_correction'], 'exact_compute_match': False}",True,0,0.018553476906334212,0.018553476906334212,7.406952829184216,7.406952829184216,0.0,0.0,0.012280002190825146,8.273291680030525,0.0
native-0f2e77b6fa5316e3c64b6b85dee8d7e7960ac05e5c460bf4ef6f13b1ad62a34d,B4_ROOM_REPAIR_NATIVE,/group/worldcept/code/SimAny/outputs/icra2027/20260907-73ff4ab-v3/sim_recon_sim/scale_up/test_context/slot-b71bfe57283b5544b303/B4/build_manifest.json,ef262ad74c873fedf164587bf7f74ed188ce3c0a24baba2f0b5e46e29f2bb896,True,,,True,"{'actions': ['support_correction', 'reselect_candidate'], 'maximum_calls_per_target_dependency': 2, 'support_arguments': 'recomputed from current candidate and same public TRAIN support', 'reselection_arguments': 'other initial generator relative to B3 lineage; retry inherits initial parent tool; same for B4/BM', 'b4_reason_priority': [['public_observation_residual', 'reselect_candidate'], ['initial_penetration', 'support_correction'], ['native_destination_access', 'reselect_candidate'], ['approach_corridor_proxy', 'reselect_candidate'], ['transport_corridor_proxy', 'reselect_candidate'], ['settle_translation', 'support_correction'], ['settle_rotation', 'reselect_candidate']], 'bm_order': ['reselect_candidate', 'support_correction'], 'exact_compute_match': False}",True,0,0.018553476906334212,0.018553476906334212,7.406952829184216,7.406952829184216,0.0,0.0,0.012280002190825146,8.145078005967662,0.0
native-0f2e77b6fa5316e3c64b6b85dee8d7e7960ac05e5c460bf4ef6f13b1ad62a34d,BM_BUDGET_MATCHED_NATIVE,/group/worldcept/code/SimAny/outputs/icra2027/20260907-73ff4ab-v3/sim_recon_sim/scale_up/test_context/slot-b71bfe57283b5544b303/BM/build_manifest.json,330875622ada2b77f1318ce51419c9d16bbf68fb92d0bb7c27f9f4a9a898e8d3,True,,,True,"{'actions': ['support_correction', 'reselect_candidate'], 'maximum_calls_per_target_dependency': 2, 'support_arguments': 'recomputed from current candidate and same public TRAIN support', 'reselection_arguments': 'other initial generator relative to B3 lineage; retry inherits initial parent tool; same for B4/BM', 'b4_reason_priority': [['public_observation_residual', 'reselect_candidate'], ['initial_penetration', 'support_correction'], ['native_destination_access', 'reselect_candidate'], ['approach_corridor_proxy', 'reselect_candidate'], ['transport_corridor_proxy', 'reselect_candidate'], ['settle_translation', 'support_correction'], ['settle_rotation', 'reselect_candidate']], 'bm_order': ['reselect_candidate', 'support_correction'], 'exact_compute_match': False}",True,2,0.018553476906334212,0.006079313700625553,7.406952829184216,8.581500160254825,0.0,0.0,0.008332169229607956,15.533970343181863,7.9583583967760205
native-13f5298a0fba7dcbc205c0858fd4b893535887e84a1dda9ac1f00ede52742d30,B3_AGENT_NATIVE,/group/worldcept/code/SimAny/outputs/icra2027/20260907-73ff4ab-v3/sim_recon_sim/scale_up/test_context/slot-702785d1761e856b47e4/B3/build_manifest.json,c055424e99ab5725e8f920bdd9156889e73464a4c4ff9f0cde66b1653102f8ec,True,,,False,"{'actions': ['support_correction', 'reselect_candidate'], 'maximum_calls_per_target_dependency': 2, 'support_arguments': 'recomputed from current candidate and same public TRAIN support', 'reselection_arguments': 'other initial generator relative to B3 lineage; retry inherits initial parent tool; same for B4/BM', 'b4_reason_priority': [['public_observation_residual', 'reselect_candidate'], ['initial_penetration', 'support_correction'], ['native_destination_access', 'reselect_candidate'], ['approach_corridor_proxy', 'reselect_candidate'], ['transport_corridor_proxy', 'reselect_candidate'], ['settle_translation', 'support_correction'], ['settle_rotation', 'reselect_candidate']], 'bm_order': ['reselect_candidate', 'support_correction'], 'exact_compute_match': False}",True,0,0.014171096835434664,0.014171096835434664,1.3766176773246555,1.3766176773246555,0.0,0.0,0.013942789394346155,6.849459690973163,0.0
native-13f5298a0fba7dcbc205c0858fd4b893535887e84a1dda9ac1f00ede52742d30,B4_ROOM_REPAIR_NATIVE,/group/worldcept/code/SimAny/outputs/icra2027/20260907-73ff4ab-v3/sim_recon_sim/scale_up/test_context/slot-702785d1761e856b47e4/B4/build_manifest.json,731c0aaa0240dc9e2fe5de9b0c60dfa8814463ea2c7b56c855adb87d30508918,True,,,True,"{'actions': ['support_correction', 'reselect_candidate'], 'maximum_calls_per_target_dependency': 2, 'support_arguments': 'recomputed from current candidate and same public TRAIN support', 'reselection_arguments': 'other initial generator relative to B3 lineage; retry inherits initial parent tool; same for B4/BM', 'b4_reason_priority': [['public_observation_residual', 'reselect_candidate'], ['initial_penetration', 'support_correction'], ['native_destination_access', 'reselect_candidate'], ['approach_corridor_proxy', 'reselect_candidate'], ['transport_corridor_proxy', 'reselect_candidate'], ['settle_translation', 'support_correction'], ['settle_rotation', 'reselect_candidate']], 'bm_order': ['reselect_candidate', 'support_correction'], 'exact_compute_match': False}",True,0,0.014171096835434664,0.014171096835434664,1.3766176773246555,1.3766176773246555,0.0,0.0,0.013942789394346155,6.850074614165351,0.0
native-13f5298a0fba7dcbc205c0858fd4b893535887e84a1dda9ac1f00ede52742d30,BM_BUDGET_MATCHED_NATIVE,/group/worldcept/code/SimAny/outputs/icra2027/20260907-73ff4ab-v3/sim_recon_sim/scale_up/test_context/slot-702785d1761e856b47e4/BM/build_manifest.json,1fa200bd226e8a386e81a4b5c10c0fb0ac64d60cb0128ca3373257dbb737700e,True,,,True,"{'actions': ['support_correction', 'reselect_candidate'], 'maximum_calls_per_target_dependency': 2, 'support_arguments': 'recomputed from current candidate and same public TRAIN support', 'reselection_arguments': 'other initial generator relative to B3 lineage; retry inherits initial parent tool; same for B4/BM', 'b4_reason_priority': [['public_observation_residual', 'reselect_candidate'], ['initial_penetration', 'support_correction'], ['native_destination_access', 'reselect_candidate'], ['approach_corridor_proxy', 'reselect_candidate'], ['transport_corridor_proxy', 'reselect_candidate'], ['settle_translation', 'support_correction'], ['settle_rotation', 'reselect_candidate']], 'bm_order': ['reselect_candidate', 'support_correction'], 'exact_compute_match': False}",True,2,0.014171096835434664,0.014171096835434664,1.3766176773246555,1.3766176773246555,0.0,0.0,0.013942789394346155,13.085912636015564,6.1410812579561025
native-169cab94f10291685d9311677f1accbf5eb51d5cdbe02697ea6a8c880afbf87f,B3_AGENT_NATIVE,/group/worldcept/code/SimAny/outputs/icra2027/20260907-73ff4ab-v3/sim_recon_sim/scale_up/test_context/slot-898f73ca9577745b0213/B3/build_manifest.json,5b51260d281ba53d107f1e2a7ebd767d3e1e80042a5f3799f2f7c152112c2ccc,False,,,False,"{'actions': ['support_correction', 'reselect_candidate'], 'maximum_calls_per_target_dependency': 2, 'support_arguments': 'recomputed from current candidate and same public TRAIN support', 'reselection_arguments': 'other initial generator relative to B3 lineage; retry inherits initial parent tool; same for B4/BM', 'b4_reason_priority': [['public_observation_residual', 'reselect_candidate'], ['initial_penetration', 'support_correction'], ['native_destination_access', 'reselect_candidate'], ['approach_corridor_proxy', 'reselect_candidate'], ['transport_corridor_proxy', 'reselect_candidate'], ['settle_translation', 'support_correction'], ['settle_rotation', 'reselect_candidate']], 'bm_order': ['reselect_candidate', 'support_correction'], 'exact_compute_match': False}",True,0,0.14419033071401735,0.14419033071401735,20.672725439433382,20.672725439433382,0.05807051276678224,0.05807051276678224,0.03235096371202838,7.481930635171011,0.0
native-169cab94f10291685d9311677f1accbf5eb51d5cdbe02697ea6a8c880afbf87f,B4_ROOM_REPAIR_NATIVE,/group/worldcept/code/SimAny/outputs/icra2027/20260907-73ff4ab-v3/sim_recon_sim/scale_up/test_context/slot-898f73ca9577745b0213/B4/build_manifest.json,7cb41e0f1b2a292068065758fd18f299dbaa19171f6ef0b99b9703bf1134cc93,False,,,True,"{'actions': ['support_correction', 'reselect_candidate'], 'maximum_calls_per_target_dependency': 2, 'support_arguments': 'recomputed from current candidate and same public TRAIN support', 'reselection_arguments': 'other initial generator relative to B3 lineage; retry inherits initial parent tool; same for B4/BM', 'b4_reason_priority': [['public_observation_residual', 'reselect_candidate'], ['initial_penetration', 'support_correction'], ['native_destination_access', 'reselect_candidate'], ['approach_corridor_proxy', 'reselect_candidate'], ['transport_corridor_proxy', 'reselect_candidate'], ['settle_translation', 'support_correction'], ['settle_rotation', 'reselect_candidate']], 'bm_order': ['reselect_candidate', 'support_correction'], 'exact_compute_match': False}",False,2,0.14419033071401735,0.02143023888983428,20.672725439433382,2.0603208912962194,0.05807051276678224,0.018089521529831325,0.04646758310688886,14.49767186702229,7.349209764273837
native-169cab94f10291685d9311677f1accbf5eb51d5cdbe02697ea6a8c880afbf87f,BM_BUDGET_MATCHED_NATIVE,/group/worldcept/code/SimAny/outputs/icra2027/20260907-73ff4ab-v3/sim_recon_sim/scale_up/test_context/slot-898f73ca9577745b0213/BM/build_manifest.json,88a7306adbdc511273dff9babb93fafbbe7e6fd309da0cecc0bf58b3b8f5dfaa,False,,,True,"{'actions': ['support_correction', 'reselect_candidate'], 'maximum_calls_per_target_dependency': 2, 'support_arguments': 'recomputed from current candidate and same public TRAIN support', 'reselection_arguments': 'other initial generator relative to B3 lineage; retry inherits initial parent tool; same for B4/BM', 'b4_reason_priority': [['public_observation_residual', 'reselect_candidate'], ['initial_penetration', 'support_correction'], ['native_destination_access', 'reselect_candidate'], ['approach_corridor_proxy', 'reselect_candidate'], ['transport_corridor_proxy', 'reselect_candidate'], ['settle_translation', 'support_correction'], ['settle_rotation', 'reselect_candidate']], 'bm_order': ['reselect_candidate', 'support_correction'], 'exact_compute_match': False}",False,2,0.14419033071401735,0.02143023888983428,20.672725439433382,2.0603208912962194,0.05807051276678224,0.018089521529831325,0.04646758310688886,14.812160306144506,7.68022393505089
native-1ea721e4c2ed85b5b536d2161d64480eeba9adeca93317442ba0050f1db7e155,B3_AGENT_NATIVE,/group/worldcept/code/SimAny/outputs/icra2027/20260907-73ff4ab-v3/sim_recon_sim/scale_up/test_context/slot-62680e1db62881ff73f4/B3/build_manifest.json,ff2b2a1cf3330048e9dddd9a1beb246509f65e5c81c159d6e2cb0b82adc2342c,False,,,False,"{'actions': ['support_correction', 'reselect_candidate'], 'maximum_calls_per_target_dependency': 2, 'support_arguments': 'recomputed from current candidate and same public TRAIN support', 'reselection_arguments': 'other initial generator relative to B3 lineage; retry inherits initial parent tool; same for B4/BM', 'b4_reason_priority': [['public_observation_residual', 'reselect_candidate'], ['initial_penetration', 'support_correction'], ['native_destination_access', 'reselect_candidate'], ['approach_corridor_proxy', 'reselect_candidate'], ['transport_corridor_proxy', 'reselect_candidate'], ['settle_translation', 'support_correction'], ['settle_rotation', 'reselect_candidate']], 'bm_order': ['reselect_candidate', 'support_correction'], 'exact_compute_match': False}",True,0,0.007208490872912905,0.007208490872912905,1.4837225629618327,1.4837225629618327,0.0,0.0,0.008402593218053905,6.725954237161204,0.0
native-1ea721e4c2ed85b5b536d2161d64480eeba9adeca93317442ba0050f1db7e155,B4_ROOM_REPAIR_NATIVE,/group/worldcept/code/SimAny/outputs/icra2027/20260907-73ff4ab-v3/sim_recon_sim/scale_up/test_context/slot-62680e1db62881ff73f4/B4/build_manifest.json,e625e2077d074c1c48332ac9e38421bf2404c8a67add51269ebde6874352a40e,False,,,True,"{'actions': ['support_correction', 'reselect_candidate'], 'maximum_calls_per_target_dependency': 2, 'support_arguments': 'recomputed from current candidate and same public TRAIN support', 'reselection_arguments': 'other initial generator relative to B3 lineage; retry inherits initial parent tool; same for B4/BM', 'b4_reason_priority': [['public_observation_residual', 'reselect_candidate'], ['initial_penetration', 'support_correction'], ['native_destination_access', 'reselect_candidate'], ['approach_corridor_proxy', 'reselect_candidate'], ['transport_corridor_proxy', 'reselect_candidate'], ['settle_translation', 'support_correction'], ['settle_rotation', 'reselect_candidate']], 'bm_order': ['reselect_candidate', 'support_correction'], 'exact_compute_match': False}",False,2,0.007208490872912905,0.007208490872912905,1.4837225629618327,1.4837225629618327,0.0,0.0,0.008402593218053905,11.815879879985005,5.359333201078698
native-1ea721e4c2ed85b5b536d2161d64480eeba9adeca93317442ba0050f1db7e155,BM_BUDGET_MATCHED_NATIVE,/group/worldcept/code/SimAny/outputs/icra2027/20260907-73ff4ab-v3/sim_recon_sim/scale_up/test_context/slot-62680e1db62881ff73f4/BM/build_manifest.json,6c1e359d054cd6f3ee0f05c51f82a6e5d51d5ecc0e0eeca38b1fe777a3f89d51,False,,,True,"{'actions': ['support_correction', 'reselect_candidate'], 'maximum_calls_per_target_dependency': 2, 'support_arguments': 'recomputed from current candidate and same public TRAIN support', 'reselection_arguments': 'other initial generator relative to B3 lineage; retry inherits initial parent tool; same for B4/BM', 'b4_reason_priority': [['public_observation_residual', 'reselect_candidate'], ['initial_penetration', 'support_correction'], ['native_destination_access', 'reselect_candidate'], ['approach_corridor_proxy', 'reselect_candidate'], ['transport_corridor_proxy', 'reselect_candidate'], ['settle_translation', 'support_correction'], ['settle_rotation', 'reselect_candidate']], 'bm_order': ['reselect_candidate', 'support_correction'], 'exact_compute_match': False}",False,2,0.007208490872912905,0.007208490872912905,1.4837225629618327,1.4837225629618327,0.0,0.0,0.008402593218053905,11.919023491907865,5.392387130996212
native-1f22fd7f339f3c224bec1091cc694375a813941f3a784d3983cfec09d0400038,B3_AGENT_NATIVE,/group/worldcept/code/SimAny/outputs/icra2027/20260907-73ff4ab-v3/sim_recon_sim/scale_up/test_context/slot-6c19079e3806eb6d2fcf/B3/build_manifest.json,a417da3354dc7193c056b43cf94a4e296bd579b4820dd658cd396c2b234fcd6d,False,,,False,"{'actions': ['support_correction', 'reselect_candidate'], 'maximum_calls_per_target_dependency': 2, 'support_arguments': 'recomputed from current candidate and same public TRAIN support', 'reselection_arguments': 'other initial generator relative to B3 lineage; retry inherits initial parent tool; same for B4/BM', 'b4_reason_priority': [['public_observation_residual', 'reselect_candidate'], ['initial_penetration', 'support_correction'], ['native_destination_access', 'reselect_candidate'], ['approach_corridor_proxy', 'reselect_candidate'], ['transport_corridor_proxy', 'reselect_candidate'], ['settle_translation', 'support_correction'], ['settle_rotation', 'reselect_candidate']], 'bm_order': ['reselect_candidate', 'support_correction'], 'exact_compute_match': False}",True,0,0.002058370092989539,0.002058370092989539,0.7207212207670389,0.7207212207670389,0.0197720255618891,0.0197720255618891,0.014784036579584527,8.470735583920032,0.0
native-1f22fd7f339f3c224bec1091cc694375a813941f3a784d3983cfec09d0400038,B4_ROOM_REPAIR_NATIVE,/group/worldcept/code/SimAny/outputs/icra2027/20260907-73ff4ab-v3/sim_recon_sim/scale_up/test_context/slot-6c19079e3806eb6d2fcf/B4/build_manifest.json,150b44420048bf4ac0927c01ff67f529844d1a6018b833b05b6eed57c9e812db,False,,,True,"{'actions': ['support_correction', 'reselect_candidate'], 'maximum_calls_per_target_dependency': 2, 'support_arguments': 'recomputed from current candidate and same public TRAIN support', 'reselection_arguments': 'other initial generator relative to B3 lineage; retry inherits initial parent tool; same for B4/BM', 'b4_reason_priority': [['public_observation_residual', 'reselect_candidate'], ['initial_penetration', 'support_correction'], ['native_destination_access', 'reselect_candidate'], ['approach_corridor_proxy', 'reselect_candidate'], ['transport_corridor_proxy', 'reselect_candidate'], ['settle_translation', 'support_correction'], ['settle_rotation', 'reselect_candidate']], 'bm_order': ['reselect_candidate', 'support_correction'], 'exact_compute_match': False}",False,2,0.002058370092989539,0.002029999095546722,0.7207212207670389,0.7154835347963964,0.0197720255618891,0.0197700258588535,0.014784558288015053,14.361639868002385,6.681718276115134
native-1f22fd7f339f3c224bec1091cc694375a813941f3a784d3983cfec09d0400038,BM_BUDGET_MATCHED_NATIVE,/group/worldcept/code/SimAny/outputs/icra2027/20260907-73ff4ab-v3/sim_recon_sim/scale_up/test_context/slot-6c19079e3806eb6d2fcf/BM/build_manifest.json,80741788c26626b8a542df241d9aa76fefb35a71e5e4b26522baea26fc165ecb,False,,,True,"{'actions': ['support_correction', 'reselect_candidate'], 'maximum_calls_per_target_dependency': 2, 'support_arguments': 'recomputed from current candidate and same public TRAIN support', 'reselection_arguments': 'other initial generator relative to B3 lineage; retry inherits initial parent tool; same for B4/BM', 'b4_reason_priority': [['public_observation_residual', 'reselect_candidate'], ['initial_penetration', 'support_correction'], ['native_destination_access', 'reselect_candidate'], ['approach_corridor_proxy', 'reselect_candidate'], ['transport_corridor_proxy', 'reselect_candidate'], ['settle_translation', 'support_correction'], ['settle_rotation', 'reselect_candidate']], 'bm_order': ['reselect_candidate', 'support_correction'], 'exact_compute_match': False}",False,2,0.002058370092989539,0.002058370092989539,0.7207212207670389,0.7207212207670389,0.0197720255618891,0.0197720255618891,0.014784036579584527,15.092356876004487,7.620962585089728
native-29385b26f4a5c4b4a50eb708dff767aff9483f106e4b2e03e92043eab6e43ba3,B3_AGENT_NATIVE,/group/worldcept/code/SimAny/outputs/icra2027/20260907-73ff4ab-v3/sim_recon_sim/scale_up/test_context/slot-4cb8248fbd47bc306e29/B3/build_manifest.json,c464a6d852d05b7b66fc58c16f13de77b10613c67481364eb54e9f6bd0dd737a,False,,,False,"{'actions': ['support_correction', 'reselect_candidate'], 'maximum_calls_per_target_dependency': 2, 'support_arguments': 'recomputed from current candidate and same public TRAIN support', 'reselection_arguments': 'other initial generator relative to B3 lineage; retry inherits initial parent tool; same for B4/BM', 'b4_reason_priority': [['public_observation_residual', 'reselect_candidate'], ['initial_penetration', 'support_correction'], ['native_destination_access', 'reselect_candidate'], ['approach_corridor_proxy', 'reselect_candidate'], ['transport_corridor_proxy', 'reselect_candidate'], ['settle_translation', 'support_correction'], ['settle_rotation', 'reselect_candidate']], 'bm_order': ['reselect_candidate', 'support_correction'], 'exact_compute_match': False}",True,0,0.011069378581146271,0.011069378581146271,0.4331039550825717,0.4331039550825717,0.0,0.0,0.02534433126414034,6.220764125930145,0.0
native-29385b26f4a5c4b4a50eb708dff767aff9483f106e4b2e03e92043eab6e43ba3,B4_ROOM_REPAIR_NATIVE,/group/worldcept/code/SimAny/outputs/icra2027/20260907-73ff4ab-v3/sim_recon_sim/scale_up/test_context/slot-4cb8248fbd47bc306e29/B4/build_manifest.json,c4ac6b07af9dd599ccf877ba9b6e5d5b20adf15e38e6ccefb1327b40c84cc128,False,,,True,"{'actions': ['support_correction', 'reselect_candidate'], 'maximum_calls_per_target_dependency': 2, 'support_arguments': 'recomputed from current candidate and same public TRAIN support', 'reselection_arguments': 'other initial generator relative to B3 lineage; retry inherits initial parent tool; same for B4/BM', 'b4_reason_priority': [['public_observation_residual', 'reselect_candidate'], ['initial_penetration', 'support_correction'], ['native_destination_access', 'reselect_candidate'], ['approach_corridor_proxy', 'reselect_candidate'], ['transport_corridor_proxy', 'reselect_candidate'], ['settle_translation', 'support_correction'], ['settle_rotation', 'reselect_candidate']], 'bm_order': ['reselect_candidate', 'support_correction'], 'exact_compute_match': False}",False,2,0.011069378581146271,0.011069378581146271,0.4331039550825717,0.4331039550825717,0.0,0.0,0.02534433126414034,12.10272022197023,5.885246169054881
native-29385b26f4a5c4b4a50eb708dff767aff9483f106e4b2e03e92043eab6e43ba3,BM_BUDGET_MATCHED_NATIVE,/group/worldcept/code/SimAny/outputs/icra2027/20260907-73ff4ab-v3/sim_recon_sim/scale_up/test_context/slot-4cb8248fbd47bc306e29/BM/build_manifest.json,2f62661902a204c72671a208d2f59f0b6d6ca725b979777e1e25d41a944ff74f,False,,,True,"{'actions': ['support_correction', 'reselect_candidate'], 'maximum_calls_per_target_dependency': 2, 'support_arguments': 'recomputed from current candidate and same public TRAIN support', 'reselection_arguments': 'other initial generator relative to B3 lineage; retry inherits initial parent tool; same for B4/BM', 'b4_reason_priority': [['public_observation_residual', 'reselect_candidate'], ['initial_penetration', 'support_correction'], ['native_destination_access', 'reselect_candidate'], ['approach_corridor_proxy', 'reselect_candidate'], ['transport_corridor_proxy', 'reselect_candidate'], ['settle_translation', 'support_correction'], ['settle_rotation', 'reselect_candidate']], 'bm_order': ['reselect_candidate', 'support_correction'], 'exact_compute_match': False}",False,2,0.011069378581146271,0.011069378581146271,0.4331039550825717,0.4331039550825717,0.0,0.0,0.02534433126414034,12.149485073052347,5.950202766107395
native-41795f0dda8cdd5bb396e629e8a242cfa5a1551fe0e7475c4ce71a3e13e10cfd,B3_AGENT_NATIVE,/group/worldcept/code/SimAny/outputs/icra2027/20260907-73ff4ab-v3/sim_recon_sim/scale_up/test_context/slot-1f7217a3f53cd28c0c3c/B3/build_manifest.json,993e3db736af44b74aee09e081c82460c814aba88ba74f3e51deda197972f5f2,False,,,False,"{'actions': ['support_correction', 'reselect_candidate'], 'maximum_calls_per_target_dependency': 2, 'support_arguments': 'recomputed from current candidate and same public TRAIN support', 'reselection_arguments': 'other initial generator relative to B3 lineage; retry inherits initial parent tool; same for B4/BM', 'b4_reason_priority': [['public_observation_residual', 'reselect_candidate'], ['initial_penetration', 'support_correction'], ['native_destination_access', 'reselect_candidate'], ['approach_corridor_proxy', 'reselect_candidate'], ['transport_corridor_proxy', 'reselect_candidate'], ['settle_translation', 'support_correction'], ['settle_rotation', 'reselect_candidate']], 'bm_order': ['reselect_candidate', 'support_correction'], 'exact_compute_match': False}",True,0,0.0837536885454172,0.0837536885454172,67.46380386273921,67.46380386273921,0.0,0.0,0.008817193139979973,10.409403979079798,0.0
native-41795f0dda8cdd5bb396e629e8a242cfa5a1551fe0e7475c4ce71a3e13e10cfd,B4_ROOM_REPAIR_NATIVE,/group/worldcept/code/SimAny/outputs/icra2027/20260907-73ff4ab-v3/sim_recon_sim/scale_up/test_context/slot-1f7217a3f53cd28c0c3c/B4/build_manifest.json,1bb65583bb9a20ad0d42d895c3e6639373c5dc7891d0f18c3de0cddd8a9a8a4b,False,,,True,"{'actions': ['support_correction', 'reselect_candidate'], 'maximum_calls_per_target_dependency': 2, 'support_arguments': 'recomputed from current candidate and same public TRAIN support', 'reselection_arguments': 'other initial generator relative to B3 lineage; retry inherits initial parent tool; same for B4/BM', 'b4_reason_priority': [['public_observation_residual', 'reselect_candidate'], ['initial_penetration', 'support_correction'], ['native_destination_access', 'reselect_candidate'], ['approach_corridor_proxy', 'reselect_candidate'], ['transport_corridor_proxy', 'reselect_candidate'], ['settle_translation', 'support_correction'], ['settle_rotation', 'reselect_candidate']], 'bm_order': ['reselect_candidate', 'support_correction'], 'exact_compute_match': False}",False,1,0.0837536885454172,0.0837536885454172,67.46380386273921,67.46380386273921,0.0,0.0,0.008817193139979973,9.44866646709852,2.6988149378448725
native-41795f0dda8cdd5bb396e629e8a242cfa5a1551fe0e7475c4ce71a3e13e10cfd,BM_BUDGET_MATCHED_NATIVE,/group/worldcept/code/SimAny/outputs/icra2027/20260907-73ff4ab-v3/sim_recon_sim/scale_up/test_context/slot-1f7217a3f53cd28c0c3c/BM/build_manifest.json,7bc9034bd45a7ad1e9082c9a545b7d1a11a44b852141a016e0e8a67e13766877,False,,,True,"{'actions': ['support_correction', 'reselect_candidate'], 'maximum_calls_per_target_dependency': 2, 'support_arguments': 'recomputed from current candidate and same public TRAIN support', 'reselection_arguments': 'other initial generator relative to B3 lineage; retry inherits initial parent tool; same for B4/BM', 'b4_reason_priority': [['public_observation_residual', 'reselect_candidate'], ['initial_penetration', 'support_correction'], ['native_destination_access', 'reselect_candidate'], ['approach_corridor_proxy', 'reselect_candidate'], ['transport_corridor_proxy', 'reselect_candidate'], ['settle_translation', 'support_correction'], ['settle_rotation', 'reselect_candidate']], 'bm_order': ['reselect_candidate', 'support_correction'], 'exact_compute_match': False}",False,1,0.0837536885454172,0.0837536885454172,67.46380386273921,67.46380386273921,0.0,0.0,0.008817193139979973,9.275560583919287,2.7596763169858605
native-514c2f4b7101e50cd6d82b6f0d096666ee195c4a22f17afa55cd79c6414b24e9,B3_AGENT_NATIVE,/group/worldcept/code/SimAny/outputs/icra2027/20260907-73ff4ab-v3/sim_recon_sim/scale_up/test_context/slot-25c4b81fdad375334571/B3/build_manifest.json,667dc18de76f60aafe256503dd85414a2ebf71ee43996e2b7d381faacc743db1,False,,,False,"{'actions': ['support_correction', 'reselect_candidate'], 'maximum_calls_per_target_dependency': 2, 'support_arguments': 'recomputed from current candidate and same public TRAIN support', 'reselection_arguments': 'other initial generator relative to B3 lineage; retry inherits initial parent tool; same for B4/BM', 'b4_reason_priority': [['public_observation_residual', 'reselect_candidate'], ['initial_penetration', 'support_correction'], ['native_destination_access', 'reselect_candidate'], ['approach_corridor_proxy', 'reselect_candidate'], ['transport_corridor_proxy', 'reselect_candidate'], ['settle_translation', 'support_correction'], ['settle_rotation', 'reselect_candidate']], 'bm_order': ['reselect_candidate', 'support_correction'], 'exact_compute_match': False}",True,0,0.035824973558370866,0.035824973558370866,43.003738693197256,43.003738693197256,0.00037979106723773354,0.00037979106723773354,0.01368704211694534,6.915306148119271,0.0
native-514c2f4b7101e50cd6d82b6f0d096666ee195c4a22f17afa55cd79c6414b24e9,B4_ROOM_REPAIR_NATIVE,/group/worldcept/code/SimAny/outputs/icra2027/20260907-73ff4ab-v3/sim_recon_sim/scale_up/test_context/slot-25c4b81fdad375334571/B4/build_manifest.json,1e034e914e21031c261203d1a3b8c128dcc07cf17f2fad350aa328d20ae64acb,False,,,True,"{'actions': ['support_correction', 'reselect_candidate'], 'maximum_calls_per_target_dependency': 2, 'support_arguments': 'recomputed from current candidate and same public TRAIN support', 'reselection_arguments': 'other initial generator relative to B3 lineage; retry inherits initial parent tool; same for B4/BM', 'b4_reason_priority': [['public_observation_residual', 'reselect_candidate'], ['initial_penetration', 'support_correction'], ['native_destination_access', 'reselect_candidate'], ['approach_corridor_proxy', 'reselect_candidate'], ['transport_corridor_proxy', 'reselect_candidate'], ['settle_translation', 'support_correction'], ['settle_rotation', 'reselect_candidate']], 'bm_order': ['reselect_candidate', 'support_correction'], 'exact_compute_match': False}",False,2,0.035824973558370866,0.035824973558370866,43.003738693197256,43.003738693197256,0.00037979106723773354,0.00037979106723773354,0.01368704211694534,12.580442724050954,5.720392217859626
native-514c2f4b7101e50cd6d82b6f0d096666ee195c4a22f17afa55cd79c6414b24e9,BM_BUDGET_MATCHED_NATIVE,/group/worldcept/code/SimAny/outputs/icra2027/20260907-73ff4ab-v3/sim_recon_sim/scale_up/test_context/slot-25c4b81fdad375334571/BM/build_manifest.json,41c62270b0a1337cc37dad06b57d8866be8d65b6c0f647a1245721effc8498b8,False,,,True,"{'actions': ['support_correction', 'reselect_candidate'], 'maximum_calls_per_target_dependency': 2, 'support_arguments': 'recomputed from current candidate and same public TRAIN support', 'reselection_arguments': 'other initial generator relative to B3 lineage; retry inherits initial parent tool; same for B4/BM', 'b4_reason_priority': [['public_observation_residual', 'reselect_candidate'], ['initial_penetration', 'support_correction'], ['native_destination_access', 'reselect_candidate'], ['approach_corridor_proxy', 'reselect_candidate'], ['transport_corridor_proxy', 'reselect_candidate'], ['settle_translation', 'support_correction'], ['settle_rotation', 'reselect_candidate']], 'bm_order': ['reselect_candidate', 'support_correction'], 'exact_compute_match': False}",False,2,0.035824973558370866,0.035824973558370866,43.003738693197256,43.003738693197256,0.00037979106723773354,0.00037979106723773354,0.01368704211694534,17.256429573055357,7.9355320918839425
native-5210f5e908829b3f19ea08628c8785bef30f41a5079aae8655acaa8754bab6b7,B3_AGENT_NATIVE,/group/worldcept/code/SimAny/outputs/icra2027/20260907-73ff4ab-v3/sim_recon_sim/scale_up/test_context/slot-8346f8a99d21d4aa117c/B3/build_manifest.json,b48ace43013f41de77afde3e0548fde070b548e0b2b61cff5abf388328990134,False,,,False,"{'actions': ['support_correction', 'reselect_candidate'], 'maximum_calls_per_target_dependency': 2, 'support_arguments': 'recomputed from current candidate and same public TRAIN support', 'reselection_arguments': 'other initial generator relative to B3 lineage; retry inherits initial parent tool; same for B4/BM', 'b4_reason_priority': [['public_observation_residual', 'reselect_candidate'], ['initial_penetration', 'support_correction'], ['native_destination_access', 'reselect_candidate'], ['approach_corridor_proxy', 'reselect_candidate'], ['transport_corridor_proxy', 'reselect_candidate'], ['settle_translation', 'support_correction'], ['settle_rotation', 'reselect_candidate']], 'bm_order': ['reselect_candidate', 'support_correction'], 'exact_compute_match': False}",True,0,0.03725066953229308,0.03725066953229308,104.40059944998208,104.40059944998208,0.0,0.0,0.014038937590864026,6.7722349860705435,0.0
native-5210f5e908829b3f19ea08628c8785bef30f41a5079aae8655acaa8754bab6b7,B4_ROOM_REPAIR_NATIVE,/group/worldcept/code/SimAny/outputs/icra2027/20260907-73ff4ab-v3/sim_recon_sim/scale_up/test_context/slot-8346f8a99d21d4aa117c/B4/build_manifest.json,d95575c2373711e61898c71515aa7babe359b99ac85135b8ea1bf34d62cbdb91,False,,,True,"{'actions': ['support_correction', 'reselect_candidate'], 'maximum_calls_per_target_dependency': 2, 'support_arguments': 'recomputed from current candidate and same public TRAIN support', 'reselection_arguments': 'other initial generator relative to B3 lineage; retry inherits initial parent tool; same for B4/BM', 'b4_reason_priority': [['public_observation_residual', 'reselect_candidate'], ['initial_penetration', 'support_correction'], ['native_destination_access', 'reselect_candidate'], ['approach_corridor_proxy', 'reselect_candidate'], ['transport_corridor_proxy', 'reselect_candidate'], ['settle_translation', 'support_correction'], ['settle_rotation', 'reselect_candidate']], 'bm_order': ['reselect_candidate', 'support_correction'], 'exact_compute_match': False}",False,2,0.03725066953229308,0.02972149039900433,104.40059944998208,104.396655843422,0.0,0.0,0.017058545572566038,12.199372488074005,5.625998106319457
native-5210f5e908829b3f19ea08628c8785bef30f41a5079aae8655acaa8754bab6b7,BM_BUDGET_MATCHED_NATIVE,/group/worldcept/code/SimAny/outputs/icra2027/20260907-73ff4ab-v3/sim_recon_sim/scale_up/test_context/slot-8346f8a99d21d4aa117c/BM/build_manifest.json,130013a0ef13d3ef14a72b9ac646ba7e658591cc76ca4b396d696e7eb82b7587,False,,,True,"{'actions': ['support_correction', 'reselect_candidate'], 'maximum_calls_per_target_dependency': 2, 'support_arguments': 'recomputed from current candidate and same public TRAIN support', 'reselection_arguments': 'other initial generator relative to B3 lineage; retry inherits initial parent tool; same for B4/BM', 'b4_reason_priority': [['public_observation_residual', 'reselect_candidate'], ['initial_penetration', 'support_correction'], ['native_destination_access', 'reselect_candidate'], ['approach_corridor_proxy', 'reselect_candidate'], ['transport_corridor_proxy', 'reselect_candidate'], ['settle_translation', 'support_correction'], ['settle_rotation', 'reselect_candidate']], 'bm_order': ['reselect_candidate', 'support_correction'], 'exact_compute_match': False}",False,2,0.03725066953229308,0.03725066953229308,104.40059944998208,104.40059944998208,0.0,0.0,0.014038937590864026,12.824876602971926,5.965351111954078
native-54a6eb7f113e36993b2e804ecd14aafe0781b3e5c771eae51647f43f0ace4d3e,B3_AGENT_NATIVE,/group/worldcept/code/SimAny/outputs/icra2027/20260907-73ff4ab-v3/sim_recon_sim/scale_up/test_context/slot-1c12949f0b8463a7d59b/B3/build_manifest.json,34399d1fcc71a1a0dfc3b08440167ea69b177a5db0b75872fe762756c9097eb1,False,,,False,"{'actions': ['support_correction', 'reselect_candidate'], 'maximum_calls_per_target_dependency': 2, 'support_arguments': 'recomputed from current candidate and same public TRAIN support', 'reselection_arguments': 'other initial generator relative to B3 lineage; retry inherits initial parent tool; same for B4/BM', 'b4_reason_priority': [['public_observation_residual', 'reselect_candidate'], ['initial_penetration', 'support_correction'], ['native_destination_access', 'reselect_candidate'], ['approach_corridor_proxy', 'reselect_candidate'], ['transport_corridor_proxy', 'reselect_candidate'], ['settle_translation', 'support_correction'], ['settle_rotation', 'reselect_candidate']], 'bm_order': ['reselect_candidate', 'support_correction'], 'exact_compute_match': False}",True,0,0.017303972722608606,0.017303972722608606,25.08384474823452,25.08384474823452,0.0,0.0,0.006878159015441034,7.669369187904522,0.0
native-54a6eb7f113e36993b2e804ecd14aafe0781b3e5c771eae51647f43f0ace4d3e,B4_ROOM_REPAIR_NATIVE,/group/worldcept/code/SimAny/outputs/icra2027/20260907-73ff4ab-v3/sim_recon_sim/scale_up/test_context/slot-1c12949f0b8463a7d59b/B4/build_manifest.json,177c12e095450baf95e0ce56665b696e550078ff82ba6c59f1befa7b734d51d0,True,,,True,"{'actions': ['support_correction', 'reselect_candidate'], 'maximum_calls_per_target_dependency': 2, 'support_arguments': 'recomputed from current candidate and same public TRAIN support', 'reselection_arguments': 'other initial generator relative to B3 lineage; retry inherits initial parent tool; same for B4/BM', 'b4_reason_priority': [['public_observation_residual', 'reselect_candidate'], ['initial_penetration', 'support_correction'], ['native_destination_access', 'reselect_candidate'], ['approach_corridor_proxy', 'reselect_candidate'], ['transport_corridor_proxy', 'reselect_candidate'], ['settle_translation', 'support_correction'], ['settle_rotation', 'reselect_candidate']], 'bm_order': ['reselect_candidate', 'support_correction'], 'exact_compute_match': False}",True,1,0.017303972722608606,0.010286900030439656,25.08384474823452,0.0063715849929517725,0.0,0.0,0.011078122877195092,9.437908730003983,2.8368116607889533
native-54a6eb7f113e36993b2e804ecd14aafe0781b3e5c771eae51647f43f0ace4d3e,BM_BUDGET_MATCHED_NATIVE,/group/worldcept/code/SimAny/outputs/icra2027/20260907-73ff4ab-v3/sim_recon_sim/scale_up/test_context/slot-1c12949f0b8463a7d59b/BM/build_manifest.json,89296f7e52c6b4415cc83f85cfb2ae1e16477b57474fa03770e1966fab3b5756,True,,,True,"{'actions': ['support_correction', 'reselect_candidate'], 'maximum_calls_per_target_dependency': 2, 'support_arguments': 'recomputed from current candidate and same public TRAIN support', 'reselection_arguments': 'other initial generator relative to B3 lineage; retry inherits initial parent tool; same for B4/BM', 'b4_reason_priority': [['public_observation_residual', 'reselect_candidate'], ['initial_penetration', 'support_correction'], ['native_destination_access', 'reselect_candidate'], ['approach_corridor_proxy', 'reselect_candidate'], ['transport_corridor_proxy', 'reselect_candidate'], ['settle_translation', 'support_correction'], ['settle_rotation', 'reselect_candidate']], 'bm_order': ['reselect_candidate', 'support_correction'], 'exact_compute_match': False}",True,2,0.017303972722608606,0.010286900030439656,25.08384474823452,0.0063715849929517725,0.0,0.0,0.011078122877195092,13.331654618028551,6.579207748873159
native-5644ccc3513a6015e787e9698468b719ec757ef7f59f908364289d80673fa474,B3_AGENT_NATIVE,/group/worldcept/code/SimAny/outputs/icra2027/20260907-73ff4ab-v3/sim_recon_sim/scale_up/test_context/slot-adb1037b0fb448e8e71f/B3/build_manifest.json,54efe961e852f76165b94b08d9816c78fc59174ea5b35b6668ebe30402540c3a,True,,,False,"{'actions': ['support_correction', 'reselect_candidate'], 'maximum_calls_per_target_dependency': 2, 'support_arguments': 'recomputed from current candidate and same public TRAIN support', 'reselection_arguments': 'other initial generator relative to B3 lineage; retry inherits initial parent tool; same for B4/BM', 'b4_reason_priority': [['public_observation_residual', 'reselect_candidate'], ['initial_penetration', 'support_correction'], ['native_destination_access', 'reselect_candidate'], ['approach_corridor_proxy', 'reselect_candidate'], ['transport_corridor_proxy', 'reselect_candidate'], ['settle_translation', 'support_correction'], ['settle_rotation', 'reselect_candidate']], 'bm_order': ['reselect_candidate', 'support_correction'], 'exact_compute_match': False}",True,0,0.005821385839245216,0.005821385839245216,14.785501095154864,14.785501095154864,0.0,0.0,0.009673678963733664,5.922496659914032,0.0
native-5644ccc3513a6015e787e9698468b719ec757ef7f59f908364289d80673fa474,B4_ROOM_REPAIR_NATIVE,/group/worldcept/code/SimAny/outputs/icra2027/20260907-73ff4ab-v3/sim_recon_sim/scale_up/test_context/slot-adb1037b0fb448e8e71f/B4/build_manifest.json,ea742864c7fad614cc76a29b4c40fc6462627789bebd9d4575144fe4dacc6af5,True,,,True,"{'actions': ['support_correction', 'reselect_candidate'], 'maximum_calls_per_target_dependency': 2, 'support_arguments': 'recomputed from current candidate and same public TRAIN support', 'reselection_arguments': 'other initial generator relative to B3 lineage; retry inherits initial parent tool; same for B4/BM', 'b4_reason_priority': [['public_observation_residual', 'reselect_candidate'], ['initial_penetration', 'support_correction'], ['native_destination_access', 'reselect_candidate'], ['approach_corridor_proxy', 'reselect_candidate'], ['transport_corridor_proxy', 'reselect_candidate'], ['settle_translation', 'support_correction'], ['settle_rotation', 'reselect_candidate']], 'bm_order': ['reselect_candidate', 'support_correction'], 'exact_compute_match': False}",True,0,0.005821385839245216,0.005821385839245216,14.785501095154864,14.785501095154864,0.0,0.0,0.009673678963733664,4.86449937405996,0.0
native-5644ccc3513a6015e787e9698468b719ec757ef7f59f908364289d80673fa474,BM_BUDGET_MATCHED_NATIVE,/group/worldcept/code/SimAny/outputs/icra2027/20260907-73ff4ab-v3/sim_recon_sim/scale_up/test_context/slot-adb1037b0fb448e8e71f/BM/build_manifest.json,afce7ea033b45c4b917ae834ccea057b7ad073fbee85abfd41ee70dac651b061,True,,,True,"{'actions': ['support_correction', 'reselect_candidate'], 'maximum_calls_per_target_dependency': 2, 'support_arguments': 'recomputed from current candidate and same public TRAIN support', 'reselection_arguments': 'other initial generator relative to B3 lineage; retry inherits initial parent tool; same for B4/BM', 'b4_reason_priority': [['public_observation_residual', 'reselect_candidate'], ['initial_penetration', 'support_correction'], ['native_destination_access', 'reselect_candidate'], ['approach_corridor_proxy', 'reselect_candidate'], ['transport_corridor_proxy', 'reselect_candidate'], ['settle_translation', 'support_correction'], ['settle_rotation', 'reselect_candidate']], 'bm_order': ['reselect_candidate', 'support_correction'], 'exact_compute_match': False}",True,2,0.005821385839245216,0.005821385839245216,14.785501095154864,14.785501095154864,0.0,0.0,0.009673678963733664,9.043638199800625,4.002975163049996
native-5697c97e9d208786578b9b8b92e95a27161fb1b6fdf41b532f6a4b7cf1bcb6dd,B3_AGENT_NATIVE,/group/worldcept/code/SimAny/outputs/icra2027/20260907-73ff4ab-v3/sim_recon_sim/scale_up/test_context/slot-3952be9aaf65238e0fb7/B3/build_manifest.json,d90664f32165aa059eb9c5b98198b63f1023c5034d43123aea201e7cef06fd0d,False,,,False,"{'actions': ['support_correction', 'reselect_candidate'], 'maximum_calls_per_target_dependency': 2, 'support_arguments': 'recomputed from current candidate and same public TRAIN support', 'reselection_arguments': 'other initial generator relative to B3 lineage; retry inherits initial parent tool; same for B4/BM', 'b4_reason_priority': [['public_observation_residual', 'reselect_candidate'], ['initial_penetration', 'support_correction'], ['native_destination_access', 'reselect_candidate'], ['approach_corridor_proxy', 'reselect_candidate'], ['transport_corridor_proxy', 'reselect_candidate'], ['settle_translation', 'support_correction'], ['settle_rotation', 'reselect_candidate']], 'bm_order': ['reselect_candidate', 'support_correction'], 'exact_compute_match': False}",True,0,0.01952926149644745,0.01952926149644745,21.997154853065414,21.997154853065414,0.0,0.0,0.009514842775320682,11.144159042974934,0.0
native-5697c97e9d208786578b9b8b92e95a27161fb1b6fdf41b532f6a4b7cf1bcb6dd,B4_ROOM_REPAIR_NATIVE,/group/worldcept/code/SimAny/outputs/icra2027/20260907-73ff4ab-v3/sim_recon_sim/scale_up/test_context/slot-3952be9aaf65238e0fb7/B4/build_manifest.json,bb45a7b90b9d8c3df77b0395e5c3e470f2dfd14d26952d76b86a462e26319ec1,True,,,True,"{'actions': ['support_correction', 'reselect_candidate'], 'maximum_calls_per_target_dependency': 2, 'support_arguments': 'recomputed from current candidate and same public TRAIN support', 'reselection_arguments': 'other initial generator relative to B3 lineage; retry inherits initial parent tool; same for B4/BM', 'b4_reason_priority': [['public_observation_residual', 'reselect_candidate'], ['initial_penetration', 'support_correction'], ['native_destination_access', 'reselect_candidate'], ['approach_corridor_proxy', 'reselect_candidate'], ['transport_corridor_proxy', 'reselect_candidate'], ['settle_translation', 'support_correction'], ['settle_rotation', 'reselect_candidate']], 'bm_order': ['reselect_candidate', 'support_correction'], 'exact_compute_match': False}",True,1,0.01952926149644745,0.014056476962032436,21.997154853065414,4.555416376762077,0.0,0.0,0.012507199929257664,12.601472009904683,2.9347582571208477
native-5697c97e9d208786578b9b8b92e95a27161fb1b6fdf41b532f6a4b7cf1bcb6dd,BM_BUDGET_MATCHED_NATIVE,/group/worldcept/code/SimAny/outputs/icra2027/20260907-73ff4ab-v3/sim_recon_sim/scale_up/test_context/slot-3952be9aaf65238e0fb7/BM/build_manifest.json,6e1fd717a6388ab12bb574d8d2ce4fe0ec48b02688b1d4dce9c842f8d5a103a6,True,,,True,"{'actions': ['support_correction', 'reselect_candidate'], 'maximum_calls_per_target_dependency': 2, 'support_arguments': 'recomputed from current candidate and same public TRAIN support', 'reselection_arguments': 'other initial generator relative to B3 lineage; retry inherits initial parent tool; same for B4/BM', 'b4_reason_priority': [['public_observation_residual', 'reselect_candidate'], ['initial_penetration', 'support_correction'], ['native_destination_access', 'reselect_candidate'], ['approach_corridor_proxy', 'reselect_candidate'], ['transport_corridor_proxy', 'reselect_candidate'], ['settle_translation', 'support_correction'], ['settle_rotation', 'reselect_candidate']], 'bm_order': ['reselect_candidate', 'support_correction'], 'exact_compute_match': False}",True,2,0.01952926149644745,0.014056476962032436,21.997154853065414,4.555416376762077,0.0,0.0,0.012507199929257664,16.323934678919613,6.412679304135963
native-56f16a109f568e00bd0de542b4685c26ccbf3e4d74c0555d0e9df8a07c101ee1,B3_AGENT_NATIVE,/group/worldcept/code/SimAny/outputs/icra2027/20260907-73ff4ab-v3/sim_recon_sim/scale_up/test_context/slot-6c9298095b8182eb21a1/B3/build_manifest.json,994bffb4b2b8dbfadd01c466c2fc2d33c55e2ca78c94a6a6f3c7923498bbeb4b,True,,,False,"{'actions': ['support_correction', 'reselect_candidate'], 'maximum_calls_per_target_dependency': 2, 'support_arguments': 'recomputed from current candidate and same public TRAIN support', 'reselection_arguments': 'other initial generator relative to B3 lineage; retry inherits initial parent tool; same for B4/BM', 'b4_reason_priority': [['public_observation_residual', 'reselect_candidate'], ['initial_penetration', 'support_correction'], ['native_destination_access', 'reselect_candidate'], ['approach_corridor_proxy', 'reselect_candidate'], ['transport_corridor_proxy', 'reselect_candidate'], ['settle_translation', 'support_correction'], ['settle_rotation', 'reselect_candidate']], 'bm_order': ['reselect_candidate', 'support_correction'], 'exact_compute_match': False}",True,0,0.007082996951698226,0.007082996951698226,0.02986327686461146,0.02986327686461146,0.0,0.0,0.027859286382079865,7.084821074036881,0.0
native-56f16a109f568e00bd0de542b4685c26ccbf3e4d74c0555d0e9df8a07c101ee1,B4_ROOM_REPAIR_NATIVE,/group/worldcept/code/SimAny/outputs/icra2027/20260907-73ff4ab-v3/sim_recon_sim/scale_up/test_context/slot-6c9298095b8182eb21a1/B4/build_manifest.json,a1ab8e3e1014153986dc0826d658222c71f569cf55aed934865073c74f132009,True,,,True,"{'actions': ['support_correction', 'reselect_candidate'], 'maximum_calls_per_target_dependency': 2, 'support_arguments': 'recomputed from current candidate and same public TRAIN support', 'reselection_arguments': 'other initial generator relative to B3 lineage; retry inherits initial parent tool; same for B4/BM', 'b4_reason_priority': [['public_observation_residual', 'reselect_candidate'], ['initial_penetration', 'support_correction'], ['native_destination_access', 'reselect_candidate'], ['approach_corridor_proxy', 'reselect_candidate'], ['transport_corridor_proxy', 'reselect_candidate'], ['settle_translation', 'support_correction'], ['settle_rotation', 'reselect_candidate']], 'bm_order': ['reselect_candidate', 'support_correction'], 'exact_compute_match': False}",True,0,0.007082996951698226,0.007082996951698226,0.02986327686461146,0.02986327686461146,0.0,0.0,0.027859286382079865,7.331426418852061,0.0
native-56f16a109f568e00bd0de542b4685c26ccbf3e4d74c0555d0e9df8a07c101ee1,BM_BUDGET_MATCHED_NATIVE,/group/worldcept/code/SimAny/outputs/icra2027/20260907-73ff4ab-v3/sim_recon_sim/scale_up/test_context/slot-6c9298095b8182eb21a1/BM/build_manifest.json,762478eb0f2485ee904646b5d23c5aed5cf19b5d6f64d1559b7dd4128ef82cd8,True,,,True,"{'actions': ['support_correction', 'reselect_candidate'], 'maximum_calls_per_target_dependency': 2, 'support_arguments': 'recomputed from current candidate and same public TRAIN support', 'reselection_arguments': 'other initial generator relative to B3 lineage; retry inherits initial parent tool; same for B4/BM', 'b4_reason_priority': [['public_observation_residual', 'reselect_candidate'], ['initial_penetration', 'support_correction'], ['native_destination_access', 'reselect_candidate'], ['approach_corridor_proxy', 'reselect_candidate'], ['transport_corridor_proxy', 'reselect_candidate'], ['settle_translation', 'support_correction'], ['settle_rotation', 'reselect_candidate']], 'bm_order': ['reselect_candidate', 'support_correction'], 'exact_compute_match': False}",True,2,0.007082996951698226,0.007082996951698226,0.02986327686461146,0.02986327686461146,0.0,0.0,0.027859286382079865,13.571377370040864,6.579088696045801
native-5f490be21d6e904fe80762b505fd718d87d81a416c5165e7080dd6811f4e670b,B3_AGENT_NATIVE,/group/worldcept/code/SimAny/outputs/icra2027/20260907-73ff4ab-v3/sim_recon_sim/scale_up/test_context/slot-9c3a019e7dda1cd53ff1/B3/build_manifest.json,5092f78b2c0fd8ab4c54105230c6ed8e89dd72e19d3a2eb41bc480c4d0080201,False,,,False,"{'actions': ['support_correction', 'reselect_candidate'], 'maximum_calls_per_target_dependency': 2, 'support_arguments': 'recomputed from current candidate and same public TRAIN support', 'reselection_arguments': 'other initial generator relative to B3 lineage; retry inherits initial parent tool; same for B4/BM', 'b4_reason_priority': [['public_observation_residual', 'reselect_candidate'], ['initial_penetration', 'support_correction'], ['native_destination_access', 'reselect_candidate'], ['approach_corridor_proxy', 'reselect_candidate'], ['transport_corridor_proxy', 'reselect_candidate'], ['settle_translation', 'support_correction'], ['settle_rotation', 'reselect_candidate']], 'bm_order': ['reselect_candidate', 'support_correction'], 'exact_compute_match': False}",True,0,0.05830621777607071,0.05830621777607071,77.03333659125413,77.03333659125413,0.0,0.0,0.021092315054016347,7.582609212026,0.0
native-5f490be21d6e904fe80762b505fd718d87d81a416c5165e7080dd6811f4e670b,B4_ROOM_REPAIR_NATIVE,/group/worldcept/code/SimAny/outputs/icra2027/20260907-73ff4ab-v3/sim_recon_sim/scale_up/test_context/slot-9c3a019e7dda1cd53ff1/B4/build_manifest.json,7f44bf607ffd7f022b181e7353784b1c251e2eb4556e41e91d18968e1fa0e18d,False,,,True,"{'actions': ['support_correction', 'reselect_candidate'], 'maximum_calls_per_target_dependency': 2, 'support_arguments': 'recomputed from current candidate and same public TRAIN support', 'reselection_arguments': 'other initial generator relative to B3 lineage; retry inherits initial parent tool; same for B4/BM', 'b4_reason_priority': [['public_observation_residual', 'reselect_candidate'], ['initial_penetration', 'support_correction'], ['native_destination_access', 'reselect_candidate'], ['approach_corridor_proxy', 'reselect_candidate'], ['transport_corridor_proxy', 'reselect_candidate'], ['settle_translation', 'support_correction'], ['settle_rotation', 'reselect_candidate']], 'bm_order': ['reselect_candidate', 'support_correction'], 'exact_compute_match': False}",False,2,0.05830621777607071,0.014797872389709399,77.03333659125413,2.777300598810465,0.0,0.0,0.011491481834002951,13.952460388885811,6.506763816112652
native-5f490be21d6e904fe80762b505fd718d87d81a416c5165e7080dd6811f4e670b,BM_BUDGET_MATCHED_NATIVE,/group/worldcept/code/SimAny/outputs/icra2027/20260907-73ff4ab-v3/sim_recon_sim/scale_up/test_context/slot-9c3a019e7dda1cd53ff1/BM/build_manifest.json,bb9bc6a3dd10b75e33c9b097da21f993b3751b6dd6ef05b924b8bbcf36728352,False,,,True,"{'actions': ['support_correction', 'reselect_candidate'], 'maximum_calls_per_target_dependency': 2, 'support_arguments': 'recomputed from current candidate and same public TRAIN support', 'reselection_arguments': 'other initial generator relative to B3 lineage; retry inherits initial parent tool; same for B4/BM', 'b4_reason_priority': [['public_observation_residual', 'reselect_candidate'], ['initial_penetration', 'support_correction'], ['native_destination_access', 'reselect_candidate'], ['approach_corridor_proxy', 'reselect_candidate'], ['transport_corridor_proxy', 'reselect_candidate'], ['settle_translation', 'support_correction'], ['settle_rotation', 'reselect_candidate']], 'bm_order': ['reselect_candidate', 'support_correction'], 'exact_compute_match': False}",False,2,0.05830621777607071,0.0040850215115930556,77.03333659125413,2.8084519353750865,0.0,0.0,0.014219094191085246,14.654734358889982,7.001646622084081
native-71977dbc953349cc02caafd7ba3ddd87de8b4880b49ab17fc82d987bccfde03d,B3_AGENT_NATIVE,/group/worldcept/code/SimAny/outputs/icra2027/20260907-73ff4ab-v3/sim_recon_sim/scale_up/test_context/slot-208c3632a33163d99e92/B3/build_manifest.json,ece42de4bcc7443f8f033d3efddceb0a3e0c167e8c292c9cf60e5827e84e9882,True,,,False,"{'actions': ['support_correction', 'reselect_candidate'], 'maximum_calls_per_target_dependency': 2, 'support_arguments': 'recomputed from current candidate and same public TRAIN support', 'reselection_arguments': 'other initial generator relative to B3 lineage; retry inherits initial parent tool; same for B4/BM', 'b4_reason_priority': [['public_observation_residual', 'reselect_candidate'], ['initial_penetration', 'support_correction'], ['native_destination_access', 'reselect_candidate'], ['approach_corridor_proxy', 'reselect_candidate'], ['transport_corridor_proxy', 'reselect_candidate'], ['settle_translation', 'support_correction'], ['settle_rotation', 'reselect_candidate']], 'bm_order': ['reselect_candidate', 'support_correction'], 'exact_compute_match': False}",True,0,0.015291607781794442,0.015291607781794442,14.027567527646069,14.027567527646069,0.0,0.0,0.009229583718496675,9.716429844032973,0.0
native-71977dbc953349cc02caafd7ba3ddd87de8b4880b49ab17fc82d987bccfde03d,B4_ROOM_REPAIR_NATIVE,/group/worldcept/code/SimAny/outputs/icra2027/20260907-73ff4ab-v3/sim_recon_sim/scale_up/test_context/slot-208c3632a33163d99e92/B4/build_manifest.json,007fbaa3d342a6c59ce81713bc71943fa6548c05b29f1799568c95927bc3a360,True,,,True,"{'actions': ['support_correction', 'reselect_candidate'], 'maximum_calls_per_target_dependency': 2, 'support_arguments': 'recomputed from current candidate and same public TRAIN support', 'reselection_arguments': 'other initial generator relative to B3 lineage; retry inherits initial parent tool; same for B4/BM', 'b4_reason_priority': [['public_observation_residual', 'reselect_candidate'], ['initial_penetration', 'support_correction'], ['native_destination_access', 'reselect_candidate'], ['approach_corridor_proxy', 'reselect_candidate'], ['transport_corridor_proxy', 'reselect_candidate'], ['settle_translation', 'support_correction'], ['settle_rotation', 'reselect_candidate']], 'bm_order': ['reselect_candidate', 'support_correction'], 'exact_compute_match': False}",True,0,0.015291607781794442,0.015291607781794442,14.027567527646069,14.027567527646069,0.0,0.0,0.009229583718496675,8.800915498053655,0.0
native-71977dbc953349cc02caafd7ba3ddd87de8b4880b49ab17fc82d987bccfde03d,BM_BUDGET_MATCHED_NATIVE,/group/worldcept/code/SimAny/outputs/icra2027/20260907-73ff4ab-v5/sim_recon_sim/scale_up/test_context/slot-208c3632a33163d99e92/BM/build_manifest.json,447fd077248230adf23b4a4a4e2fa69c8610afc7b38db88195b7fa49f02eb2a6,True,,,True,"{'actions': ['support_correction', 'reselect_candidate'], 'maximum_calls_per_target_dependency': 2, 'support_arguments': 'recomputed from current candidate and same public TRAIN support', 'reselection_arguments': 'other initial generator relative to B3 lineage; retry inherits initial parent tool; same for B4/BM', 'b4_reason_priority': [['public_observation_residual', 'reselect_candidate'], ['initial_penetration', 'support_correction'], ['native_destination_access', 'reselect_candidate'], ['approach_corridor_proxy', 'reselect_candidate'], ['transport_corridor_proxy', 'reselect_candidate'], ['settle_translation', 'support_correction'], ['settle_rotation', 'reselect_candidate']], 'bm_order': ['reselect_candidate', 'support_correction'], 'exact_compute_match': False}",True,2,0.015291607781794442,0.015291607781794442,14.027567527646069,14.027567527646069,0.0,0.0,0.009229583718496675,18.097242937190458,8.757372803986073
native-781c20a168805be0d11d923a954e919cd5fff974fc90634d91bcf74f96cb7280,B3_AGENT_NATIVE,/group/worldcept/code/SimAny/outputs/icra2027/20260907-73ff4ab-v3/sim_recon_sim/scale_up/test_context/slot-464e468010f3e50ef258/B3/build_manifest.json,5b52f1c3ea9815e1a9f0c31a62bf18a79b96ec8e9e9bf9f7871770ea28919790,False,,,False,"{'actions': ['support_correction', 'reselect_candidate'], 'maximum_calls_per_target_dependency': 2, 'support_arguments': 'recomputed from current candidate and same public TRAIN support', 'reselection_arguments': 'other initial generator relative to B3 lineage; retry inherits initial parent tool; same for B4/BM', 'b4_reason_priority': [['public_observation_residual', 'reselect_candidate'], ['initial_penetration', 'support_correction'], ['native_destination_access', 'reselect_candidate'], ['approach_corridor_proxy', 'reselect_candidate'], ['transport_corridor_proxy', 'reselect_candidate'], ['settle_translation', 'support_correction'], ['settle_rotation', 'reselect_candidate']], 'bm_order': ['reselect_candidate', 'support_correction'], 'exact_compute_match': False}",True,0,0.10972018916337264,0.10972018916337264,73.52343390356648,73.52343390356648,0.0,0.0,0.008638644200030434,8.465188873000443,0.0
native-781c20a168805be0d11d923a954e919cd5fff974fc90634d91bcf74f96cb7280,B4_ROOM_REPAIR_NATIVE,/group/worldcept/code/SimAny/outputs/icra2027/20260907-73ff4ab-v3/sim_recon_sim/scale_up/test_context/slot-464e468010f3e50ef258/B4/build_manifest.json,76e804329ac3b5054e49e71e4083c8072c32f6b600466845566f5d835ffbc5e5,False,,,True,"{'actions': ['support_correction', 'reselect_candidate'], 'maximum_calls_per_target_dependency': 2, 'support_arguments': 'recomputed from current candidate and same public TRAIN support', 'reselection_arguments': 'other initial generator relative to B3 lineage; retry inherits initial parent tool; same for B4/BM', 'b4_reason_priority': [['public_observation_residual', 'reselect_candidate'], ['initial_penetration', 'support_correction'], ['native_destination_access', 'reselect_candidate'], ['approach_corridor_proxy', 'reselect_candidate'], ['transport_corridor_proxy', 'reselect_candidate'], ['settle_translation', 'support_correction'], ['settle_rotation', 'reselect_candidate']], 'bm_order': ['reselect_candidate', 'support_correction'], 'exact_compute_match': False}",False,1,0.10972018916337264,0.10972018916337264,73.52343390356648,73.52343390356648,0.0,0.0,0.008638644200030434,11.502329716924578,3.005424745148048
native-781c20a168805be0d11d923a954e919cd5fff974fc90634d91bcf74f96cb7280,BM_BUDGET_MATCHED_NATIVE,/group/worldcept/code/SimAny/outputs/icra2027/20260907-73ff4ab-v3/sim_recon_sim/scale_up/test_context/slot-464e468010f3e50ef258/BM/build_manifest.json,e5ecc6b52cd3805ba913f88cffd3f6fb1a9a69628f67fd616065c33975d9ba1c,False,,,True,"{'actions': ['support_correction', 'reselect_candidate'], 'maximum_calls_per_target_dependency': 2, 'support_arguments': 'recomputed from current candidate and same public TRAIN support', 'reselection_arguments': 'other initial generator relative to B3 lineage; retry inherits initial parent tool; same for B4/BM', 'b4_reason_priority': [['public_observation_residual', 'reselect_candidate'], ['initial_penetration', 'support_correction'], ['native_destination_access', 'reselect_candidate'], ['approach_corridor_proxy', 'reselect_candidate'], ['transport_corridor_proxy', 'reselect_candidate'], ['settle_translation', 'support_correction'], ['settle_rotation', 'reselect_candidate']], 'bm_order': ['reselect_candidate', 'support_correction'], 'exact_compute_match': False}",False,1,0.10972018916337264,0.10972018916337264,73.52343390356648,73.52343390356648,0.0,0.0,0.008638644200030434,9.703503243857995,3.0141344640869647
native-7985582c0ffb77531e81be1a62203eb940e4bb99cfbb662e56278f2cc5686ba1,B3_AGENT_NATIVE,/group/worldcept/code/SimAny/outputs/icra2027/20260907-73ff4ab-v3/sim_recon_sim/scale_up/test_context/slot-45224975a72912e891bd/B3/build_manifest.json,600087c4f5e20d361924f93a62f05d7508543ca867f34f7db5cd0e7171aeaed8,True,,,False,"{'actions': ['support_correction', 'reselect_candidate'], 'maximum_calls_per_target_dependency': 2, 'support_arguments': 'recomputed from current candidate and same public TRAIN support', 'reselection_arguments': 'other initial generator relative to B3 lineage; retry inherits initial parent tool; same for B4/BM', 'b4_reason_priority': [['public_observation_residual', 'reselect_candidate'], ['initial_penetration', 'support_correction'], ['native_destination_access', 'reselect_candidate'], ['approach_corridor_proxy', 'reselect_candidate'], ['transport_corridor_proxy', 'reselect_candidate'], ['settle_translation', 'support_correction'], ['settle_rotation', 'reselect_candidate']], 'bm_order': ['reselect_candidate', 'support_correction'], 'exact_compute_match': False}",True,0,0.0071715550296662075,0.0071715550296662075,2.845416233809665,2.845416233809665,0.0,0.0,0.00927176880067376,9.181388766970485,0.0
native-7985582c0ffb77531e81be1a62203eb940e4bb99cfbb662e56278f2cc5686ba1,B4_ROOM_REPAIR_NATIVE,/group/worldcept/code/SimAny/outputs/icra2027/20260907-73ff4ab-v3/sim_recon_sim/scale_up/test_context/slot-45224975a72912e891bd/B4/build_manifest.json,5cb5795380acef9fc955634711b620541c055f2de39f33559a536a9a7c6d5ce5,True,,,True,"{'actions': ['support_correction', 'reselect_candidate'], 'maximum_calls_per_target_dependency': 2, 'support_arguments': 'recomputed from current candidate and same public TRAIN support', 'reselection_arguments': 'other initial generator relative to B3 lineage; retry inherits initial parent tool; same for B4/BM', 'b4_reason_priority': [['public_observation_residual', 'reselect_candidate'], ['initial_penetration', 'support_correction'], ['native_destination_access', 'reselect_candidate'], ['approach_corridor_proxy', 'reselect_candidate'], ['transport_corridor_proxy', 'reselect_candidate'], ['settle_translation', 'support_correction'], ['settle_rotation', 'reselect_candidate']], 'bm_order': ['reselect_candidate', 'support_correction'], 'exact_compute_match': False}",True,0,0.0071715550296662075,0.0071715550296662075,2.845416233809665,2.845416233809665,0.0,0.0,0.00927176880067376,9.314466089010239,0.0
native-7985582c0ffb77531e81be1a62203eb940e4bb99cfbb662e56278f2cc5686ba1,BM_BUDGET_MATCHED_NATIVE,/group/worldcept/code/SimAny/outputs/icra2027/20260907-73ff4ab-v3/sim_recon_sim/scale_up/test_context/slot-45224975a72912e891bd/BM/build_manifest.json,c2f27bbefe61c2d16d35d6f36970d8ffdeb852254444d8740f8803cf8c8a0f81,True,,,True,"{'actions': ['support_correction', 'reselect_candidate'], 'maximum_calls_per_target_dependency': 2, 'support_arguments': 'recomputed from current candidate and same public TRAIN support', 'reselection_arguments': 'other initial generator relative to B3 lineage; retry inherits initial parent tool; same for B4/BM', 'b4_reason_priority': [['public_observation_residual', 'reselect_candidate'], ['initial_penetration', 'support_correction'], ['native_destination_access', 'reselect_candidate'], ['approach_corridor_proxy', 'reselect_candidate'], ['transport_corridor_proxy', 'reselect_candidate'], ['settle_translation', 'support_correction'], ['settle_rotation', 'reselect_candidate']], 'bm_order': ['reselect_candidate', 'support_correction'], 'exact_compute_match': False}",True,2,0.0071715550296662075,0.0071715550296662075,2.845416233809665,2.845416233809665,0.0,0.0,0.00927176880067376,17.843947042012587,8.978656481020153
native-80f707c13cf12936c9d12954c2274d211a4cc79de918feac7fbc7d2c9badfb3f,B3_AGENT_NATIVE,/group/worldcept/code/SimAny/outputs/icra2027/20260907-73ff4ab-v3/sim_recon_sim/scale_up/test_context/slot-a89398f453675847a5ed/B3/build_manifest.json,643daf0c0b33b7a5b00e606bd0c8635d344e79ea850a5f6fdd71085ae965f63b,False,,,False,"{'actions': ['support_correction', 'reselect_candidate'], 'maximum_calls_per_target_dependency': 2, 'support_arguments': 'recomputed from current candidate and same public TRAIN support', 'reselection_arguments': 'other initial generator relative to B3 lineage; retry inherits initial parent tool; same for B4/BM', 'b4_reason_priority': [['public_observation_residual', 'reselect_candidate'], ['initial_penetration', 'support_correction'], ['native_destination_access', 'reselect_candidate'], ['approach_corridor_proxy', 'reselect_candidate'], ['transport_corridor_proxy', 'reselect_candidate'], ['settle_translation', 'support_correction'], ['settle_rotation', 'reselect_candidate']], 'bm_order': ['reselect_candidate', 'support_correction'], 'exact_compute_match': False}",True,0,0.02963744387235169,0.02963744387235169,59.80917813322985,59.80917813322985,0.0,0.0,0.008616030370715781,6.298414411954582,0.0
native-80f707c13cf12936c9d12954c2274d211a4cc79de918feac7fbc7d2c9badfb3f,B4_ROOM_REPAIR_NATIVE,/group/worldcept/code/SimAny/outputs/icra2027/20260907-73ff4ab-v3/sim_recon_sim/scale_up/test_context/slot-a89398f453675847a5ed/B4/build_manifest.json,65e903b6aa357da693fa90ae266fc435ff61bf7ce7a2c79d2c8de185a769bdc4,False,,,True,"{'actions': ['support_correction', 'reselect_candidate'], 'maximum_calls_per_target_dependency': 2, 'support_arguments': 'recomputed from current candidate and same public TRAIN support', 'reselection_arguments': 'other initial generator relative to B3 lineage; retry inherits initial parent tool; same for B4/BM', 'b4_reason_priority': [['public_observation_residual', 'reselect_candidate'], ['initial_penetration', 'support_correction'], ['native_destination_access', 'reselect_candidate'], ['approach_corridor_proxy', 'reselect_candidate'], ['transport_corridor_proxy', 'reselect_candidate'], ['settle_translation', 'support_correction'], ['settle_rotation', 'reselect_candidate']], 'bm_order': ['reselect_candidate', 'support_correction'], 'exact_compute_match': False}",False,2,0.02963744387235169,0.0272445893061663,59.80917813322985,59.89135990583702,0.0,0.0,0.009934764009091488,12.36785523290746,5.548520114272833
native-80f707c13cf12936c9d12954c2274d211a4cc79de918feac7fbc7d2c9badfb3f,BM_BUDGET_MATCHED_NATIVE,/group/worldcept/code/SimAny/outputs/icra2027/20260907-73ff4ab-v3/sim_recon_sim/scale_up/test_context/slot-a89398f453675847a5ed/BM/build_manifest.json,bfd719fb5df81e334fd3693c66f98d962aa46d1ed348b524a43ef0d1d5be78e0,False,,,True,"{'actions': ['support_correction', 'reselect_candidate'], 'maximum_calls_per_target_dependency': 2, 'support_arguments': 'recomputed from current candidate and same public TRAIN support', 'reselection_arguments': 'other initial generator relative to B3 lineage; retry inherits initial parent tool; same for B4/BM', 'b4_reason_priority': [['public_observation_residual', 'reselect_candidate'], ['initial_penetration', 'support_correction'], ['native_destination_access', 'reselect_candidate'], ['approach_corridor_proxy', 'reselect_candidate'], ['transport_corridor_proxy', 'reselect_candidate'], ['settle_translation', 'support_correction'], ['settle_rotation', 'reselect_candidate']], 'bm_order': ['reselect_candidate', 'support_correction'], 'exact_compute_match': False}",False,2,0.02963744387235169,0.02963744387235169,59.80917813322985,59.80917813322985,0.0,0.0,0.008616030370715781,13.041791900061071,6.130866463994607
native-879526d632fb5b2521ec45a1dec1119714b7d654b37bd1b1154870bfdea1d8a5,B3_AGENT_NATIVE,/group/worldcept/code/SimAny/outputs/icra2027/20260907-73ff4ab-v3/sim_recon_sim/scale_up/test_context/slot-210e275033d5124dbcb7/B3/build_manifest.json,d1e730a7a6f566820724e3b519aea7b4f4b1e8709ea857702ba14c1fe52f8958,False,,,False,"{'actions': ['support_correction', 'reselect_candidate'], 'maximum_calls_per_target_dependency': 2, 'support_arguments': 'recomputed from current candidate and same public TRAIN support', 'reselection_arguments': 'other initial generator relative to B3 lineage; retry inherits initial parent tool; same for B4/BM', 'b4_reason_priority': [['public_observation_residual', 'reselect_candidate'], ['initial_penetration', 'support_correction'], ['native_destination_access', 'reselect_candidate'], ['approach_corridor_proxy', 'reselect_candidate'], ['transport_corridor_proxy', 'reselect_candidate'], ['settle_translation', 'support_correction'], ['settle_rotation', 'reselect_candidate']], 'bm_order': ['reselect_candidate', 'support_correction'], 'exact_compute_match': False}",True,0,0.016274944056409106,0.016274944056409106,18.780945741575277,18.780945741575277,0.0,0.0,0.009161263668728459,7.28515533497557,0.0
native-879526d632fb5b2521ec45a1dec1119714b7d654b37bd1b1154870bfdea1d8a5,B4_ROOM_REPAIR_NATIVE,/group/worldcept/code/SimAny/outputs/icra2027/20260907-73ff4ab-v3/sim_recon_sim/scale_up/test_context/slot-210e275033d5124dbcb7/B4/build_manifest.json,7f31abef938bd843bb66018b24ea47ff281156ab27137da9a45a84a6b6e897f5,True,,,True,"{'actions': ['support_correction', 'reselect_candidate'], 'maximum_calls_per_target_dependency': 2, 'support_arguments': 'recomputed from current candidate and same public TRAIN support', 'reselection_arguments': 'other initial generator relative to B3 lineage; retry inherits initial parent tool; same for B4/BM', 'b4_reason_priority': [['public_observation_residual', 'reselect_candidate'], ['initial_penetration', 'support_correction'], ['native_destination_access', 'reselect_candidate'], ['approach_corridor_proxy', 'reselect_candidate'], ['transport_corridor_proxy', 'reselect_candidate'], ['settle_translation', 'support_correction'], ['settle_rotation', 'reselect_candidate']], 'bm_order': ['reselect_candidate', 'support_correction'], 'exact_compute_match': False}",True,1,0.016274944056409106,0.01595783783240921,18.780945741575277,4.202598893232409,0.0,0.0,0.010789888277605457,11.501963981892914,2.746014721924439
native-879526d632fb5b2521ec45a1dec1119714b7d654b37bd1b1154870bfdea1d8a5,BM_BUDGET_MATCHED_NATIVE,/group/worldcept/code/SimAny/outputs/icra2027/20260907-73ff4ab-v3/sim_recon_sim/scale_up/test_context/slot-210e275033d5124dbcb7/BM/build_manifest.json,40c4b841de61979bb28dcdb3562ebd0d37bc4d3c27ab5475007a41c9f30ddd23,True,,,True,"{'actions': ['support_correction', 'reselect_candidate'], 'maximum_calls_per_target_dependency': 2, 'support_arguments': 'recomputed from current candidate and same public TRAIN support', 'reselection_arguments': 'other initial generator relative to B3 lineage; retry inherits initial parent tool; same for B4/BM', 'b4_reason_priority': [['public_observation_residual', 'reselect_candidate'], ['initial_penetration', 'support_correction'], ['native_destination_access', 'reselect_candidate'], ['approach_corridor_proxy', 'reselect_candidate'], ['transport_corridor_proxy', 'reselect_candidate'], ['settle_translation', 'support_correction'], ['settle_rotation', 'reselect_candidate']], 'bm_order': ['reselect_candidate', 'support_correction'], 'exact_compute_match': False}",True,2,0.016274944056409106,0.01595783783240921,18.780945741575277,4.202598893232409,0.0,0.0,0.010789888277605457,16.143697269028053,6.345131437992677
native-acd31334e2a3878d6156679ce4a8c37b36c83c0dd35dc5bca63353af044a4af1,B3_AGENT_NATIVE,/group/worldcept/code/SimAny/outputs/icra2027/20260907-73ff4ab-v3/sim_recon_sim/scale_up/test_context/slot-25ffbacccf25bd21f625/B3/build_manifest.json,d37913f02b4ea95222f20b146c672ee3b1accfdf930658bb22c42b7416b856a3,False,,,False,"{'actions': ['support_correction', 'reselect_candidate'], 'maximum_calls_per_target_dependency': 2, 'support_arguments': 'recomputed from current candidate and same public TRAIN support', 'reselection_arguments': 'other initial generator relative to B3 lineage; retry inherits initial parent tool; same for B4/BM', 'b4_reason_priority': [['public_observation_residual', 'reselect_candidate'], ['initial_penetration', 'support_correction'], ['native_destination_access', 'reselect_candidate'], ['approach_corridor_proxy', 'reselect_candidate'], ['transport_corridor_proxy', 'reselect_candidate'], ['settle_translation', 'support_correction'], ['settle_rotation', 'reselect_candidate']], 'bm_order': ['reselect_candidate', 'support_correction'], 'exact_compute_match': False}",True,0,0.0013940825397727914,0.0013940825397727914,0.2908387057302393,0.2908387057302393,0.0018165459401614514,0.0018165459401614514,0.005452329452542121,8.879174378933385,0.0
native-acd31334e2a3878d6156679ce4a8c37b36c83c0dd35dc5bca63353af044a4af1,B4_ROOM_REPAIR_NATIVE,/group/worldcept/code/SimAny/outputs/icra2027/20260907-73ff4ab-v3/sim_recon_sim/scale_up/test_context/slot-25ffbacccf25bd21f625/B4/build_manifest.json,44456da35a35d8184cd5478820dafeac33685b5397e76542c0819e086d3aaac1,False,,,True,"{'actions': ['support_correction', 'reselect_candidate'], 'maximum_calls_per_target_dependency': 2, 'support_arguments': 'recomputed from current candidate and same public TRAIN support', 'reselection_arguments': 'other initial generator relative to B3 lineage; retry inherits initial parent tool; same for B4/BM', 'b4_reason_priority': [['public_observation_residual', 'reselect_candidate'], ['initial_penetration', 'support_correction'], ['native_destination_access', 'reselect_candidate'], ['approach_corridor_proxy', 'reselect_candidate'], ['transport_corridor_proxy', 'reselect_candidate'], ['settle_translation', 'support_correction'], ['settle_rotation', 'reselect_candidate']], 'bm_order': ['reselect_candidate', 'support_correction'], 'exact_compute_match': False}",False,1,0.0013940825397727914,0.0013940825397727914,0.2908387057302393,0.2908387057302393,0.0018165459401614514,0.0018165459401614514,0.005452329452542121,10.910122818080708,2.5724378649611026
native-acd31334e2a3878d6156679ce4a8c37b36c83c0dd35dc5bca63353af044a4af1,BM_BUDGET_MATCHED_NATIVE,/group/worldcept/code/SimAny/outputs/icra2027/20260907-73ff4ab-v3/sim_recon_sim/scale_up/test_context/slot-25ffbacccf25bd21f625/BM/build_manifest.json,22edd3ff0d32ea1e07dde6e5689dfb36613a841e8ecce80658f1029be23134b9,False,,,True,"{'actions': ['support_correction', 'reselect_candidate'], 'maximum_calls_per_target_dependency': 2, 'support_arguments': 'recomputed from current candidate and same public TRAIN support', 'reselection_arguments': 'other initial generator relative to B3 lineage; retry inherits initial parent tool; same for B4/BM', 'b4_reason_priority': [['public_observation_residual', 'reselect_candidate'], ['initial_penetration', 'support_correction'], ['native_destination_access', 'reselect_candidate'], ['approach_corridor_proxy', 'reselect_candidate'], ['transport_corridor_proxy', 'reselect_candidate'], ['settle_translation', 'support_correction'], ['settle_rotation', 'reselect_candidate']], 'bm_order': ['reselect_candidate', 'support_correction'], 'exact_compute_match': False}",False,2,0.0013940825397727914,0.0013940825397727914,0.2908387057302393,0.2908387057302393,0.0018165459401614514,0.0018165459401614514,0.005452329452542121,17.41141735203564,7.6358771389350295
native-b1d75a7030a356a6cde73af8cfbb37e58529c1150806405e6dcdc8e9755c4ad7,B3_AGENT_NATIVE,/group/worldcept/code/SimAny/outputs/icra2027/20260907-73ff4ab-v3/sim_recon_sim/scale_up/test_context/slot-36c1e918c7ece3f4be13/B3/build_manifest.json,c1ad767c5a497af99c28b02fec806e73e1911ab90c0671d61b2abc7241f95cfc,False,,,False,"{'actions': ['support_correction', 'reselect_candidate'], 'maximum_calls_per_target_dependency': 2, 'support_arguments': 'recomputed from current candidate and same public TRAIN support', 'reselection_arguments': 'other initial generator relative to B3 lineage; retry inherits initial parent tool; same for B4/BM', 'b4_reason_priority': [['public_observation_residual', 'reselect_candidate'], ['initial_penetration', 'support_correction'], ['native_destination_access', 'reselect_candidate'], ['approach_corridor_proxy', 'reselect_candidate'], ['transport_corridor_proxy', 'reselect_candidate'], ['settle_translation', 'support_correction'], ['settle_rotation', 'reselect_candidate']], 'bm_order': ['reselect_candidate', 'support_correction'], 'exact_compute_match': False}",True,0,0.038611254575081744,0.038611254575081744,60.37926297663906,60.37926297663906,0.007960634467654382,0.007960634467654382,0.012184080605647974,9.9322452719789,0.0
native-b1d75a7030a356a6cde73af8cfbb37e58529c1150806405e6dcdc8e9755c4ad7,B4_ROOM_REPAIR_NATIVE,/group/worldcept/code/SimAny/outputs/icra2027/20260907-73ff4ab-v3/sim_recon_sim/scale_up/test_context/slot-36c1e918c7ece3f4be13/B4/build_manifest.json,8ba919687cee955cf68f6f2f4502488706417dc63654e7615b890f49df1466c7,False,,,True,"{'actions': ['support_correction', 'reselect_candidate'], 'maximum_calls_per_target_dependency': 2, 'support_arguments': 'recomputed from current candidate and same public TRAIN support', 'reselection_arguments': 'other initial generator relative to B3 lineage; retry inherits initial parent tool; same for B4/BM', 'b4_reason_priority': [['public_observation_residual', 'reselect_candidate'], ['initial_penetration', 'support_correction'], ['native_destination_access', 'reselect_candidate'], ['approach_corridor_proxy', 'reselect_candidate'], ['transport_corridor_proxy', 'reselect_candidate'], ['settle_translation', 'support_correction'], ['settle_rotation', 'reselect_candidate']], 'bm_order': ['reselect_candidate', 'support_correction'], 'exact_compute_match': False}",False,2,0.038611254575081744,0.04372397285700975,60.37926297663906,57.50628383055737,0.007960634467654382,0.0,0.013965978329093577,19.218002618988976,8.980967382201925
native-b1d75a7030a356a6cde73af8cfbb37e58529c1150806405e6dcdc8e9755c4ad7,BM_BUDGET_MATCHED_NATIVE,/group/worldcept/code/SimAny/outputs/icra2027/20260907-73ff4ab-v3/sim_recon_sim/scale_up/test_context/slot-36c1e918c7ece3f4be13/BM/build_manifest.json,196595aa095ea064f74c5fe0a6997229b5a64262a0064f40af3217a68ae8e682,False,,,True,"{'actions': ['support_correction', 'reselect_candidate'], 'maximum_calls_per_target_dependency': 2, 'support_arguments': 'recomputed from current candidate and same public TRAIN support', 'reselection_arguments': 'other initial generator relative to B3 lineage; retry inherits initial parent tool; same for B4/BM', 'b4_reason_priority': [['public_observation_residual', 'reselect_candidate'], ['initial_penetration', 'support_correction'], ['native_destination_access', 'reselect_candidate'], ['approach_corridor_proxy', 'reselect_candidate'], ['transport_corridor_proxy', 'reselect_candidate'], ['settle_translation', 'support_correction'], ['settle_rotation', 'reselect_candidate']], 'bm_order': ['reselect_candidate', 'support_correction'], 'exact_compute_match': False}",False,2,0.038611254575081744,0.038611254575081744,60.37926297663906,60.37926297663906,0.007960634467654382,0.007960634467654382,0.012184080605647974,23.336217585019767,11.944121855078265
native-bc62c163118295cb959755287ab4eaf5b5c8208e9987a8e3ea4bc03631fb21fb,B3_AGENT_NATIVE,/group/worldcept/code/SimAny/outputs/icra2027/20260907-73ff4ab-v3/sim_recon_sim/scale_up/test_context/slot-6da3c00a8a978409da06/B3/build_manifest.json,26f72219ea82203b7d194b22bf4bed36273a077e314502f86638e145e80f7d00,False,,,False,"{'actions': ['support_correction', 'reselect_candidate'], 'maximum_calls_per_target_dependency': 2, 'support_arguments': 'recomputed from current candidate and same public TRAIN support', 'reselection_arguments': 'other initial generator relative to B3 lineage; retry inherits initial parent tool; same for B4/BM', 'b4_reason_priority': [['public_observation_residual', 'reselect_candidate'], ['initial_penetration', 'support_correction'], ['native_destination_access', 'reselect_candidate'], ['approach_corridor_proxy', 'reselect_candidate'], ['transport_corridor_proxy', 'reselect_candidate'], ['settle_translation', 'support_correction'], ['settle_rotation', 'reselect_candidate']], 'bm_order': ['reselect_candidate', 'support_correction'], 'exact_compute_match': False}",True,0,0.04505558496139013,0.04505558496139013,30.430805972358936,30.430805972358936,0.0,0.0,0.016496330807335924,6.297660056967288,0.0
native-bc62c163118295cb959755287ab4eaf5b5c8208e9987a8e3ea4bc03631fb21fb,B4_ROOM_REPAIR_NATIVE,/group/worldcept/code/SimAny/outputs/icra2027/20260907-73ff4ab-v3/sim_recon_sim/scale_up/test_context/slot-6da3c00a8a978409da06/B4/build_manifest.json,7bd73674818eaf92f2067afa39a4d263f3e9f8f5f4bcf23dd34ec7e9bdd02a75,False,,,True,"{'actions': ['support_correction', 'reselect_candidate'], 'maximum_calls_per_target_dependency': 2, 'support_arguments': 'recomputed from current candidate and same public TRAIN support', 'reselection_arguments': 'other initial generator relative to B3 lineage; retry inherits initial parent tool; same for B4/BM', 'b4_reason_priority': [['public_observation_residual', 'reselect_candidate'], ['initial_penetration', 'support_correction'], ['native_destination_access', 'reselect_candidate'], ['approach_corridor_proxy', 'reselect_candidate'], ['transport_corridor_proxy', 'reselect_candidate'], ['settle_translation', 'support_correction'], ['settle_rotation', 'reselect_candidate']], 'bm_order': ['reselect_candidate', 'support_correction'], 'exact_compute_match': False}",False,2,0.04505558496139013,0.009696778159041604,30.430805972358936,5.620136797105473,0.0,0.0,0.010578641429407705,12.29487538896501,5.189392401138321
native-bc62c163118295cb959755287ab4eaf5b5c8208e9987a8e3ea4bc03631fb21fb,BM_BUDGET_MATCHED_NATIVE,/group/worldcept/code/SimAny/outputs/icra2027/20260907-73ff4ab-v3/sim_recon_sim/scale_up/test_context/slot-6da3c00a8a978409da06/BM/build_manifest.json,9cc89bfae29c273fb3e3896107182d3af97e57bbffd281000b83de3115b4fb30,False,,,True,"{'actions': ['support_correction', 'reselect_candidate'], 'maximum_calls_per_target_dependency': 2, 'support_arguments': 'recomputed from current candidate and same public TRAIN support', 'reselection_arguments': 'other initial generator relative to B3 lineage; retry inherits initial parent tool; same for B4/BM', 'b4_reason_priority': [['public_observation_residual', 'reselect_candidate'], ['initial_penetration', 'support_correction'], ['native_destination_access', 'reselect_candidate'], ['approach_corridor_proxy', 'reselect_candidate'], ['transport_corridor_proxy', 'reselect_candidate'], ['settle_translation', 'support_correction'], ['settle_rotation', 'reselect_candidate']], 'bm_order': ['reselect_candidate', 'support_correction'], 'exact_compute_match': False}",False,2,0.04505558496139013,0.007318029052620923,30.430805972358936,5.621629098859476,0.0,0.0,0.010936236422617353,10.198519694851711,3.8008128027431667
native-c1d6ffb137352ef5f4f2625c933fa3a98d5801448076dc097c84c3682347eafe,B3_AGENT_NATIVE,/group/worldcept/code/SimAny/outputs/icra2027/20260907-73ff4ab-v3/sim_recon_sim/scale_up/test_context/slot-d55f3dd1cf4ce18c0efd/B3/build_manifest.json,046b0d4fd1e77bf7a5e2411526c03d41749368453b4efb5e60efb34f91003f46,False,,,False,"{'actions': ['support_correction', 'reselect_candidate'], 'maximum_calls_per_target_dependency': 2, 'support_arguments': 'recomputed from current candidate and same public TRAIN support', 'reselection_arguments': 'other initial generator relative to B3 lineage; retry inherits initial parent tool; same for B4/BM', 'b4_reason_priority': [['public_observation_residual', 'reselect_candidate'], ['initial_penetration', 'support_correction'], ['native_destination_access', 'reselect_candidate'], ['approach_corridor_proxy', 'reselect_candidate'], ['transport_corridor_proxy', 'reselect_candidate'], ['settle_translation', 'support_correction'], ['settle_rotation', 'reselect_candidate']], 'bm_order': ['reselect_candidate', 'support_correction'], 'exact_compute_match': False}",True,0,0.04506673305123129,0.04506673305123129,6.781556651447099,6.781556651447099,0.0,0.0,0.010475196868362728,6.730537327006459,0.0
native-c1d6ffb137352ef5f4f2625c933fa3a98d5801448076dc097c84c3682347eafe,B4_ROOM_REPAIR_NATIVE,/group/worldcept/code/SimAny/outputs/icra2027/20260907-73ff4ab-v3/sim_recon_sim/scale_up/test_context/slot-d55f3dd1cf4ce18c0efd/B4/build_manifest.json,0c1f352ad4722e5b307666eb0782b67a2d588743d6db00e448e279ba9636dcc8,False,,,True,"{'actions': ['support_correction', 'reselect_candidate'], 'maximum_calls_per_target_dependency': 2, 'support_arguments': 'recomputed from current candidate and same public TRAIN support', 'reselection_arguments': 'other initial generator relative to B3 lineage; retry inherits initial parent tool; same for B4/BM', 'b4_reason_priority': [['public_observation_residual', 'reselect_candidate'], ['initial_penetration', 'support_correction'], ['native_destination_access', 'reselect_candidate'], ['approach_corridor_proxy', 'reselect_candidate'], ['transport_corridor_proxy', 'reselect_candidate'], ['settle_translation', 'support_correction'], ['settle_rotation', 'reselect_candidate']], 'bm_order': ['reselect_candidate', 'support_correction'], 'exact_compute_match': False}",False,0,0.04506673305123129,0.04506673305123129,6.781556651447099,6.781556651447099,0.0,0.0,0.010475196868362728,6.75580002204515,0.0
native-c4174ea32309fcb64348aec128ee3365bbbd3fe1f46e0428b3bc369f09bd6486,B3_AGENT_NATIVE,/group/worldcept/code/SimAny/outputs/icra2027/20260907-73ff4ab-v3/sim_recon_sim/scale_up/test_context/slot-6333257a6aac6b528b94/B3/build_manifest.json,e927daf2397698762339b598895ff398c9fd762f1276515e792c751fa081067b,False,,,False,"{'actions': ['support_correction', 'reselect_candidate'], 'maximum_calls_per_target_dependency': 2, 'support_arguments': 'recomputed from current candidate and same public TRAIN support', 'reselection_arguments': 'other initial generator relative to B3 lineage; retry inherits initial parent tool; same for B4/BM', 'b4_reason_priority': [['public_observation_residual', 'reselect_candidate'], ['initial_penetration', 'support_correction'], ['native_destination_access', 'reselect_candidate'], ['approach_corridor_proxy', 'reselect_candidate'], ['transport_corridor_proxy', 'reselect_candidate'], ['settle_translation', 'support_correction'], ['settle_rotation', 'reselect_candidate']], 'bm_order': ['reselect_candidate', 'support_correction'], 'exact_compute_match': False}",True,0,0.00898832678572449,0.00898832678572449,0.7282718457415365,0.7282718457415365,0.0,0.0,0.0313852705408864,6.980961573077366,0.0
native-c4174ea32309fcb64348aec128ee3365bbbd3fe1f46e0428b3bc369f09bd6486,B4_ROOM_REPAIR_NATIVE,/group/worldcept/code/SimAny/outputs/icra2027/20260907-73ff4ab-v3/sim_recon_sim/scale_up/test_context/slot-6333257a6aac6b528b94/B4/build_manifest.json,6b4aa7f85f29e00b30c4929d8e98862a452cac365e5793fece6b34831737af0b,True,,,True,"{'actions': ['support_correction', 'reselect_candidate'], 'maximum_calls_per_target_dependency': 2, 'support_arguments': 'recomputed from current candidate and same public TRAIN support', 'reselection_arguments': 'other initial generator relative to B3 lineage; retry inherits initial parent tool; same for B4/BM', 'b4_reason_priority': [['public_observation_residual', 'reselect_candidate'], ['initial_penetration', 'support_correction'], ['native_destination_access', 'reselect_candidate'], ['approach_corridor_proxy', 'reselect_candidate'], ['transport_corridor_proxy', 'reselect_candidate'], ['settle_translation', 'support_correction'], ['settle_rotation', 'reselect_candidate']], 'bm_order': ['reselect_candidate', 'support_correction'], 'exact_compute_match': False}",True,1,0.00898832678572449,0.003974837712053016,0.7282718457415365,4.967714256167354,0.0,0.0,0.02753719115491949,11.381768516963348,2.8889388020616025
native-c4174ea32309fcb64348aec128ee3365bbbd3fe1f46e0428b3bc369f09bd6486,BM_BUDGET_MATCHED_NATIVE,/group/worldcept/code/SimAny/outputs/icra2027/20260907-73ff4ab-v3/sim_recon_sim/scale_up/test_context/slot-6333257a6aac6b528b94/BM/build_manifest.json,ec16ba4d83d52c2d9a242b6348d31ac4e86ac14f523ed22a005c84639034b7f7,True,,,True,"{'actions': ['support_correction', 'reselect_candidate'], 'maximum_calls_per_target_dependency': 2, 'support_arguments': 'recomputed from current candidate and same public TRAIN support', 'reselection_arguments': 'other initial generator relative to B3 lineage; retry inherits initial parent tool; same for B4/BM', 'b4_reason_priority': [['public_observation_residual', 'reselect_candidate'], ['initial_penetration', 'support_correction'], ['native_destination_access', 'reselect_candidate'], ['approach_corridor_proxy', 'reselect_candidate'], ['transport_corridor_proxy', 'reselect_candidate'], ['settle_translation', 'support_correction'], ['settle_rotation', 'reselect_candidate']], 'bm_order': ['reselect_candidate', 'support_correction'], 'exact_compute_match': False}",True,2,0.00898832678572449,0.0030604808779263063,0.7282718457415365,4.977150369095327,0.0,0.0,0.027430438605107584,13.256545992800966,6.075113276951015
native-ca01034d4dab28f6b97bf687b9052888004f9b0cba85f63c70ee47f4683a1864,B3_AGENT_NATIVE,/group/worldcept/code/SimAny/outputs/icra2027/20260907-73ff4ab-v3/sim_recon_sim/scale_up/test_context/slot-166da2aaff6c9b95b426/B3/build_manifest.json,bc6de4c002e0026fe26b9eb06989967aebddcab098983dc3809a0e04980815c3,False,,,False,"{'actions': ['support_correction', 'reselect_candidate'], 'maximum_calls_per_target_dependency': 2, 'support_arguments': 'recomputed from current candidate and same public TRAIN support', 'reselection_arguments': 'other initial generator relative to B3 lineage; retry inherits initial parent tool; same for B4/BM', 'b4_reason_priority': [['public_observation_residual', 'reselect_candidate'], ['initial_penetration', 'support_correction'], ['native_destination_access', 'reselect_candidate'], ['approach_corridor_proxy', 'reselect_candidate'], ['transport_corridor_proxy', 'reselect_candidate'], ['settle_translation', 'support_correction'], ['settle_rotation', 'reselect_candidate']], 'bm_order': ['reselect_candidate', 'support_correction'], 'exact_compute_match': False}",True,0,0.010940566057477077,0.010940566057477077,22.4474120304152,22.4474120304152,0.0,0.0,0.012948591986097232,11.216493515996262,0.0
native-ca01034d4dab28f6b97bf687b9052888004f9b0cba85f63c70ee47f4683a1864,B4_ROOM_REPAIR_NATIVE,/group/worldcept/code/SimAny/outputs/icra2027/20260907-73ff4ab-v3/sim_recon_sim/scale_up/test_context/slot-166da2aaff6c9b95b426/B4/build_manifest.json,e1d46d92f6b29497499d4215ba7c9118580360300bda0404d513169554486209,False,,,True,"{'actions': ['support_correction', 'reselect_candidate'], 'maximum_calls_per_target_dependency': 2, 'support_arguments': 'recomputed from current candidate and same public TRAIN support', 'reselection_arguments': 'other initial generator relative to B3 lineage; retry inherits initial parent tool; same for B4/BM', 'b4_reason_priority': [['public_observation_residual', 'reselect_candidate'], ['initial_penetration', 'support_correction'], ['native_destination_access', 'reselect_candidate'], ['approach_corridor_proxy', 'reselect_candidate'], ['transport_corridor_proxy', 'reselect_candidate'], ['settle_translation', 'support_correction'], ['settle_rotation', 'reselect_candidate']], 'bm_order': ['reselect_candidate', 'support_correction'], 'exact_compute_match': False}",False,1,0.010940566057477077,0.010940566057477077,22.4474120304152,22.4474120304152,0.0,0.0,0.012948591986097232,13.733994995011017,3.702458201907575
native-ca01034d4dab28f6b97bf687b9052888004f9b0cba85f63c70ee47f4683a1864,BM_BUDGET_MATCHED_NATIVE,/group/worldcept/code/SimAny/outputs/icra2027/20260907-73ff4ab-v3/sim_recon_sim/scale_up/test_context/slot-166da2aaff6c9b95b426/BM/build_manifest.json,b9f87dd877bac5c625873206d4fdd1130389db5871f1c919d019cc4da794fed2,False,,,True,"{'actions': ['support_correction', 'reselect_candidate'], 'maximum_calls_per_target_dependency': 2, 'support_arguments': 'recomputed from current candidate and same public TRAIN support', 'reselection_arguments': 'other initial generator relative to B3 lineage; retry inherits initial parent tool; same for B4/BM', 'b4_reason_priority': [['public_observation_residual', 'reselect_candidate'], ['initial_penetration', 'support_correction'], ['native_destination_access', 'reselect_candidate'], ['approach_corridor_proxy', 'reselect_candidate'], ['transport_corridor_proxy', 'reselect_candidate'], ['settle_translation', 'support_correction'], ['settle_rotation', 'reselect_candidate']], 'bm_order': ['reselect_candidate', 'support_correction'], 'exact_compute_match': False}",False,2,0.010940566057477077,0.010940566057477077,22.4474120304152,22.4474120304152,0.0,0.0,0.012948591986097232,14.780726169003174,5.757694175932556
native-d7714c3fec848a3bf67f6b0da7de97d52bc4b8ea7dc6a108289477cf133845c6,B3_AGENT_NATIVE,/group/worldcept/code/SimAny/outputs/icra2027/20260907-73ff4ab-v3/sim_recon_sim/scale_up/test_context/slot-2f6c62aa315526353ed7/B3/build_manifest.json,bc91fba0e63681e605bc076dfc0a5f12194d677346e15fff610b205ee5f9295e,False,,,False,"{'actions': ['support_correction', 'reselect_candidate'], 'maximum_calls_per_target_dependency': 2, 'support_arguments': 'recomputed from current candidate and same public TRAIN support', 'reselection_arguments': 'other initial generator relative to B3 lineage; retry inherits initial parent tool; same for B4/BM', 'b4_reason_priority': [['public_observation_residual', 'reselect_candidate'], ['initial_penetration', 'support_correction'], ['native_destination_access', 'reselect_candidate'], ['approach_corridor_proxy', 'reselect_candidate'], ['transport_corridor_proxy', 'reselect_candidate'], ['settle_translation', 'support_correction'], ['settle_rotation', 'reselect_candidate']], 'bm_order': ['reselect_candidate', 'support_correction'], 'exact_compute_match': False}",True,0,0.016334518475451393,0.016334518475451393,11.075101879424482,11.075101879424482,0.0,0.0,0.018168238454088995,5.760455657960847,0.0
native-d7714c3fec848a3bf67f6b0da7de97d52bc4b8ea7dc6a108289477cf133845c6,B4_ROOM_REPAIR_NATIVE,/group/worldcept/code/SimAny/outputs/icra2027/20260907-73ff4ab-v3/sim_recon_sim/scale_up/test_context/slot-2f6c62aa315526353ed7/B4/build_manifest.json,a255786945b6594b1e62a616ad2f6bbbc06960781162b9590a863dce85b1bd65,True,,,True,"{'actions': ['support_correction', 'reselect_candidate'], 'maximum_calls_per_target_dependency': 2, 'support_arguments': 'recomputed from current candidate and same public TRAIN support', 'reselection_arguments': 'other initial generator relative to B3 lineage; retry inherits initial parent tool; same for B4/BM', 'b4_reason_priority': [['public_observation_residual', 'reselect_candidate'], ['initial_penetration', 'support_correction'], ['native_destination_access', 'reselect_candidate'], ['approach_corridor_proxy', 'reselect_candidate'], ['transport_corridor_proxy', 'reselect_candidate'], ['settle_translation', 'support_correction'], ['settle_rotation', 'reselect_candidate']], 'bm_order': ['reselect_candidate', 'support_correction'], 'exact_compute_match': False}",True,1,0.016334518475451393,0.010712452990967802,11.075101879424482,9.642879566605528,0.0,0.0,0.012178710629339607,8.325374674983323,2.32482663099654
native-d7714c3fec848a3bf67f6b0da7de97d52bc4b8ea7dc6a108289477cf133845c6,BM_BUDGET_MATCHED_NATIVE,/group/worldcept/code/SimAny/outputs/icra2027/20260907-73ff4ab-v3/sim_recon_sim/scale_up/test_context/slot-2f6c62aa315526353ed7/BM/build_manifest.json,24c47623b1b89eaea47888a39a271ac41d17d0ba585eb49635b090d97089c768,True,,,True,"{'actions': ['support_correction', 'reselect_candidate'], 'maximum_calls_per_target_dependency': 2, 'support_arguments': 'recomputed from current candidate and same public TRAIN support', 'reselection_arguments': 'other initial generator relative to B3 lineage; retry inherits initial parent tool; same for B4/BM', 'b4_reason_priority': [['public_observation_residual', 'reselect_candidate'], ['initial_penetration', 'support_correction'], ['native_destination_access', 'reselect_candidate'], ['approach_corridor_proxy', 'reselect_candidate'], ['transport_corridor_proxy', 'reselect_candidate'], ['settle_translation', 'support_correction'], ['settle_rotation', 'reselect_candidate']], 'bm_order': ['reselect_candidate', 'support_correction'], 'exact_compute_match': False}",True,2,0.016334518475451393,0.005419548065805765,11.075101879424482,9.642868280637673,0.0,0.0,0.01352932990607918,15.59347931900993,7.3954990359488875
native-ec5176ad70b6ca3d1560af8425c26c268ed474540438d80a7ac896a9fedb2c57,B3_AGENT_NATIVE,/group/worldcept/code/SimAny/outputs/icra2027/20260907-73ff4ab-v3/sim_recon_sim/scale_up/test_context/slot-bce8fdbbed1ec46de29a/B3/build_manifest.json,daea42b1f2b10c636313ce733b42abd47a7986e9d097991a3268fdc5dfb31cf0,False,,,False,"{'actions': ['support_correction', 'reselect_candidate'], 'maximum_calls_per_target_dependency': 2, 'support_arguments': 'recomputed from current candidate and same public TRAIN support', 'reselection_arguments': 'other initial generator relative to B3 lineage; retry inherits initial parent tool; same for B4/BM', 'b4_reason_priority': [['public_observation_residual', 'reselect_candidate'], ['initial_penetration', 'support_correction'], ['native_destination_access', 'reselect_candidate'], ['approach_corridor_proxy', 'reselect_candidate'], ['transport_corridor_proxy', 'reselect_candidate'], ['settle_translation', 'support_correction'], ['settle_rotation', 'reselect_candidate']], 'bm_order': ['reselect_candidate', 'support_correction'], 'exact_compute_match': False}",True,0,0.0314388158567851,0.0314388158567851,28.708183480351362,28.708183480351362,0.0,0.0,0.0088130931676146,6.738484755158424,0.0
native-ec5176ad70b6ca3d1560af8425c26c268ed474540438d80a7ac896a9fedb2c57,B4_ROOM_REPAIR_NATIVE,/group/worldcept/code/SimAny/outputs/icra2027/20260907-73ff4ab-v6/sim_recon_sim/scale_up/test_context/slot-bce8fdbbed1ec46de29a/B4/build_manifest.json,8893e8c33d08a2cf758f1d406fafdd27de072463644d29b62fd9769582f24573,False,,,True,"{'actions': ['support_correction', 'reselect_candidate'], 'maximum_calls_per_target_dependency': 2, 'support_arguments': 'recomputed from current candidate and same public TRAIN support', 'reselection_arguments': 'other initial generator relative to B3 lineage; retry inherits initial parent tool; same for B4/BM', 'b4_reason_priority': [['public_observation_residual', 'reselect_candidate'], ['initial_penetration', 'support_correction'], ['native_destination_access', 'reselect_candidate'], ['approach_corridor_proxy', 'reselect_candidate'], ['transport_corridor_proxy', 'reselect_candidate'], ['settle_translation', 'support_correction'], ['settle_rotation', 'reselect_candidate']], 'bm_order': ['reselect_candidate', 'support_correction'], 'exact_compute_match': False}",False,2,0.0314388158567851,0.015055331792198574,28.708183480351362,28.55689688521152,0.0,1.3088514623227354e-05,0.023948162436692573,14.378343576099724,7.40133300377056
native-ec5176ad70b6ca3d1560af8425c26c268ed474540438d80a7ac896a9fedb2c57,BM_BUDGET_MATCHED_NATIVE,/group/worldcept/code/SimAny/outputs/icra2027/20260907-73ff4ab-v6/sim_recon_sim/scale_up/test_context/slot-bce8fdbbed1ec46de29a/BM/build_manifest.json,042ef08ddc6084fd62c2211dedd755c99c9ef3f480a1186695357125fb9ac732,False,,,True,"{'actions': ['support_correction', 'reselect_candidate'], 'maximum_calls_per_target_dependency': 2, 'support_arguments': 'recomputed from current candidate and same public TRAIN support', 'reselection_arguments': 'other initial generator relative to B3 lineage; retry inherits initial parent tool; same for B4/BM', 'b4_reason_priority': [['public_observation_residual', 'reselect_candidate'], ['initial_penetration', 'support_correction'], ['native_destination_access', 'reselect_candidate'], ['approach_corridor_proxy', 'reselect_candidate'], ['transport_corridor_proxy', 'reselect_candidate'], ['settle_translation', 'support_correction'], ['settle_rotation', 'reselect_candidate']], 'bm_order': ['reselect_candidate', 'support_correction'], 'exact_compute_match': False}",False,2,0.0314388158567851,0.01442415476003178,28.708183480351362,28.003078418574585,0.0,0.00028006625272758434,0.035977016361250384,12.44572223816067,6.03388371411711
native-fd102487ad05f67cadd75d54e90d93b7e54500ee005b6acad9e031f034a4dc0e,B3_AGENT_NATIVE,/group/worldcept/code/SimAny/outputs/icra2027/20260907-73ff4ab-v3/sim_recon_sim/scale_up/test_context/slot-84decad2e6d417ee3906/B3/build_manifest.json,4e9c3295387713c1d08582e21ceb132475ba598f18087b2fb7de6f6eaaeba184,True,,,False,"{'actions': ['support_correction', 'reselect_candidate'], 'maximum_calls_per_target_dependency': 2, 'support_arguments': 'recomputed from current candidate and same public TRAIN support', 'reselection_arguments': 'other initial generator relative to B3 lineage; retry inherits initial parent tool; same for B4/BM', 'b4_reason_priority': [['public_observation_residual', 'reselect_candidate'], ['initial_penetration', 'support_correction'], ['native_destination_access', 'reselect_candidate'], ['approach_corridor_proxy', 'reselect_candidate'], ['transport_corridor_proxy', 'reselect_candidate'], ['settle_translation', 'support_correction'], ['settle_rotation', 'reselect_candidate']], 'bm_order': ['reselect_candidate', 'support_correction'], 'exact_compute_match': False}",True,0,0.009571590489792224,0.009571590489792224,3.3718962152000977,3.3718962152000977,0.0,0.0,0.008956529413911896,6.896012492943555,0.0
native-fd102487ad05f67cadd75d54e90d93b7e54500ee005b6acad9e031f034a4dc0e,B4_ROOM_REPAIR_NATIVE,/group/worldcept/code/SimAny/outputs/icra2027/20260907-73ff4ab-v3/sim_recon_sim/scale_up/test_context/slot-84decad2e6d417ee3906/B4/build_manifest.json,6b2401024a543dd99f7ebd1d5978b51b185491f0c0a11038b557efd62ed36d6b,True,,,True,"{'actions': ['support_correction', 'reselect_candidate'], 'maximum_calls_per_target_dependency': 2, 'support_arguments': 'recomputed from current candidate and same public TRAIN support', 'reselection_arguments': 'other initial generator relative to B3 lineage; retry inherits initial parent tool; same for B4/BM', 'b4_reason_priority': [['public_observation_residual', 'reselect_candidate'], ['initial_penetration', 'support_correction'], ['native_destination_access', 'reselect_candidate'], ['approach_corridor_proxy', 'reselect_candidate'], ['transport_corridor_proxy', 'reselect_candidate'], ['settle_translation', 'support_correction'], ['settle_rotation', 'reselect_candidate']], 'bm_order': ['reselect_candidate', 'support_correction'], 'exact_compute_match': False}",True,0,0.009571590489792224,0.009571590489792224,3.3718962152000977,3.3718962152000977,0.0,0.0,0.008956529413911896,6.526449762051925,0.0
native-fd102487ad05f67cadd75d54e90d93b7e54500ee005b6acad9e031f034a4dc0e,BM_BUDGET_MATCHED_NATIVE,/group/worldcept/code/SimAny/outputs/icra2027/20260907-73ff4ab-v4/sim_recon_sim/scale_up/test_context/slot-84decad2e6d417ee3906/BM/build_manifest.json,5d80032011d1669faa5fd12748e2def85f383bdf1d8f688a10c3dcd457592f16,True,,,True,"{'actions': ['support_correction', 'reselect_candidate'], 'maximum_calls_per_target_dependency': 2, 'support_arguments': 'recomputed from current candidate and same public TRAIN support', 'reselection_arguments': 'other initial generator relative to B3 lineage; retry inherits initial parent tool; same for B4/BM', 'b4_reason_priority': [['public_observation_residual', 'reselect_candidate'], ['initial_penetration', 'support_correction'], ['native_destination_access', 'reselect_candidate'], ['approach_corridor_proxy', 'reselect_candidate'], ['transport_corridor_proxy', 'reselect_candidate'], ['settle_translation', 'support_correction'], ['settle_rotation', 'reselect_candidate']], 'bm_order': ['reselect_candidate', 'support_correction'], 'exact_compute_match': False}",True,1,0.009571590489792224,0.009571590489792224,3.3718962152000977,3.3718962152000977,0.0,0.0,0.008956529413911896,10.664496509823948,3.058938605012372
native-fd6251ae49e98b923b5827c16c521404e515c02970f7620cade9d30200d5f49a,B3_AGENT_NATIVE,/group/worldcept/code/SimAny/outputs/icra2027/20260907-73ff4ab-v6/sim_recon_sim/scale_up/test_context/slot-9a5ff8adff659416b624/B3/build_manifest.json,8027b2cafc8a51e7907fd1a438313da76f5087805af71fb612c762a916712899,False,,,False,"{'actions': ['support_correction', 'reselect_candidate'], 'maximum_calls_per_target_dependency': 2, 'support_arguments': 'recomputed from current candidate and same public TRAIN support', 'reselection_arguments': 'other initial generator relative to B3 lineage; retry inherits initial parent tool; same for B4/BM', 'b4_reason_priority': [['public_observation_residual', 'reselect_candidate'], ['initial_penetration', 'support_correction'], ['native_destination_access', 'reselect_candidate'], ['approach_corridor_proxy', 'reselect_candidate'], ['transport_corridor_proxy', 'reselect_candidate'], ['settle_translation', 'support_correction'], ['settle_rotation', 'reselect_candidate']], 'bm_order': ['reselect_candidate', 'support_correction'], 'exact_compute_match': False}",True,0,0.0336489988867717,0.0336489988867717,33.691165802560796,33.691165802560796,0.0,0.0,0.013541092297815792,6.917016322957352,0.0
native-fd6251ae49e98b923b5827c16c521404e515c02970f7620cade9d30200d5f49a,B4_ROOM_REPAIR_NATIVE,/group/worldcept/code/SimAny/outputs/icra2027/20260907-73ff4ab-v6/sim_recon_sim/scale_up/test_context/slot-9a5ff8adff659416b624/B4/build_manifest.json,79fb096f4bcd4af1281363c4fbf5cfe5225300eceb8ce2b54d2c798bba7b9595,False,,,True,"{'actions': ['support_correction', 'reselect_candidate'], 'maximum_calls_per_target_dependency': 2, 'support_arguments': 'recomputed from current candidate and same public TRAIN support', 'reselection_arguments': 'other initial generator relative to B3 lineage; retry inherits initial parent tool; same for B4/BM', 'b4_reason_priority': [['public_observation_residual', 'reselect_candidate'], ['initial_penetration', 'support_correction'], ['native_destination_access', 'reselect_candidate'], ['approach_corridor_proxy', 'reselect_candidate'], ['transport_corridor_proxy', 'reselect_candidate'], ['settle_translation', 'support_correction'], ['settle_rotation', 'reselect_candidate']], 'bm_order': ['reselect_candidate', 'support_correction'], 'exact_compute_match': False}",False,2,0.0336489988867717,0.026650031000927613,33.691165802560796,36.7271036518647,0.0,0.0,0.007135625291475633,12.443095391849056,5.913251902908087
native-fd6251ae49e98b923b5827c16c521404e515c02970f7620cade9d30200d5f49a,BM_BUDGET_MATCHED_NATIVE,/group/worldcept/code/SimAny/outputs/icra2027/20260907-73ff4ab-v6/sim_recon_sim/scale_up/test_context/slot-9a5ff8adff659416b624/BM/build_manifest.json,ba60fc198da43b5b88031a9809dd38488bc34957d9f99cba8484173e8ae720fc,False,,,True,"{'actions': ['support_correction', 'reselect_candidate'], 'maximum_calls_per_target_dependency': 2, 'support_arguments': 'recomputed from current candidate and same public TRAIN support', 'reselection_arguments': 'other initial generator relative to B3 lineage; retry inherits initial parent tool; same for B4/BM', 'b4_reason_priority': [['public_observation_residual', 'reselect_candidate'], ['initial_penetration', 'support_correction'], ['native_destination_access', 'reselect_candidate'], ['approach_corridor_proxy', 'reselect_candidate'], ['transport_corridor_proxy', 'reselect_candidate'], ['settle_translation', 'support_correction'], ['settle_rotation', 'reselect_candidate']], 'bm_order': ['reselect_candidate', 'support_correction'], 'exact_compute_match': False}",False,2,0.0336489988867717,0.016884576900529927,33.691165802560796,36.82731594451399,0.0,0.0,0.016862099246559875,12.762443834915757,5.793664570199326
